Date,Open,High,Low,Close,Volume,rsi_14,roc_10,macd_diff,atr_14,bb_width,daily_return,hl_spread,return_lag1,return_lag2,return_lag3,return_lag5,day_of_week,dax_return,ftse_return,nikkei_return,vix_close,vix_change,target
2021-05-14,385.9310346899563,389.9284800362055,385.9030163453545,389.07855224609375,82201600,54.55446563012435,-0.1725422864061014,-1.110584869999542,4.520319889832764,3.458466019511709,0.015355131465973892,0.010346146472511962,0.012012517616397878,-0.021244964814442047,-0.008925058901010696,0.007278137502890747,4,0.003264636541923105,-0.005896167146297038,-0.024851221505010734,18.809999465942383,-0.18677042159827906,0
2021-05-17,387.9671376698497,388.90112049078533,386.0711251805724,388.0885314941406,65129200,53.13180116012157,-0.6408515977184615,-0.9270088301748047,4.412256116667664,3.4561835971961106,-0.002544526667527358,0.007292138469842101,0.015355131465973892,0.012012517616397878,-0.021244964814442047,-0.009902406400554842,0,0.01427398243898037,0.011531931012749741,0.02318787201457062,19.719999313354492,0.048378515324243754,0
2021-05-18,388.3500945443385,388.59293922934893,384.5861444411635,384.74493408203125,59810200,48.52894507941115,-0.8854281479767057,-0.998051880644089,4.383294593204646,3.4680516052050554,-0.008615553258522035,0.010414158662661212,-0.002544526667527358,0.015355131465973892,0.012012517616397878,-0.008925058901010696,1,-0.0012985664649708406,-0.0015191372542657788,-0.009244989081140464,21.34000015258789,0.08215014683780053,0
2021-05-19,380.05643027394746,383.91375668350884,378.5713720050292,383.7362976074219,106467100,47.200555859807245,-1.1761699965875312,-1.0736745357616695,4.511170842047316,3.625635397816741,-0.002621571813585799,0.013922020699603192,-0.008615553258522035,-0.002544526667527358,0.015355131465973892,-0.021244964814442047,2,-0.0006520937053771103,0.0001848871712673006,0.02091692074995133,22.18000030517578,0.0393627060253805,1
2021-05-20,384.61413970744456,389.1252929926565,384.49274587512184,387.8644104003906,78022200,52.88496791943335,-0.9043911933803302,-0.8179408744863064,4.573872595132125,3.5497499580316054,0.010757681300172406,0.011943728254810783,-0.002621571813585799,-0.008615553258522035,-0.002544526667527358,0.012012517616397878,3,-0.017744067000349917,-0.011941656146775115,-0.012757160845532467,20.670000076293945,-0.06807936014903804,0
2021-05-21,389.34945519441624,390.59166843930177,387.089232490251,387.546875,76578700,52.41749362939954,-1.7009524045428086,-0.6497721037884012,4.497341406126314,3.5478306743431283,-0.0008186762999544683,0.009037451144589355,0.010757681300172406,-0.002621571813585799,-0.008615553258522035,0.015355131465973892,4,0.016984760877691185,0.010014043828829644,0.0019184110492007633,20.149999618530273,-0.02515725475782904,1
2021-05-25,392.5809879674503,392.9359060011208,390.04990249459644,390.62896728515625,57451400,56.05088685270419,0.9729433124721144,-0.08813361205135672,4.41723161718293,3.620207908808485,-0.0022187934235037288,0.007388093941373344,0.010194236836269743,-0.0008186762999544683,0.010757681300172406,-0.008615553258522035,1,0.004375332689588118,0.004773371643870927,0.0016519379043500315,18.84000015258789,0.023913072998898333,1
2021-05-26,391.21742785148024,391.90856610321015,390.1807204738854,391.40423583984375,43088600,57.06043975649305,3.3694207217359473,0.06841608667846888,4.2251326180502025,3.67031697510716,0.001984667343222224,0.004414478615994727,-0.0022187934235037288,0.010194236836269743,-0.0008186762999544683,-0.002621571813585799,2,0.0017865626350186403,-0.0030915384688356973,0.006676315941685607,17.360000610351562,-0.07855623833596592,1
2021-05-27,392.43165081383626,392.9453300641983,391.3295292083679,391.6097412109375,56707700,57.34017918592666,2.196062459667365,0.16347776175655393,4.038751777891645,3.633432928468736,0.000525046364541204,0.004126048680081383,0.001984667343222224,-0.0022187934235037288,0.010194236836269743,0.010757681300172406,3,-0.0009291971357868745,-0.00041251563690569704,0.003089200977479667,16.739999771118164,-0.035714332801561,1
2021-05-28,393.178808495256,393.44032258439506,392.07671544123446,392.3102111816406,58520200,58.33650821782443,0.830592927030025,0.24623153027341727,3.8810253204320673,3.727321535284063,0.00178869393937231,0.0034758390281339206,0.000525046364541204,0.001984667343222224,-0.0022187934235037288,-0.0008186762999544683,4,-0.002847068524379104,-0.0010245922286225007,-0.0032532320077169885,16.760000228881836,0.0011947704920629576,0
2021-06-01,394.67320566118025,394.81329741149153,391.525687491623,391.96466064453125,54216600,57.621558509963286,0.9987744640295168,0.24961705553279012,3.838638506106101,3.779554908143573,-0.0008808094392154242,0.008387516146130439,0.00178869393937231,0.000525046364541204,0.001984667343222224,0.010194236836269743,1,-0.006369246800054906,0.0004131091447019397,-0.009925760987069765,17.899999618530273,0.06801905573270361,1
2021-06-02,392.6183609466643,393.42160100863873,391.60967202316226,392.58099365234375,49097100,58.596241457192775,2.036689472990378,0.2638948616479484,3.693873540346842,3.880047966890633,0.001572419837030825,0.0046154271724143945,-0.0008808094392154242,0.00178869393937231,0.000525046364541204,-0.0022187934235037288,2,0.00948247436220484,0.008244795594024135,-0.001584896308367112,17.479999542236328,-0.023463691913108042,0
2021-06-03,390.26474464836855,392.263453151856,388.79838471410426,391.1239929199219,58138800,55.35505017624614,1.925201071298686,0.1513344868092248,3.7002117830534593,3.9107973984491657,-0.003711337930211056,0.00885925819043579,0.001572419837030825,-0.0008808094392154242,0.00178869393937231,0.001984667343222224,3,0.0022707516609552503,0.003883906503777901,0.004574138500646141,18.040000915527344,0.03203669267484277,1
2021-06-04,392.9733282256469,395.0000837788047,391.1894173616605,394.7012023925781,55938800,61.05139298303086,1.7626757724767559,0.28610161080669516,3.7127745741841287,4.0846027368751,0.009145972984041961,0.009654559940646028,-0.003711337930211056,0.001572419837030825,-0.0008808094392154242,0.000525046364541204,4,0.0019201767521479507,-0.006133947334869161,0.0038681754314182637,16.420000076293945,-0.089800485422317,0
2021-06-07,394.69185530536356,394.86931434784225,393.38428486307185,394.3182678222656,51555000,60.16639424870369,1.747244851933234,0.3154448795655971,3.5536499249402906,4.088939622952655,-0.0009701885071321525,0.003766068188957843,0.009145972984041961,-0.003711337930211056,0.001572419837030825,0.00178869393937231,0,0.0038528587279718085,0.0006511660891004301,-0.004012299707644051,16.420000076293945,0.0,1
2021-06-08,395.1775982610188,395.27100227691767,392.57180578573457,394.40240478515625,47134300,60.30255644607705,0.7419675141328815,0.3062607470208778,3.492617536814777,4.249105578483721,0.00021337323110914852,0.006843762762180523,-0.0009701885071321525,0.009145972984041961,-0.003711337930211056,-0.0008808094392154242,1,-0.0010036385631688738,0.001160021970929348,0.002685439616986196,17.06999969482422,0.039585847473210256,0
2021-06-09,395.242896577049,395.3176311744139,393.5897570222941,393.81390380859375,48436300,58.78883207486599,0.8153354692491405,0.22978562105923195,3.366564437907993,4.318029963463819,-0.0014921333374807721,0.004387539737448169,0.00021337323110914852,-0.0009701885071321525,0.009145972984041961,0.001572419837030825,2,-0.002331468432672401,0.0025292349869663333,-0.001918716239650009,17.889999389648438,0.048037475658119,1
2021-06-10,395.03735657865644,396.59712039384254,393.72043741207125,395.6444396972656,51020100,61.985354581923616,1.0833311112036348,0.26899631005597646,3.3315729053268006,3.6491777647205006,0.004648225649142024,0.007270879337954152,-0.0014921333374807721,0.00021337323110914852,-0.0009701885071321525,-0.003711337930211056,3,-0.003801642035632713,-0.00198730073743536,-0.003547898244716574,16.100000381469727,-0.10005584512285925,1
2021-06-11,396.1955848814836,396.410382721431,394.90668383020704,396.2983093261719,45570800,63.08674867948389,1.1972552318888603,0.30295594875784193,3.2010104757480264,3.4311864449239082,0.0016526698300285414,0.0037943611058566195,0.004648225649142024,-0.0014921333374807721,0.00021337323110914852,0.009145972984041961,4,-0.0006366621504476644,0.0010168331185567148,0.003387285278948715,15.649999618530273,-0.02795035728430051,1
2021-06-14,396.41041653956006,397.28836288118606,395.16823163226826,397.1856384277344,42358500,64.5862337965153,1.242747985429422,0.3460524507403768,3.123804816688725,3.6385243200325337,0.0022390433687977662,0.005337884968123152,0.0016526698300285414,0.004648225649142024,-0.0014921333374807721,-0.0009701885071321525,0,0.00783816597740894,0.006475536959876571,-0.00033945327182571816,16.389999389648438,0.047284331575444316,0
2021-06-15,397.33503853707737,397.3723773329353,395.5791460332352,396.45709228515625,51508500,62.34683573445997,1.146131805157593,0.2887064651329099,3.028763851189537,3.692948920068653,-0.0018342711117704802,0.004523140926459437,0.0022390433687977662,0.0016526698300285414,0.004648225649142024,0.00021337323110914852,1,-0.0012508472357153355,0.0017661789831613373,0.007360264476192091,17.020000457763672,0.0384381385952417,0
2021-06-16,396.59718555484613,396.8213323424478,392.19813383077667,394.2435302734375,80386100,55.99420339042805,0.42348882089947415,0.07598298158963424,3.1426520412239376,3.3024818998668595,-0.005583358337619582,0.011726758099149054,-0.0018342711117704802,0.0022390433687977662,0.0016526698300285414,-0.0014921333374807721,2,0.003565214210986989,0.0036100303612038864,0.00958445612109493,18.149999618530273,0.06639242834163106,0
2021-06-17,393.8325789844645,395.0934330875437,391.63771348560346,394.1127624511719,90949700,55.63356655052179,0.7641488595310787,-0.09023091218217472,3.165014009846531,2.6059351317775636,-0.0003316930075553115,0.00876835243915347,-0.005583358337619582,-0.0018342711117704802,0.0022390433687977662,0.004648225649142024,3,-0.0012046915172680972,0.0017427675148136146,-0.005104768187440767,17.75,-0.022038546938694892,0
2021-06-18,390.8293780050055,391.5227773326563,388.5898708974102,388.7960205078125,118676300,43.3957576485559,-1.4961144909034776,-0.549331387685069,3.333433834411898,2.5175066360610012,-0.013490407948963834,0.007543560840502861,-0.0003316930075553115,-0.005583358337619582,-0.0018342711117704802,0.0016526698300285414,4,0.0010884142990910117,-0.004398065087856673,-0.009309330394611681,20.700000762939453,0.166197226081096,1
2021-06-21,390.55768603100165,394.54947970964827,389.74246700562156,394.362060546875,72822000,54.64404719671273,0.011105933501694643,-0.472174933601625,3.5062927892278886,2.177793762453482,0.014316093132312968,0.012189338643176423,-0.013490407948963834,-0.0003316930075553115,-0.005583358337619582,0.0022390433687977662,0,-0.017779485721758026,-0.018997945620127243,-0.001869507992153352,17.889999389648438,-0.13574885360979994,1
2021-06-22,394.35261904344696,397.3042843043094,393.63108116900446,396.4703063964844,57700300,58.04485684506255,0.5243126274685312,-0.28253985884300903,3.518214956804822,2.2331138417300087,0.0053459651942324715,0.009264762268555935,0.014316093132312968,-0.013490407948963834,-0.0003316930075553115,-0.0018342711117704802,1,0.010046594578992263,0.006384012068044065,-0.032908015309102256,16.65999984741211,-0.06875347032979973,0
2021-06-23,396.54531142259333,397.35115077864344,395.9081321276498,395.9924621582031,49445400,57.00161506026516,0.5531948792412937,-0.1967406100350788,3.3699866492468793,2.1757703260739105,-0.0012052459681644034,0.0036440558568438634,0.0053459651942324715,0.014316093132312968,-0.013490407948963834,-0.005583358337619582,2,0.0021207033444952117,0.003922262730069015,0.03117358765370315,16.31999969482422,-0.020408172611160347,1
2021-06-24,398.1383434268328,398.75676373658587,397.88532470396706,398.3351135253906,45110300,60.72817651443786,0.6800737121906267,-7.553170207796889e-05,3.3267234298994413,2.3024562294270927,0.005915898889639948,0.0021877032755317524,-0.0012052459681644034,0.0053459651942324715,0.014316093132312968,-0.0003316930075553115,3,-0.011507842875434937,-0.0022425814307123204,-0.00031990695582939654,15.970000267028809,-0.021446043770847023,1
2021-06-25,399.0846801731096,400.1997582443463,398.75671098813206,399.7499694824219,58129500,62.8237869009668,0.8709752413829057,0.19655902894450228,3.222289236260601,2.5154551277934822,0.003551923767175058,0.003609874587564409,0.005915898889639948,-0.0012052459681644034,0.0053459651942324715,-0.013490407948963834,4,0.008594556900674899,0.005074836636202562,1.1769525100957523e-05,15.619999885559082,-0.021916116193956947,1
2021-06-28,400.2747470575294,400.72450723423236,399.075338926079,400.55584716796875,53159600,64.0020672183852,0.8485223064900835,0.34355498471552126,3.1099234556815136,2.766421322558945,0.0020159543391342627,0.004117199436266916,0.003551923767175058,0.005915898889639948,-0.0012052459681644034,0.014316093132312968,0,0.0012020643257577568,0.0036708998110055457,0.006612907175118643,15.760000228881836,0.008962890163154658,1
2021-06-29,400.9400223650543,401.577201657203,400.23724351738144,400.7713623046875,35970500,64.32768498994281,1.088206038808397,0.4132740637334309,2.9834973616915152,2.9360061851487393,0.0005380401715329164,0.0033434478255031266,0.0020159543391342627,0.003551923767175058,0.005915898889639948,0.0053459651942324715,1,-0.003446318772066581,-0.00884237844098823,-0.0006247864853670126,16.020000457763672,0.01649747621230091,1
2021-06-30,400.31218470097116,401.7833419176221,400.2840746915639,401.1086730957031,64827900,64.86339222152739,1.7413457153004217,0.43773348310934823,2.8774809234319956,3.0968135149915144,0.0008416539272564361,0.0037378080470987893,0.0005380401715329164,0.0020159543391342627,0.003551923767175058,-0.0012052459681644034,2,0.008770000025113855,0.002064201563162671,-0.00810417233425309,15.829999923706055,-0.011860207779553322,1
2021-07-01,401.8677204331776,403.48880742764095,401.8021208712644,403.3294982910156,53441000,68.24467576038413,2.3386037494752903,0.5517466273627578,2.8419561668966975,3.2866475841054217,0.005536716965435895,0.00418190725826746,0.0008416539272564361,0.0005380401715329164,0.0020159543391342627,0.005915898889639948,3,-0.010168502667925683,-0.007068697015343406,-0.0007316268322191677,15.479999542236328,-0.02210994208190664,1
2021-07-02,404.49140558885847,406.76840218909126,403.41378848033645,406.4123229980469,57697700,72.23845881747434,4.53098837463034,0.7696668068851387,2.884595290552336,3.899222116964913,0.00764343971887449,0.008254212579009159,0.005536716965435895,0.0008416539272564361,0.0005380401715329164,0.003551923767175058,4,0.004685425513486274,0.012461839476021419,-0.002934551808756125,15.069999694824219,-0.026485779039815083,0
2021-07-06,406.468546524495,406.68407566728763,402.93592178588835,405.67205810546875,68710400,69.96304887469473,2.8679223206486446,0.7955552940405575,2.946278047041403,4.25902883383273,-0.0018214627133283923,0.009239369107410427,0.00764343971887449,0.005536716965435895,0.0008416539272564361,0.0020159543391342627,1,0.0007590935854751013,0.0058400037618626666,-0.006430464084406617,16.440000534057617,0.09090914843906228,1
2021-07-07,406.35618496076756,407.38693319644403,404.3415575796705,407.1058044433594,63549500,71.81479813951961,2.682545924697605,0.8366520058195674,2.953356444879412,4.648175658766738,0.0035342496709938054,0.007480550715648736,-0.0018214627133283923,0.00764343971887449,0.005536716965435895,0.0005380401715329164,2,-0.009615000308332955,-0.00893243462885851,0.0015742774362970113,16.200000762939453,-0.014598525749495717,0
2021-07-08,401.7833895422592,404.5476647115918,400.60271181491555,403.7886657714844,97595200,62.252560333871834,1.968775761738259,0.5800292990716409,3.206909029419727,4.667266212222382,-0.008148099672542264,0.009769845543185182,0.0035342496709938054,-0.0018214627133283923,0.00764343971887449,0.0008416539272564361,3,0.011690131986640706,0.007055457525843245,-0.0096449284039003,19.0,0.17283945093793274,1
2021-07-09,405.29729335492465,408.39888874783514,403.59187628680496,408.0990295410156,76238600,68.18130721284416,2.451181350599821,0.6357017973848773,3.321202131677617,5.013837339090816,0.010674801288183211,0.011779034285958915,-0.008148099672542264,0.0035342496709938054,-0.0018214627133283923,0.005536716965435895,4,-0.017337369592456686,-0.01682279467032588,-0.008774997972304632,16.18000030517578,-0.14842103656969574,1
2021-07-12,408.0147135517589,409.8138402584851,407.58368379970483,409.5608215332031,52889600,69.90750270358063,2.454247104379744,0.7009583466784264,3.243270297899233,5.407246936448528,0.0035819541002868327,0.005445238757046111,0.010674801288183211,-0.008148099672542264,0.0035342496709938054,0.00764343971887449,0,0.01733326536098545,0.012971639310129346,-0.0063165655432239065,16.170000076293945,-0.000618061105884915,0
2021-07-13,408.7736811446095,410.27294851905754,407.9022421705888,408.16461181640625,52911300,66.21263996490153,1.8995515112894725,0.5848125191915696,3.1809443015113397,5.627603529542748,-0.003409041205577501,0.005808211392748279,0.0035819541002868327,0.010674801288183211,-0.008148099672542264,-0.0018214627133283923,1,0.006538790023181695,0.0004914418972454815,0.02249785834044893,17.1200008392334,0.058750819941689736,1
2021-07-14,409.8606497735151,410.3479281135863,407.52743297051677,408.773681640625,64130400,67.03125192906785,1.9967293296405033,0.4876951020678777,3.155197933051211,5.796200400052606,0.0014922161465891204,0.006899894170655501,-0.003409041205577501,0.0035819541002868327,0.010674801288183211,0.0035342496709938054,2,-5.51038060464526e-05,-9.819898403451433e-05,0.005223165007877784,16.329999923706055,-0.04614491102809537,0
2021-07-15,407.4337224657248,408.10839135369446,405.4753153622365,407.37750244140625,55126400,63.24829485643361,1.5628755412644504,0.2785135155661713,3.165424243432448,5.697464911445457,-0.003415531043033715,0.006463479145701487,0.0014922161465891204,-0.003409041205577501,0.0035819541002868327,-0.008148099672542264,3,-4.1747608063080754e-05,-0.004701952234009821,-0.0038216129924504294,17.010000228881836,0.041641170137951544,0
2021-07-16,408.5582340881167,408.60507458251783,403.7887107543716,404.1822509765625,75874700,55.52517802555773,0.21142829601111537,-0.10538945450814774,3.283348499483432,5.418899066371914,-0.007843465693845753,0.011916316999346692,-0.003415531043033715,0.0014922161465891204,-0.003409041205577501,0.010674801288183211,4,-0.010090601658247156,-0.011168799798495832,-0.01151407809102778,18.450000762939453,0.08465611491366087,0
2021-07-19,399.35650617263855,404.24784908958907,395.40220190953943,398.21331787109375,147987000,44.57519618855387,-2.0174105613900215,-0.7554492534229147,3.6806555480953036,4.55986089122284,-0.014767924843426372,0.02221333838692225,-0.007843465693845753,-0.003415531043033715,0.0014922161465891204,0.0035819541002868327,0,-0.005716732484536524,-0.0005561754625997839,-0.009760206822427175,22.5,0.21951214469301195,1
2021-07-20,398.8785584072042,405.1942176052661,398.0820699298473,403.9198303222656,99608200,53.929386037303,-0.43193208607618017,-0.7914323063928848,3.925762128618409,4.121220789631123,0.014330290311935556,0.01760782002147403,-0.014767924843426372,-0.007843465693845753,-0.003415531043033715,-0.003409041205577501,1,-0.026196992611892567,-0.023358712494310208,-0.012510761058162068,19.729999542236328,-0.12311113145616315,1
2021-07-21,405.1191860628591,407.330611598549,403.87293754966424,407.1900329589844,64724400,58.27532440211167,0.02068958848183623,-0.5943134269301882,3.892327265780292,3.876756108583552,0.00809616758382381,0.00849154883226981,0.014330290311935556,-0.014767924843426372,-0.007843465693845753,0.0014922161465891204,2,0.0054892114599283115,0.005362076418114148,-0.009567951526051721,17.90999984741211,-0.09224529838067741,1
2021-07-26,411.65044900738826,413.26215663692216,411.6036085131249,413.2527770996094,43719200,65.32745458207935,0.9014425629349274,0.23298419444793916,3.652844353056331,3.7587173454409006,0.002454859995028258,0.004013398616308535,0.010287980896805493,0.0020943875136281154,0.00809616758382381,-0.014767924843426372,0,0.009974514204763363,0.008510008844461403,0.005836092780168833,17.579999923706055,0.02209297348319761,0
2021-07-27,412.21265274876606,412.2407627628377,408.5394488652319,411.36932373046875,67397100,61.58752022899101,0.7851518287685335,0.24310232650584718,3.7285932017221257,3.7262944324149143,-0.004557630277428615,0.008997544746508315,0.002454859995028258,0.010287980896805493,0.0020943875136281154,0.014330290311935556,1,-0.0032107115374775397,-0.0003130791852020698,0.010356071674894718,19.360000610351562,0.10125146156828113,0
2021-07-28,411.99714163798257,412.5781010183634,409.77636464052375,411.2006530761719,52472400,61.24934713808446,0.5937200814411914,0.19672895542672553,3.6623891428733764,3.62503386848805,-0.0004100224410690245,0.006813550408735929,-0.004557630277428615,0.002454859995028258,0.010287980896805493,0.00809616758382381,2,-0.006392900364865617,-0.004170553291596324,0.004919707488307168,18.309999465942383,-0.05423559459227267,1
2021-07-29,412.12830695326727,413.9836250033735,412.11892741688575,412.9060363769531,47435300,63.43546486169924,1.3571033997740347,0.23652813354167712,3.599573627468252,3.5822615215169087,0.004147326343047819,0.004516033727308887,-0.0004100224410690245,-0.004557630277428615,0.002454859995028258,0.0020943875136281154,3,0.0033011173394932314,0.0029302039298819693,-0.013891937106938479,17.700000762939453,-0.0333150584814359,0
2021-07-30,410.33861945094543,412.3532469313262,410.20742030714354,410.9008483886719,68951200,59.20606732651759,1.6622692846794427,0.09091317081204808,3.5352195162069187,3.515911722871809,-0.0048562816031361145,0.005222249193686131,0.004147326343047819,-0.0004100224410690245,-0.004557630277428615,0.010287980896805493,4,0.004502745820713416,0.008807656675223985,0.007278741181194093,18.239999771118164,0.03050841722613762,0
2021-08-02,412.6155215961337,413.1683708687938,409.6825865730587,410.0386657714844,58783300,57.43295442348682,2.969601309069886,-0.09054568335839974,3.5316884290303583,3.525048227456574,-0.0020982741227439927,0.008501111204175339,-0.0048562816031361145,0.004147326343047819,-0.0004100224410690245,0.002454859995028258,0,-0.006143043003486337,-0.006512785133965915,-0.01795488224307762,19.459999084472656,0.0668859281065497,1
2021-08-03,410.8352061543172,413.49639234731455,408.642539261414,413.37457275390625,58053900,62.15546270671011,2.3407472775221763,-0.016839778618066514,3.6261287616639426,3.6485033520790107,0.008135591252462548,0.011742021415502442,-0.0020982741227439927,-0.0048562816031361145,0.004147326343047819,-0.004557630277428615,1,0.0015658910296902917,0.007024784493981695,0.0182318269094619,18.040000915527344,-0.07297010461209863,0
2021-08-04,412.09080591322396,413.346434118997,411.10692688961086,411.3411865234375,46732200,57.936170216324214,1.0194634515701086,-0.12968269961192203,3.5290942689947604,3.6816296343647656,-0.0049189920340825255,0.005444403095916484,0.008135591252462548,-0.0020982741227439927,-0.0048562816031361145,-0.0004100224410690245,2,-0.0008767825130250317,0.0033890166680432543,-0.005010235602348256,17.969999313354492,-0.003880354690702914,1
2021-08-05,412.5030891792091,414.0304665079831,412.1844995210822,413.9461364746094,38969700,61.538251745930275,1.4467328230253087,-0.057232045924276775,3.4691075343912474,3.666035988774859,0.006332820628024871,0.004459437652014636,-0.0049189920340825255,0.008135591252462548,-0.0020982741227439927,0.004147326343047819,3,0.008810613895857244,0.002561282706981638,-0.002089224911548171,17.280000686645508,-0.03839725392733928,1
2021-08-06,414.2647578157139,415.0518667835452,413.983629086822,414.63018798828125,46930000,62.44765375982449,0.5796137576391888,0.00510224035258755,3.3002948754301475,3.829151879382852,0.001652513342672135,0.0025763625699954905,0.006332820628024871,-0.0049189920340825255,0.008135591252462548,-0.0048562816031361145,4,0.0033481776823709453,-0.0004913039273402031,0.005221818603051043,16.149999618530273,-0.06539357773223542,0
2021-08-10,414.7426584888019,415.5204165734043,414.05863858352615,414.8082580566406,43339300,62.43964030897815,0.83597247723437,-0.01162900516268417,3.0426787909871327,4.077761057409963,0.001244075008979273,0.0035239847845038733,-0.0008135956289879731,0.001652513342672135,0.006332820628024871,0.008135591252462548,1,-0.00101767533213859,0.0013056022304507309,0.0033150435270716816,16.790000915527344,0.004186698866484928,1
2021-08-11,415.87647880877864,415.9326988371535,414.75202104898426,415.8389892578125,44034300,63.990465404563444,1.127998252663623,0.02238827276844768,2.909678719357284,4.238089184024515,0.0024848377079107475,0.0028392666841474306,0.001244075008979273,-0.0008135956289879731,0.001652513342672135,-0.0049189920340825255,2,0.0016068050585178462,0.004023974888665904,0.002448282979473193,16.170000076293945,-0.03692679007897037,1
2021-08-12,415.68899640806853,417.2257532062454,414.78944749477773,417.0851745605469,38909400,65.82755772530788,1.0121281394342467,0.092314138164177,2.875866361650881,4.396716687070476,0.002996797642661031,0.005841266628655891,0.0024848377079107475,0.001244075008979273,-0.0008135956289879731,0.006332820628024871,3,0.0035115656143362983,0.008253050922531813,0.006538955522174206,15.59000015258789,-0.0358688881242718,1
2021-08-13,417.5349995492506,417.86296875743454,417.0477498031309,417.84423828125,39470300,66.93411504939891,1.6897969229818577,0.1497838171520982,2.728677261126079,4.349998759621706,0.0018199249625761027,0.0019510115962276921,0.002996797642661031,0.0024848377079107475,0.001244075008979273,0.001652513342672135,4,0.0070402685044153035,-0.003725696594217842,-0.0019768160549387126,15.449999809265137,-0.0089801373927193,1
2021-08-16,416.5417486330433,418.95929552799396,414.98626119675987,418.828125,73740000,68.3640942422648,2.1435683905512497,0.21043983516981335,2.817559908990937,3.438450022530589,0.002354673413224706,0.009486073389255053,0.0018199249625761027,0.002996797642661031,0.0024848377079107475,-0.0008135956289879731,0,0.0025054518961691308,0.003545014639884103,-0.001351744216446349,16.1200008392334,0.04336576299285588,0
2021-08-17,416.26997110737653,416.9446399663895,413.0934254851267,416.08258056640625,92673900,60.50121307259778,0.655097819505254,0.03143008160457583,3.025927023696819,2.901814754116005,-0.0065553010166014,0.009255889722708873,0.002354673413224706,0.0018199249625761027,0.002996797642661031,0.001244075008979273,1,-0.0032364358462209086,-0.00896285945695785,-0.016226132081418876,17.90999984741211,0.1110421163144204,0
2021-08-18,415.07059964436183,416.6354666486862,411.2849843863083,411.5285949707031,89351900,50.18982388082338,0.0455603410029418,-0.4038956730409211,3.1919666836026113,2.604526315454391,-0.01094490807450732,0.013001483560963272,-0.0065553010166014,0.002354673413224706,0.0018199249625761027,0.0024848377079107475,2,-0.00023736891974390772,0.0037881042292773337,-0.0035867481916704858,21.56999969482422,0.20435510209906327,1
2021-08-19,408.80177618265736,413.36517769933806,408.6612261268582,412.1657409667969,92812200,51.436895869961056,-0.4301031827414353,-0.6448483854001328,3.299965604236701,2.331685963315456,0.0015482423430117631,0.011412767013206966,-0.01094490807450732,-0.0065553010166014,0.002354673413224706,0.002996797642661031,3,0.002764707256964094,-0.0016432430697632672,0.00588669348891413,21.670000076293945,0.004636086364605774,1
2021-08-20,412.51255797213713,415.7734343527384,412.02527954568274,415.4454650878906,72008700,57.35550263380024,0.19662753056282947,-0.581227798845585,3.331979118723768,2.33586556698165,0.007957294348144073,0.00902201401154467,0.0015482423430117631,-0.01094490807450732,-0.0065553010166014,0.0018199249625761027,4,-0.012536673918214558,-0.015398979726244266,-0.011046952326347559,18.559999465942383,-0.1435164097555205,1
2021-08-23,417.13215804647064,420.00887376629044,415.5204503118759,419.0999450683594,54973000,62.796404770630495,1.160314117706335,-0.3048008862013343,3.419938372986343,2.577028214386091,0.008796533570767595,0.010709673210962693,0.007957294348144073,0.0015482423430117631,-0.01094490807450732,0.002354673413224706,0,0.0026786108611587256,0.0041082888837071785,-0.009820690338509741,17.149999618530273,-0.07596982155088206,1
2021-08-24,419.76519775390625,420.2993166380276,419.2498379439889,419.76519775390625,38744700,63.704245118589796,1.1949954228222652,-0.09955264634967298,3.2613264584636217,2.75354851904794,0.0015873366087852947,0.002500156515247838,0.008796533570767595,0.007957294348144073,0.0015482423430117631,-0.0065553010166014,1,0.0028308379716537324,0.0029769181205949735,0.017805715135165157,17.219999313354492,0.004081614949343004,1
2021-08-25,419.9525966891945,421.16135587884156,419.57775837696613,420.64599609375,40529700,64.92464234615221,1.1559779049379242,0.06430524918767322,3.1414886758501797,2.925252820672056,0.002098311971923339,0.0037646798414372458,0.0015873366087852947,0.008796533570767595,0.007957294348144073,-0.01094490807450732,2,0.0033470177919316946,0.0023631741014911167,0.008651243786784502,16.790000915527344,-0.024970871949668183,0
2021-08-26,420.3648595615522,420.5991192042751,418.0691322205563,418.162841796875,57829600,58.91079795212205,0.25838061433461085,-0.021195386012501594,3.1011583328032883,2.9544798786248037,-0.0059031925180182965,0.006050243423942856,0.002098311971923339,0.0015873366087852947,0.008796533570767595,0.0015482423430117631,3,-0.002841058744725289,0.003410184629768054,-0.0002631906068349954,18.84000015258789,0.12209643390577263,1
2021-08-27,418.96864575668053,422.27639048792906,418.91242573488046,421.9015808105469,77235100,64.27624432124546,0.9710179434294095,0.1386079713527968,3.1734719298212006,3.0912294992711002,0.008940868580302963,0.007973340006420075,-0.0059031925180182965,0.002098311971923339,0.0015873366087852947,0.007957294348144073,4,-0.004226812654836598,-0.0035104540235006976,0.0006307811330361623,16.389999389648438,-0.13004250228750225,1
2021-08-31,423.66320814660753,424.0005282697617,422.5293996044798,423.12908935546875,59300200,65.05989890513966,1.6935361195535286,0.35464337920018707,3.0166595660314153,3.425133142258226,-0.001481743515562739,0.003476784513971288,0.004397726387465051,0.008940868580302963,-0.0059031925180182965,0.0015873366087852947,1,0.002243258335041798,0.00322807017543858,0.00535970781777384,16.479999542236328,0.01791222968576589,1
2021-09-01,424.0661623524176,424.58152211457764,423.11974426960506,423.35400390625,48721400,65.37012169719847,2.8735327459781335,0.34188748601150376,2.905596585955784,3.4254095489513374,0.0005315506696168537,0.0034528499352430315,-0.001481743515562739,0.004397726387465051,0.008940868580302963,0.002098311971923339,2,-0.0032868829257333143,-0.003959122088346367,0.010804522538331751,16.110000610351562,-0.022451392121492608,1
2021-09-02,424.77834425136786,425.4623641266029,423.45711639620544,424.6565246582031,42501000,67.18708493784743,3.030524483210864,0.3701384048316432,2.8486511312698632,3.618440665327702,0.0030766704458558003,0.004722046204309324,0.0005315506696168537,-0.001481743515562739,0.004397726387465051,-0.0059031925180182965,3,-0.000682017266341095,0.004227651242227459,0.012868864382064027,16.40999984741211,0.018621925865588196,0
2021-09-03,423.52262536581486,425.0687330030788,423.1196771216606,424.5533447265625,47170500,66.88769536123601,2.1923165382837997,0.33205848518830994,2.7843943277090335,3.760641921093745,-0.0002429726747367189,0.004590838596910722,0.0030766704458558003,0.0005315506696168537,-0.001481743515562739,0.008940868580302963,4,0.0010300496671422632,0.0019720968476635292,0.0032508583487986797,16.40999984741211,0.0,0
2021-09-07,424.20669853552585,424.30040810634716,422.3607315153163,423.035400390625,51671500,62.476912007469274,0.9390254922662213,0.16335610575878023,2.7421242479616903,3.7352756802413913,-0.003575391301922637,0.004585140130683669,-0.0002429726747367189,0.0030766704458558003,0.0005315506696168537,0.004397726387465051,1,0.00956327275537805,0.006836306964635996,0.018256634618943668,18.139999389648438,0.1054234953274027,0
2021-09-08,422.5013500889307,423.23223905655976,420.5991342695839,422.52008056640625,56181900,61.00612884491253,0.6562913808102528,-0.014761410974335476,2.734337143605561,3.6737930806526577,-0.0012181482300132052,0.006231904489476779,-0.003575391301922637,-0.0002429726747367189,0.0030766704458558003,-0.001481743515562739,2,-0.005588099561304127,-0.005259390575123146,0.008639613788191447,17.959999084472656,-0.009922839648963677,0
2021-09-09,422.3233777220508,424.0756356160479,420.46803069514914,420.711669921875,57970400,56.02196490522429,0.015612612204767826,-0.2719313298302768,2.7967134134122196,3.591441995243996,-0.004280058458066671,0.008575005588907725,-0.0012181482300132052,-0.003575391301922637,-0.0002429726747367189,0.0005315506696168537,3,-0.014694707447129862,-0.007539080633338191,0.00886044479542547,18.799999237060547,0.04677061221646239,0
2021-09-10,422.64186111668704,423.0635112920505,417.27262011455633,417.3944396972656,89948200,48.236911646034265,-0.18375666673478144,-0.6608380449539109,3.0105832537037887,3.5815924732986684,-0.007884806773307163,0.013873905895091215,-0.004280058458066671,-0.0012181482300132052,-0.003575391301922637,0.0030766704458558003,4,0.000824464196802488,-0.010048594840039504,-0.0057327548829401165,20.950000762939453,0.11436178793244811,1
2021-09-13,420.3929414709391,420.65531109155603,416.1481298650124,418.4626159667969,83738600,50.6166844165959,-0.8151106798754215,-0.8305551182425619,3.117483108906636,3.5688329747108103,0.0025591530886373004,0.010770809755921602,-0.007884806773307163,-0.004280058458066671,-0.0012181482300132052,-0.0002429726747367189,0,-0.0008539135820202493,0.0007118248143520578,0.01245161395720551,19.3700008392334,-0.07541765470963968,0
2021-09-14,419.9056916877061,420.11184130334044,415.31420871709963,416.20440673828125,78197100,45.82064798437388,-1.7822907920389,-1.0643806693358822,3.237493785859077,3.64195077707783,-0.0053964419815575315,0.011527106653768972,0.0025591530886373004,-0.007884806773307163,-0.004280058458066671,-0.003575391301922637,1,0.005868768042931682,0.005576695206005233,0.0021568574257520012,19.459999084472656,0.004646269558077121,1
2021-09-15,416.6260619263352,420.1774459218341,415.5203633365021,419.6808166503906,78792200,53.17607777531534,-0.8149457912077624,-0.9577347152765867,3.338892985821427,3.5570104102946263,0.00835265041846478,0.011096724940876906,-0.0053964419815575315,0.0025591530886373004,-0.007884806773307163,-0.0012181482300132052,2,0.0013737810088085833,-0.004852555763876221,0.007315261549242225,18.18000030517578,-0.06577589103373593,0
2021-09-16,419.15605298019295,420.1305523944603,416.0638088883506,419.0155029296875,77786700,51.72868672013323,-1.0247927116624704,-0.9054106302312674,3.390882308699163,3.069964577796256,-0.0015852850411729458,0.00970547265596554,0.00835265041846478,-0.0053964419815575315,0.0025591530886373004,-0.004280058458066671,3,-0.006804700173449696,-0.0025021107763470996,-0.005164269888011219,18.690000534057617,0.0280528173993837,0
2021-09-17,418.24282930799984,418.6658303177403,414.5766484303606,414.9338684082031,118425000,43.84419037654042,-2.28953417301796,-1.1058353536794767,3.465737465172573,2.7817636505608525,-0.009741010757230328,0.009855020760457325,-0.0015852850411729458,0.00835265041846478,-0.0053964419815575315,-0.007884806773307163,4,0.0022893186475410054,0.001567733200313448,-0.006173730936814947,20.809999465942383,0.11342958112931156,0
2021-09-21,410.3558724154265,411.6531328768098,407.1033403647797,407.6297607421875,92526100,33.85833194487259,-3.64169041981171,-1.9159031939116602,4.0951595598382,4.4751431095241685,-0.0009448128190575611,0.011161580802506057,-0.016674005536550296,-0.009741010757230328,-0.0015852850411729458,-0.0053964419815575315,1,-0.023118555404403995,-0.008573179745429815,0.005827555223486547,24.360000610351562,-0.05250869397877245,1
2021-09-22,409.9046386502538,413.64601007748894,407.74255702757415,411.6061096191406,102350100,42.14435544225396,-2.5830656220255803,-1.748807992677655,4.232380258085574,4.760156907029313,0.009754805119511545,0.01434248159090072,-0.0009448128190575611,-0.016674005536550296,-0.009741010757230328,0.00835265041846478,2,0.014305435563424007,0.0111676152242699,-0.021650450633214913,20.8700008392334,-0.14326763890289562,1
2021-09-24,414.97146438680744,418.00780541065916,414.7552447526697,417.2933654785156,62094800,51.575267370198226,-0.024215516340684532,-0.8132769359869326,4.319992716517439,4.780706870157051,0.0016472324926517512,0.007794422166908224,0.012149982624664046,0.009754805119511545,-0.0009448128190575611,-0.009741010757230328,4,0.008849667313268972,-0.0007058757191367171,-0.006712884963750332,17.75,-0.04723559851896364,0
2021-09-27,416.2593696919336,417.4250108387706,415.40392931593607,416.0995788574219,61371100,49.624156596868794,-0.5646949140045754,-0.5810147035762256,4.155784774111519,4.760549351572845,-0.0028607850492059494,0.0048572063648424915,0.0016472324926517512,0.012149982624664046,0.009754805119511545,-0.016674005536550296,0,-0.007173353600394505,-0.0038002801077745563,0.020560812574425658,18.760000228881836,0.056901421345455505,0
2021-09-28,413.3263982451864,413.65541814858807,406.9811250466519,407.71435546875,130436300,38.583109204333006,-2.03987539105274,-0.9397122675765411,4.510261133872835,5.111683237099261,-0.020151963171164633,0.016370022326691675,-0.0028607850492059494,0.0016472324926517512,0.012149982624664046,-0.0009448128190575611,1,0.0027125007042025917,0.001687570352939094,-0.0002892675725691962,23.25,0.23933900406917985,1
2021-09-29,409.09628617290355,410.8353670849182,407.8366351647438,408.4006652832031,82329200,39.76441016888952,-2.6877929416021593,-1.0689426135390723,4.41102902546536,5.315309842145251,0.0016833103991740206,0.0073426225153058865,-0.020151963171164633,-0.0028607850492059494,0.0016472324926517512,0.009754805119511545,2,-0.020888841762483845,-0.00499756564480891,-0.0018551420982785283,22.559999465942383,-0.029677442325058756,0
2021-09-30,409.8764821735044,410.58151260645667,403.0705975741562,403.4090270996094,140506000,34.55809871760758,-3.7245580941421523,-1.4074899245483552,4.632449454525012,5.826608955609982,-0.012222404633284167,0.0186186092222619,0.0016833103991740206,-0.020151963171164633,-0.0028607850492059494,0.012149982624664046,3,0.007653835131071762,0.011397119640194298,-0.021192443109919412,23.139999389648438,0.02570921708494045,1
2021-10-01,405.1386734490561,409.8858665977476,401.61352150069314,408.20318603515625,129240100,42.36337301434785,-1.6221096626475844,-1.2317711796582764,4.892442000419974,5.713288189507669,0.011884114170710225,0.020265263427762744,-0.012222404633284167,0.0016833103991740206,-0.020151963171164633,0.0016472324926517512,4,-0.006806200265462747,-0.0030669216355394546,-0.0031014083993072816,21.100000381469727,-0.0881589914428128,0
2021-10-04,407.03752756364304,407.9399583912579,400.79564501055677,402.93896484375,128570000,37.12702189135885,-1.2441431627773667,-1.3820267667002173,5.07209193071851,5.865351528753758,-0.012896080607643468,0.01773051008723251,0.011884114170710225,-0.012222404633284167,0.0016833103991740206,-0.0028607850492059494,0,-0.006831276768264449,-0.008368114346452127,-0.023141877172862535,22.959999084472656,0.08815159570501252,1
2021-10-05,404.4430607487151,409.3782739253751,403.64404918460883,407.131591796875,90682500,43.153690107867355,-0.12221113208355155,-1.1220562294476135,5.169750298640408,5.68491347764684,0.010405116702354222,0.014084450473268985,-0.012896080607643468,0.011884114170710225,-0.012222404633284167,-0.020151963171164633,1,-0.007910209891048403,-0.0022911439189005067,-0.011337071716733704,21.299999237060547,-0.07229964780507026,1
2021-10-06,403.53123602954014,409.03047952232674,401.9049840791868,408.82366943359375,113032200,45.4272572264372,-0.6759958417822001,-0.7756138125499703,5.309446380390374,5.366526609079939,0.004156095156484296,0.01742926345975019,0.010405116702354222,-0.012896080607643468,0.011884114170710225,0.0016833103991740206,2,0.01050376793473351,0.009428055577841876,-0.021893966568029333,21.0,-0.014084471727988102,1
2021-10-07,412.1043841974191,415.1970969045478,411.92577420062315,412.3581848144531,72437500,49.931905040009354,-1.0198894148592428,-0.27378572736233187,5.385445029716349,5.052614299806606,0.008645574229486863,0.0079332066741845,0.004156095156484296,0.010405116702354222,-0.012896080607643468,-0.012222404633284167,3,-0.014555286346471963,-0.011473653642314785,-0.010540174834195337,19.540000915527344,-0.06952376592726939,0
2021-10-08,413.1289992900791,413.5144193283019,410.9762985644965,411.6061096191406,74557400,49.00498683866546,-1.3628915122705945,0.026192243671407933,5.182064725008424,4.916587204431918,-0.001823839620525347,0.0061663826276872665,0.008645574229486863,0.004156095156484296,0.010405116702354222,0.011884114170710225,4,0.018534973315184722,0.011735459169269324,0.005424915789752349,18.770000457763672,-0.039406367537669684,0
2021-10-11,410.9481219621356,413.8622533457,408.5604109808945,408.626220703125,65233300,45.40815124215151,-1.796050400920413,0.04169556821062015,5.190620270708216,4.731318844209646,-0.007239661526824537,0.012974797250363925,-0.001823839620525347,0.008645574229486863,0.004156095156484296,-0.012896080607643468,0,-0.002932980023347853,0.0024865919265681935,0.013394236949134442,20.0,0.06553007523916032,0
2021-10-12,409.54746158614824,409.9516721203581,406.83073074231044,407.620361328125,71181200,44.22810104840126,-0.02305391982505368,0.003965906607066749,5.042786064089607,4.665994971031435,-0.0024615634632285666,0.007656490386983891,-0.007239661526824537,-0.001823839620525347,0.008645574229486863,0.010405116702354222,1,-0.0004596984524577463,0.0072298049469339265,0.0160169965205208,19.850000381469727,-0.007499980926513716,1
2021-10-13,408.64503280690064,409.90468374251765,405.6651202312037,409.08685302734375,72974000,46.41455592430543,0.1680182728558466,0.09261932238047388,4.985413024605633,4.247342457655668,0.0035976900036116533,0.010363480224163054,-0.0024615634632285666,-0.007239661526824537,-0.001823839620525347,0.004156095156484296,2,-0.0034389796040444898,-0.0023366364800734285,-0.009389710616309555,18.639999389648438,-0.060957227635665134,1
2021-10-14,412.7529748558683,416.1183359496485,412.28295460047235,415.9679260253906,70236800,55.27467964509146,3.1131923388219613,0.601174674930282,5.131560874441284,3.9954247382906436,0.016820567434825184,0.009220377604166613,0.0035976900036116533,-0.0024615634632285666,-0.007239661526824537,0.008645574229486863,3,0.006767719326296939,0.00162682800724534,-0.0031997211581622498,16.860000610351562,-0.09549349987025113,1
2021-10-15,418.0829930190192,419.50246328838506,417.46256287521214,419.1358337402344,66260200,58.66334961289934,2.6782367406942673,1.1079213822385479,5.0174877593379374,4.316456113353331,0.007615749957246454,0.004866919621186992,0.016820567434825184,0.0035976900036116533,-0.0024615634632285666,-0.001823839620525347,4,0.013990066834812964,0.009227420598060698,0.014592974941460612,16.299999237060547,-0.033214789621489715,1
2021-10-18,417.34977745930763,420.71510979062344,416.6917376412568,420.376708984375,62213200,59.94358027632824,4.327639087321063,1.4614660786717226,4.9464795014828455,4.758346252028352,0.0029605563262569135,0.009570873132070206,0.007615749957246454,0.016820567434825184,0.0035976900036116533,-0.007239661526824537,0,0.008060718114542675,0.0036488483115049153,0.01813255041224293,16.309999465942383,0.0006135110030618396,1
2021-10-19,422.00303260856737,423.6856846027925,421.39198327728565,423.6199035644531,46996800,63.15543535340829,4.049872842047695,1.8249056909316121,4.829514938406748,5.373960815184276,0.0077149720970832725,0.0054145268109619445,0.0029605563262569135,0.007615749957246454,0.016820567434825184,-0.0024615634632285666,1,-0.007242446601209429,-0.004174757438830556,-0.0014851033777215639,15.699999809265137,-0.037400348047283094,1
2021-10-20,424.0804408117706,425.5845112268091,423.96764055100016,425.28369140625,49571600,64.71837433805219,4.0261910459981065,2.0705417622400293,4.624878704403124,6.070363322836854,0.003927548795033653,0.0038018638111012378,0.0077149720970832725,0.0029605563262569135,0.007615749957246454,0.0035976900036116533,2,0.002672812205739339,0.0019018012276779128,0.006547995711739141,15.489999771118164,-0.013375798770586256,1
2021-10-21,424.68209422675085,426.618575397613,424.2496836213109,426.3929748535156,41305400,65.7612109277927,3.403543461948662,2.1893578490222607,4.463736780967334,6.692157397260277,0.002608337610120026,0.005555653859250098,0.003927548795033653,0.0077149720970832725,0.0029605563262569135,0.016820567434825184,3,0.00045694260083428695,0.000775905459819981,0.001370204967848787,15.010000228881836,-0.03098770492762115,0
2021-10-22,425.96058146063757,427.40825194853414,424.0052810402493,425.951171875,58845100,64.9379508731368,3.4851431795152092,2.1184803893394037,4.387967790061441,7.176339084962057,-0.0010361403788780033,0.00798911033230698,0.002608337610120026,0.003927548795033653,0.0077149720970832725,0.007615749957246454,4,-0.003244257640698911,-0.0045410270555981125,-0.01869630509487985,15.430000305175781,0.02798135042568428,1
2021-10-25,427.0416019944035,428.56446303148596,425.26494034706053,428.2354431152344,45214500,67.22272760852212,4.798816477897012,2.101565445965281,4.31022171108744,7.803436232663474,0.0053627537404796755,0.0077049266646935476,-0.0010361403788780033,0.002608337610120026,0.003927548795033653,0.0029605563262569135,0,0.004551341238499207,0.0019888312528257845,0.003353336563076903,15.239999771118164,-0.012313709027853004,1
2021-10-26,429.78651931328756,430.99915087837957,428.2448391545924,428.620849609375,56075100,67.60627881543297,5.151972343291529,1.9933888669123145,4.199756429091565,8.220580176288452,0.0008999873792252533,0.006425986338035864,0.0053627537404796755,-0.0010361403788780033,0.002608337610120026,0.0077149720970832725,1,0.003618997020107706,0.002526123141403769,-0.007097396997291061,15.979999542236328,0.04855641615694517,0
2021-10-27,429.0815570599391,429.74897787469854,426.64682658288626,426.7220458984375,72438000,63.65421938452635,4.310867665530918,1.6833657622694793,4.121356062143044,8.407844619254854,-0.004430031139801005,0.007269723515879956,0.0008999873792252533,0.0053627537404796755,-0.0010361403788780033,0.003927548795033653,2,0.010117749197864567,0.007587126107688302,0.017678054496869322,16.979999542236328,0.0625782245710913,1
2021-10-28,428.1508248045862,430.91454608380144,428.1414439075538,430.83935546875,51437900,68.01974455337043,3.5751384933586503,1.6431786530278636,4.126437785230251,8.44503732147849,0.009648691952729438,0.006436510827174793,-0.004430031139801005,0.0008999873792252533,0.0053627537404796755,0.002608337610120026,3,-0.0032525103920124643,-0.003339053072808462,-0.0002669390724652221,16.530000686645508,-0.026501700101433157,1
2021-10-29,428.5362813944523,432.0050333226642,428.2448711186631,431.713623046875,70162400,68.87463886880145,3.0008861791654624,1.5635176926492051,4.10027524371388,8.671755004488803,0.0020292193993600716,0.008709853021230205,0.009648691952729438,-0.004430031139801005,0.0008999873792252533,-0.0010361403788780033,4,-0.0006035659699719087,-0.0005238725531576671,-0.00955901073001686,16.260000228881836,-0.01633396530841069,1
2021-11-01,432.7006898838901,433.07672908555327,430.72662751397496,432.456298828125,48433600,69.61764351258157,2.8735154887467815,1.4513297921472188,3.975262838561339,8.390933185728173,0.0017202973026619883,0.0054343099590563,0.0020292193993600716,0.009648691952729438,-0.004430031139801005,0.0053627537404796755,0,-0.00048167608844673637,-0.0016414790459686746,0.0025190625625597374,16.40999984741211,0.009225068660444258,1
2021-11-02,432.6254811267831,434.51497189123603,432.4938616741639,434.2047424316406,48908400,71.35151098989104,2.498664198288085,1.3855135894432564,3.8383635688863165,8.358565338903206,0.004043052692846771,0.004654740078962472,0.0017202973026619883,0.0020292193993600716,0.009648691952729438,0.0008999873792252533,1,0.00749074091364621,0.007046534667826565,0.02611008664402492,16.030000686645508,-0.023156560895795986,1
2021-11-04,437.4572266750685,438.99890684181076,437.1094162853852,438.914306640625,52847100,75.53728511098873,2.936570845570566,1.4401707597902202,3.7320499005467958,8.71931040052078,0.004712437109174239,0.004304919041913722,0.006105206057820611,0.004043052692846771,0.0017202973026619883,0.009648691952729438,3,0.0003466288947471252,-0.0035602220046057065,-0.00425605783664007,15.4399995803833,0.022516502670477445,1
2021-11-05,441.1422252320449,442.43007618696566,438.92374331887703,440.43719482421875,66390600,76.76879944292088,3.400864677857919,1.442227479290045,3.7166013038177863,8.86238174871572,0.00346967086867056,0.007961028063236198,0.004712437109174239,0.006105206057820611,0.004043052692846771,0.0020292193993600716,4,0.004365288667578016,0.004276510976510606,0.009263563996403157,16.479999542236328,0.06735751231330078,1
2021-11-08,441.5370209098921,442.0352412122443,440.1269602027339,440.81317138671875,50405200,77.07563770860726,2.9371058546641176,1.3479736398044038,3.587435568510112,8.563175060271668,0.0008536439858355394,0.004329001793451949,0.00346967086867056,0.004712437109174239,0.006105206057820611,0.0017202973026619883,0,0.0015415158993081768,0.0033104984930480974,-0.006135348168045285,17.219999313354492,0.044902899980162614,0
2021-11-09,441.17988231787126,441.4148924790794,437.9461402046262,439.356201171875,51149100,73.0491391184111,2.5046265416821645,1.0782484639807839,3.5789581903631906,7.774688628391517,-0.003305187570190715,0.007895079812692213,0.0008536439858355394,0.00346967086867056,0.004712437109174239,0.004043052692846771,1,-0.0004883919471595499,-0.0004928939836048585,-0.0035296855299119523,17.780000686645508,0.03252040624976815,0
2021-11-10,437.6640963262321,439.3561866436364,434.336373208753,435.8216247558594,69429700,64.27643305827505,2.1324370148871172,0.5776351729531015,3.6818774598459627,6.630820058172797,-0.00804489934724495,0.011518045800722809,-0.003305187570190715,0.0008536439858355394,0.00346967086867056,0.006105206057820611,2,-0.00037701662816780335,-0.0036162268775542517,-0.007509725231191422,18.729999542236328,0.05343075471894454,1
2021-11-11,437.3162154925545,437.39143479469317,435.94376444998505,435.9625549316406,34848500,64.45970282725445,1.1891205847053183,0.19179435693369484,3.5310155012022366,5.984128953125345,0.00032336664308529883,0.0033206300135916744,-0.00804489934724495,-0.003305187570190715,0.0008536439858355394,0.004712437109174239,3,0.0017057076275759364,0.00910093419198521,-0.0061013770965168135,17.65999984741211,-0.057127587879079234,1
2021-11-12,437.2316347180003,439.80733651939306,436.2821846286871,439.2527160644531,53466700,68.52008924443102,1.7463180717740607,0.09865654224912213,3.553427364527251,5.613871401384102,0.007546889281186964,0.008025338857981469,0.00032336664308529883,-0.00804489934724495,-0.003305187570190715,0.00346967086867056,4,0.00095098550104189,0.005994386914419447,0.00587767119062077,16.290000915527344,-0.07757638412921752,1
2021-11-15,440.54063749790726,440.7004283336517,438.27513622509247,439.4031677246094,46980500,68.69620886802839,1.606374774817497,-0.0067320454765500415,3.4728462748152498,5.199144718487975,0.0003425173132776127,0.005519514392939597,0.007546889281186964,0.00032336664308529883,-0.00804489934724495,0.0008536439858355394,0,0.0006814577962797053,-0.004915941064516871,0.011343429308516617,16.489999771118164,0.012277399898743102,1
2021-11-16,439.1399514053057,442.2796835013746,439.0647607814874,441.1422424316406,48857500,70.73436805326062,1.5977485554737374,-0.01287698126065795,3.4544231637489626,5.028362330122923,0.003957811037268666,0.007287723574523496,0.0003425173132776127,0.007546889281186964,0.00032336664308529883,-0.003305187570190715,1,0.003390648535635865,0.0005443732295160597,0.0056342534005746625,16.3700008392334,-0.007277072986680122,0
2021-11-17,440.87897766963937,441.0575876528418,439.4501264917785,440.070556640625,47858300,67.80459353512379,0.7359192381972165,-0.13584261028035893,3.328544076328473,4.814607198668853,-0.0024293429373445363,0.0036527350826062463,0.003957811037268666,0.0003425173132776127,0.007546889281186964,-0.00804489934724495,2,0.006144214329198983,-0.0033868663440060898,0.0010517704573125286,17.110000610351562,0.04520462633970257,1
2021-11-18,441.10466818812347,441.82851785332514,438.37855602360526,441.5653076171875,50625600,69.69028906103699,0.6039905595360533,-0.1614895135333052,3.337216772999288,4.663092826670357,0.003396616642506123,0.007813027360181128,-0.0024293429373445363,0.003957811037268666,0.0003425173132776127,0.00032336664308529883,3,0.00020122841895831023,-0.004886011285314629,-0.00401867229310493,17.59000015258789,0.028053741970408108,0
2021-11-19,441.45237530402534,442.7026451488348,440.4089441903681,440.77557373046875,57315600,67.44273852330937,0.07682795872520465,-0.27021689153880946,3.262679929104101,4.318341853427198,-0.0017884871684787917,0.005203784182172615,0.003396616642506123,-0.0024293429373445363,0.003957811037268666,0.007546889281186964,4,-0.001809068924714774,-0.004827764204736851,-0.003020376075011044,17.90999984741211,0.01819213712611245,0
2021-11-22,442.65573171479053,445.1468335661726,439.32797995964046,439.5347900390625,72762000,63.95296022106659,-0.2900052518019579,-0.4534868986098681,3.4452637632061025,4.022127648843444,-0.002815001024001784,0.013238664466162009,-0.0017884871684787917,0.003396616642506123,-0.0024293429373445363,0.0003425173132776127,0,-0.003807284451340043,-0.004465256662589567,0.004973501624664367,19.170000076293945,0.07035177217290145,1
2021-11-24,438.1153217416672,441.4148734428188,437.2974910059745,441.29266357421875,61858800,66.71579641690784,1.2553389982482324,-0.5646469304285269,3.554685176157165,3.0179849234313907,0.0026701299493752106,0.009330276201502787,0.0013257258581669262,-0.002815001024001784,-0.0017884871684787917,-0.0024293429373445363,2,-0.01108797854284449,0.0015436834556543655,0.0009493833998091006,18.579999923706055,-0.04127963218285824,0
2021-11-26,434.61831023205275,436.0847710795946,430.32231837166336,431.45037841796875,112669600,45.28161070808225,-1.034991758496183,-1.2147999807910344,4.084375178042753,2.9589845648902084,-0.022303305648757266,0.013356003369520374,0.0026701299493752106,0.0013257258581669262,-0.002815001024001784,0.003396616642506123,4,0.0024933775520741275,0.0033075907253701242,0.0067099416768501285,28.6200008392334,0.540366036423789,1
2021-11-29,436.24460804442816,438.5852997432788,434.0449166850697,436.7428283691406,86268800,53.86492549623021,-0.5713994708559105,-1.2646151862766084,4.30227133141899,2.6625537525291834,0.012266648068725905,0.010396010565676678,-0.022303305648757266,0.0026701299493752106,0.0013257258581669262,-0.0017884871684787917,0,-0.041521625873649715,-0.03644122153404228,-0.02534503127095733,22.959999084472656,-0.19776385705068866,0
2021-11-30,434.29876746658414,436.20704878218436,428.00048382259115,428.2449035644531,148559600,42.37177277675323,-2.5394136819581505,-1.812726051956992,4.619419418214024,3.1389296934908097,-0.019457502797286752,0.0191632518946208,0.012266648068725905,-0.022303305648757266,0.0026701299493752106,-0.002815001024001784,1,0.001561266958663765,0.009369676320272635,-0.01626688279579902,27.190000534057617,0.1842335199588756,0
2021-12-01,433.9603470803366,436.80866888995706,423.290880760792,423.48828125,131939200,37.543041511203576,-4.001875015262516,-2.4015333526559113,5.255017183281956,4.233464465621246,-0.011107247920201457,0.03192009962888452,-0.019457502797286752,0.012266648068725905,-0.022303305648757266,0.0013257258581669262,2,-0.011827244316876429,-0.0071026722925456864,-0.01634003198731171,31.1200008392334,0.14453844163236207,1
2021-12-02,423.7044637690375,431.54439807571686,423.3096341374703,429.9745178222656,127637800,46.49696923853025,-2.294186390343789,-2.262015569669979,5.467856237207998,4.498868403152797,0.01531621265438643,0.019151748759331056,-0.011107247920201457,-0.019457502797286752,0.012266648068725905,0.0026701299493752106,3,0.024671313555159502,0.01546854526701602,0.004092457700705099,27.950000762939453,-0.10186375291794603,0
2021-12-03,431.638417799551,432.7006394884692,422.0030024782896,426.2331848144531,137331600,42.69484375383385,-3.472220878372644,-2.320855493049517,5.841412006705972,4.990487777985515,-0.008701290082867241,0.02509808572234114,0.01531621265438643,-0.011107247920201457,-0.019457502797286752,-0.022303305648757266,4,-0.013543853218003998,-0.005510064436203943,-0.006523929148753549,30.670000076293945,0.09731660962818656,1
2021-12-06,428.7807384739588,433.16133126579666,426.36482716234684,431.28125,98977500,48.78066269753254,-2.1540040547424852,-1.9347291397467838,5.919035895608656,5.033803493581611,0.011843435390288537,0.01575886756832072,-0.008701290082867241,0.01531621265438643,-0.011107247920201457,0.012266648068725905,0,-0.006101632017812553,-0.0009679052959596923,0.009951987107421179,27.18000030517578,-0.11379197138690988,1
2021-12-07,436.5642266881175,440.7662090115453,431.1495840464495,440.2021789550781,95484700,57.39225872055553,0.15183983865220602,-1.0383811690120794,6.183149400572025,5.011658228037563,0.020684713177487213,0.02184592767787542,0.011843435390288537,-0.008701290082867241,0.01531621265438643,-0.019457502797286752,1,0.013896495829164968,0.01544444954810853,-0.003646191173662827,21.889999389648438,-0.1946284347362568,1
2021-12-08,440.5969864571496,441.8190276116101,438.83908665382853,441.3677978515625,72238800,58.376982525596446,0.28408440850186906,-0.36178330427104255,5.954348797515565,5.081173999395321,0.002647917144007028,0.006751604834532548,0.020684713177487213,0.011843435390288537,-0.008701290082867241,-0.011107247920201457,2,0.028161777745156824,0.014877715327358265,0.01891443716342045,19.899999618530273,-0.0909090829878787,0
2021-12-09,440.07993978691974,441.471210008513,438.1904779520681,438.38787841796875,61272600,54.88469640834186,-0.6582446063623396,-0.12212292095499588,5.763376173153378,5.0975740677258,-0.006751556067522424,0.007483628580891153,0.002647917144007028,0.020684713177487213,0.011843435390288537,0.01531621265438643,3,-0.008021440734616858,-0.0003406040999552884,0.01423338593492729,21.579999923706055,0.08442212750654599,1
2021-12-10,441.0952372334483,442.66508888548304,438.53832579208637,442.5146789550781,77159800,58.58017017985265,2.5644433498192005,0.28492272935251095,5.657221479893443,5.240084990430828,0.009413582674780985,0.0093257089304728,-0.006751556067522424,0.002647917144007028,0.020684713177487213,-0.008701290082867241,4,-0.003049009000484326,-0.002194251079474019,-0.004682797581073372,18.690000534057617,-0.13392026876115581,0
2021-12-13,441.99766876550603,442.3454791791736,438.3126971846737,438.5947265625,87724700,54.05116038854326,0.42402486613795676,0.26136984679383923,5.553275786358513,5.228410079096168,-0.008858355618472147,0.00919477994208216,0.009413582674780985,-0.006751556067522424,0.002647917144007028,0.011843435390288537,0,-0.0010198817304357677,-0.004029339159299594,-0.010015542472684436,20.309999465942383,0.08667730795045947,0
2021-12-14,435.323256332961,437.81435737466506,432.6535453403656,435.5770568847656,97264100,50.795398802352516,1.7121402401485841,0.02614668715140045,5.580983317485361,5.200922058478328,-0.006880314547749955,0.011848218249164523,-0.008858355618472147,0.009413582674780985,-0.006751556067522424,0.020684713177487213,1,-0.00010176100926917453,-0.008283263935046858,0.007128572545122891,21.889999389648438,0.07779418834331042,1
2021-12-15,435.6336329677367,442.6275087271845,433.1143023252697,442.38311767578125,116899300,57.07543672451537,4.461714116388256,0.2974514201849423,5.8618563949446045,5.253055460292446,0.015625388627427572,0.021504451733818014,-0.006880314547749955,-0.008858355618472147,0.009413582674780985,0.002647917144007028,2,-0.010764509874291783,-0.0017700313715677263,-0.0072571945408089755,19.290000915527344,-0.11877563027025972,0
2021-12-16,444.2350391050043,444.5170398390227,436.93090452850896,438.48199462890625,116568600,52.90722259138038,1.9786002318763638,0.1880303703010786,5.985019174628113,5.217996755762613,-0.008818426587730022,0.017300904948067443,0.015625388627427572,-0.006880314547749955,-0.008858355618472147,-0.006751556067522424,3,0.0014747436639956923,-0.006621823112804126,0.0009524292337865781,20.56999969482422,0.0663555582450257,0
2021-12-17,435.4000562992087,438.4093235060489,432.10779763878344,433.81524658203125,135511600,48.35760445867828,1.7788529935506385,-0.2035751502955916,6.012817590020592,5.129798717052079,-0.01064296391651054,0.014525828487851214,-0.008818426587730022,0.015625388627427572,-0.006880314547749955,0.009413582674780985,4,0.010341636451081992,0.012523051181828837,0.021314320534016717,21.56999969482422,0.04861448783840361,0
2021-12-20,428.73056845563246,429.5984279577143,425.5798060591172,429.2022399902344,107134800,44.30215289783008,-0.4820543461524527,-0.7476261787664953,6.171576370941554,5.206935209456521,-0.010633574149691793,0.00936300308844746,-0.01064296391651054,-0.008818426587730022,0.015625388627427572,-0.008858355618472147,0,-0.006696551528590944,0.0012808589596473574,-0.017912161546506433,22.8700008392334,0.06026894588789067,1
2021-12-21,432.62660471506297,436.96598912839397,430.45692690267214,436.8244934082031,69806300,51.53467198035965,-0.7673032320950158,-0.5761773429830102,6.285302997171414,5.146610082779173,0.01775911844761624,0.014900863673958995,-0.010633574149691793,-0.01064296391651054,-0.008818426587730022,-0.006880314547749955,1,-0.01880159208261889,-0.009890081474240087,-0.021294610858090146,21.010000228881836,-0.08132927599900819,1
2021-12-22,436.56973302152085,441.3053047127946,436.3716102556049,441.1921081542969,58890200,55.13011000857522,-0.039805735289440314,-0.17164489699454877,6.1887595300298655,5.192645744336797,0.009998557342828063,0.011182644399124876,0.01775911844761624,-0.010633574149691793,-0.01064296391651054,0.015625388627427572,2,0.013633530704904917,0.01380937793050152,0.020752495830058892,18.6299991607666,-0.11327944037066295,1
2021-12-23,442.19206541682075,445.4371678906433,442.08831149730497,443.937255859375,56439700,57.27548808343693,1.2658601468253532,0.25462273827521487,6.049923830481049,5.343267123984384,0.006222114254405664,0.007543535373834781,0.009998557342828063,0.01775911844761624,-0.010633574149691793,-0.008818426587730022,3,0.009453300534783438,0.006070695530132841,0.0015646867072036663,17.959999084472656,-0.035963505446898525,1
2021-12-29,449.9557881814939,451.4462575660911,448.9558468297353,450.4274597167969,54503000,61.79652489960431,3.4093629582423137,1.3711653392317191,5.583709785911842,6.788725962752077,0.0012791749891170046,0.00552899403140655,-0.0008173358714262946,0.014152327335460901,0.006222114254405664,0.01775911844761624,2,0.008111661976444973,-0.00016270965009279603,0.013694131211166027,16.950000762939453,-0.03363740717171748,0
2021-12-30,450.8519578886304,451.8613419081985,448.72002207295793,449.1822509765625,55329000,60.251738460660086,1.536933266464358,1.2973477267723492,5.409253360863893,6.362862584462997,-0.002764504502050791,0.006993419326812314,0.0012791749891170046,-0.0008173358714262946,0.014152327335460901,0.009998557342828063,3,-0.006981476346268778,0.006592435942602171,-0.005582524434924574,17.329999923706055,0.02241882853465449,0
2022-01-04,452.06883419971206,452.7857840929789,448.63505185674353,450.4934387207031,71178700,60.89298243933926,4.960644830500695,0.9175396891600309,5.004942862938482,5.619458576964812,-0.0003350778646330488,0.009213746260150778,0.00578992462118344,-0.0025201096502134313,-0.002764504502050791,-0.0008173358714262946,1,0.008553434791394698,-0.0024989868972038476,-0.003984169804942761,16.90999984741211,0.018674666193889244,0
2022-01-05,450.12569267442456,450.89924109000685,441.74879956068673,441.8431396484375,104538900,50.13600675409471,1.1488930488026818,0.21094947962364508,5.301049910537171,5.599473402024902,-0.019201831433617422,0.020709706020559413,-0.0003350778646330488,0.00578992462118344,-0.0025201096502134313,0.0012791749891170046,2,0.008231827073662101,0.016345073507007868,0.017716144973366044,19.729999542236328,0.16676521113368237,0
2022-01-06,441.380853389721,444.1448419921144,439.0602084439973,441.4280090332031,86858900,49.682416229261726,0.05346897066974486,-0.29985025319434033,5.285591598935738,5.598885103983389,-0.0009395429689474932,0.011518602000931579,-0.019201831433617422,-0.0003350778646330488,0.00578992462118344,-0.002764504502050791,3,0.007375875839534141,0.0015588800733865593,0.0010364928122723605,19.610000610351562,-0.0060820544687738565,0
2022-01-07,441.4373722231892,442.61655098349416,438.32432302285764,439.6827392578125,85111600,47.727425380101415,-0.958359891045097,-0.7453582966192736,5.214637053342936,5.563502925446997,-0.003953690612458094,0.00976210248298997,-0.0009395429689474932,-0.019201831433617422,-0.0003350778646330488,-0.0025201096502134313,4,-0.013503140508089206,-0.008846732145424085,-0.02878379945859877,18.760000228881836,-0.04334525012819401,0
2022-01-11,438.8715968595628,443.22983813093913,435.8717434022134,443.135498046875,74303100,52.051001210165765,-1.4930514734289995,-0.9537583247710346,5.615644010745689,5.547709854750433,0.009108385098735905,0.016604615881951765,-0.0012442110108579207,-0.003953690612458094,-0.0009395429689474932,-0.0003350778646330488,1,-0.011253676100025478,-0.005343807334871276,-0.00032675640652690685,18.40999984741211,-0.05103091704045948,1
2022-01-12,444.8711475087788,446.38994479619777,442.3712941726711,444.33343505859375,67605400,53.45556943359016,-1.352942527534778,-0.7914035281098486,5.501573054515758,5.343107239946984,0.0027033199032771016,0.00904422288859875,0.009108385098735905,-0.0012442110108579207,-0.003953690612458094,-0.019201831433617422,2,0.011005648953334557,0.006191838994478838,-0.008992030257410577,17.6200008392334,-0.04291140764402346,0
2022-01-13,445.43722446899045,446.0881335750446,437.1829715327748,438.2112121582031,91173100,46.033910351144975,-2.442447090130421,-1.0604842753667376,5.7446865536410465,5.434339096349726,-0.013778442982989358,0.02032162070525677,0.0027033199032771016,0.009108385098735905,-0.0012442110108579207,-0.0009395429689474932,3,0.004297551158501056,0.008049268995756753,0.019246348247151657,20.309999465942383,0.15266733817170586,1
2022-01-14,435.06038106331687,438.7394131797268,433.8434604749311,438.390380859375,95890900,46.26902002203771,-2.155981683606223,-1.1813176568605894,5.6840627072949514,5.4375323170712315,0.0004088637994665856,0.011168020373070688,-0.013778442982989358,0.0027033199032771016,0.009108385098735905,-0.003953690612458094,4,0.001328488801900729,0.001615491441095962,-0.00961317401974926,19.190000534057617,-0.05514519750543956,0
2022-01-18,433.6925435130348,433.9000801446297,429.51354052849086,430.6266784667969,109709100,38.45172073015404,-4.4420300057216515,-1.7071011913093148,5.912118251837036,5.689593713958577,-0.017709563739420897,0.010186409331991915,0.0004088637994665856,-0.013778442982989358,0.0027033199032771016,-0.0012442110108579207,1,0.0031781608439220843,0.009041521319435253,0.007439843423765469,22.790000915527344,0.18759772179685963,0
2022-01-19,432.17377646871046,433.5699058238336,425.88166536173696,426.1552429199219,109357600,34.8044804713593,-5.402563879708455,-2.2451415870669122,6.0389841239984365,6.012205802633332,-0.010383554411433793,0.018040938343075432,-0.017709563739420897,0.0004088637994665856,-0.013778442982989358,0.009108385098735905,2,-0.010114408877252679,-0.006253954229921033,-0.0026918481188289434,23.850000381469727,0.04651160260463971,0
2022-01-20,428.04193941787696,432.749212360242,419.3160155840139,421.43853759765625,122379700,31.419020466498523,-4.61806469757947,-2.7731947916709725,6.56714217058627,7.271633976217655,-0.011068044804395272,0.03187462839255735,-0.010383554411433793,-0.017709563739420897,0.0004088637994665856,0.0027033199032771016,3,0.0023560003742160163,0.0034507506107228636,-0.02795811804935011,25.59000015258789,0.07295596407914773,0
2022-01-21,420.31596407281415,422.6743219055185,413.1371366485651,413.1654357910156,202271200,26.54222856180452,-6.402532839745939,-3.487947040144455,6.77928810532678,9.255073777790308,-0.019630624797153384,0.02308321178584128,-0.011068044804395272,-0.010383554411433793,-0.017709563739420897,-0.013778442982989358,4,0.0064903333732160284,-0.0006192860312720372,0.011129597470622254,28.850000381469727,0.12739352127562054,1
2022-01-24,407.5525063368311,415.4294267475225,396.9210402768621,414.9200134277344,251783900,29.057232190266134,-5.631953137818823,-3.6343573259854285,7.617080845707754,10.544301779767443,0.0042466709088566645,0.04460711913546675,-0.019630624797153384,-0.011068044804395272,-0.010383554411433793,0.0004088637994665856,0,-0.01938435124196758,-0.011984166426334819,-0.00902569245288587,29.899999618530273,0.03639512038741466,0
2022-01-25,408.52422217345065,414.8068916212734,402.9490601572942,409.8543395996094,167997300,26.261650420408372,-6.667948611212071,-3.843835890781106,7.928071733188643,11.80383495844853,-0.012208796067166072,0.02893181874214932,0.0042466709088566645,-0.019630624797153384,-0.011068044804395272,-0.017709563739420897,1,-0.037987347022128026,-0.026273988841612805,0.0024020329567040477,31.15999984741211,0.04214047641997154,0
2022-01-26,415.7501849161173,418.8820910132849,404.56212043743244,408.8260498046875,186391100,25.720692358731995,-7.742428307686206,-3.815445922019522,8.384635936236057,12.79976436506842,-0.0025089152305338702,0.035027050215351144,-0.012208796067166072,0.0042466709088566645,-0.019630624797153384,-0.010383554411433793,2,0.007510442935017458,0.010181960573759197,-0.01656601354525178,31.959999084472656,0.025673916591080648,0
2022-01-27,413.4295686804275,416.5708886311564,405.11871802199556,406.8072814941406,149878300,24.647280887340358,-8.445493992479902,-3.693966665665392,8.603745555730683,13.60865264752732,-0.00493796398617774,0.028151341261883893,-0.0025089152305338702,-0.012208796067166072,0.0042466709088566645,-0.011068044804395272,3,0.02218476677267267,0.013335115605711101,-0.0044232893147237995,30.489999771118164,-0.04599497357522364,1
2022-01-28,408.16568303658295,416.95764758264465,403.5810494178644,416.9104919433594,164457400,38.4838997259425,-4.86083414204239,-2.738493328101213,8.944663599234223,13.553758757759345,0.0248353726907522,0.032085060038732675,-0.00493796398617774,-0.0025089152305338702,-0.012208796067166072,-0.019630624797153384,4,0.004196794588139374,0.011312217490350163,-0.031136167469076326,27.65999984741211,-0.09281731534766324,1
2022-01-31,416.2406973417306,424.76852696731544,414.89172362734763,424.41949462890625,152251400,46.36658272249835,-3.186859666738507,-1.4696908474849568,9.011245009286622,13.161236652966423,0.018011066717330326,0.023271323454648683,0.0248353726907522,-0.00493796398617774,-0.0025089152305338702,0.0042466709088566645,0,-0.01322570028330139,-0.011675431120237167,0.02090304834753498,24.829999923706055,-0.10231380836290327,1
2022-02-01,425.1458850994215,427.9287589149775,421.61779092107525,427.28729248046875,123155400,49.051715638090045,-0.7754712267752835,-0.3638535799033331,8.81836807961631,12.441887145726636,0.006756988988147139,0.0147698471378966,0.018011066717330326,0.0248353726907522,-0.00493796398617774,-0.012208796067166072,1,0.009938670604633604,-0.00022772200884824123,0.010653778657031543,21.959999084472656,-0.11558601885025821,1
2022-02-02,429.69282811901024,432.16438269982757,427.38162576079867,431.4380187988281,117361000,52.73968400628929,1.2396364861569773,0.6645732259376373,8.53684823245506,11.598633763051215,0.009714134708438849,0.01108561770319786,0.006756988988147139,0.018011066717330326,0.0248353726907522,-0.0025089152305338702,2,0.009578407056609617,0.009565390825501119,0.00283312552160897,22.09000015258789,0.0059199031664420865,0
2022-02-03,425.4006065808514,427.3061493870198,420.45746888036115,421.29705810546875,118024400,44.302042706604134,-0.03357061103001673,0.6769920475802165,8.711398352884483,11.297329596126868,-0.023505023320830487,0.016256179279904012,0.009714134708438849,0.006756988988147139,0.018011066717330326,-0.00493796398617774,3,-0.0003598166966826133,0.006263461946420135,0.016807410635550024,24.350000381469727,0.10230874663969036,1
2022-02-04,421.0612140470099,427.12690349554987,418.68397092224063,423.278076171875,118454400,46.11563767943099,2.447600768321404,0.823999096398861,8.692222225771966,10.893918725150934,0.0047021882263187376,0.019946538808877323,-0.023505023320830487,0.009714134708438849,0.006756988988147139,0.0248353726907522,4,-0.01571047940707382,-0.007147592682645421,-0.01061572284941914,23.219999313354492,-0.04640661397998014,0
2022-02-07,424.0421998784849,425.4383293530502,420.5895604027736,421.919677734375,84472900,45.0328242322299,1.6869912465332888,0.8326652657755149,8.41768984895087,10.529461541941652,-0.003209234103937919,0.011492161200713722,0.0047021882263187376,-0.023505023320830487,0.009714134708438849,0.018011066717330326,0,-0.01749752324300846,-0.0016469958911684568,0.007293323394192974,22.860000610351562,-0.015503820570566651,1
2022-02-08,421.4196471387826,426.3155998254575,419.995189934305,425.39111328125,81012000,48.36924282375285,3.7908037516007873,1.0604986660456213,8.267884137679557,10.101251578121555,0.008227716624917614,0.014857879475666736,-0.003209234103937919,0.0047021882263187376,-0.023505023320830487,0.006756988988147139,1,0.007091602746846393,0.00759673492604418,-0.0069650569157483355,21.440000534057617,-0.062117237024522876,1
2022-02-09,429.4286550758493,431.93795122288446,429.23056108197864,431.6172180175781,92589900,53.78715336311886,5.574783755530959,1.5871378986305702,8.144952266533478,9.417713403882836,0.014636189008047529,0.006272664824032965,0.008227716624917614,-0.003209234103937919,0.0047021882263187376,0.009714134708438849,2,0.0023503045512538456,-0.0008450389309764272,0.0013083255103547575,19.959999084472656,-0.06902991663801339,0
2022-02-10,425.7684883309894,431.7775795121979,421.86306271080866,423.8629455566406,140103700,47.150904261907215,4.192566072037149,1.3776431189421352,8.27134973330889,8.327212932059634,-0.017965623560044608,0.023390855240646134,0.014636189008047529,0.008227716624917614,-0.003209234103937919,-0.023505023320830487,3,0.015721290550087197,0.010083097052083767,0.010824805217358735,23.90999984741211,0.19789583888369267,0
2022-02-14,414.99548562999905,416.5802950386649,410.67495835599806,414.1464538574219,123006300,40.359111242877916,-2.420492202052752,0.14799186585697788,8.346482891893665,7.01006706581416,-0.0032693453465170164,0.014259054080177741,-0.019718786064595317,-0.017965623560044608,0.014636189008047529,-0.003209234103937919,0,-0.004216814415090031,-0.0014858326584706871,0.004213614535568011,28.329999923706055,0.03545319048668061,1
2022-02-15,418.5896294380124,420.9951427431811,418.0707734780917,420.8253479003906,88482700,46.44360651523516,-1.5123184550061244,0.26894004322217446,8.239497605741203,6.658866094288293,0.016126889366697483,0.006949128135174861,-0.0032693453465170164,-0.019718786064595317,-0.017965623560044608,0.008227716624917614,1,-0.020171667271381533,-0.016890732586313795,-0.02225911510350942,25.700000762939453,-0.09283442173841527,1
2022-02-16,418.7783192186944,422.6743310487677,416.90107555558865,421.29705810546875,84863600,46.855979550710835,-2.3505023320830527,0.3935999909590362,8.063337454843909,6.532489020598275,0.001120916806536476,0.0137035267208863,0.016126889366697483,-0.0032693453465170164,-0.019718786064595317,0.014636189008047529,2,0.019765835169695434,0.01026339737707982,-0.007917416469824579,24.290000915527344,-0.05486380566359328,0
2022-02-17,418.10851257856154,421.2687175900961,411.6937912802445,412.2975158691406,102259100,40.45583304948987,-2.1361512175751183,-0.09127877422957553,8.173332409871076,6.703832347651034,-0.02136151217575122,0.023223342225740205,0.001120916806536476,0.016126889366697483,-0.0032693453465170164,-0.017965623560044608,3,-0.0010796056293586043,-0.0006702805558894687,0.02215547143408525,28.110000610351562,0.15726634626770597,0
2022-02-18,412.55223985255054,413.806902341528,407.3544387638589,409.6278991699219,132642900,38.76433908787497,-3.2248721987694857,-0.5286173471489715,8.050413207570932,6.890779981322844,-0.00647497643441064,0.015752011986352617,-0.02136151217575122,0.001120916806536476,0.016126889366697483,-0.019718786064595317,4,-0.008342416414091058,-0.008732463248548039,-0.008285795063559198,27.75,-0.012806851744392778,0
2022-02-22,407.4204659812032,410.8259207595827,401.7320794413733,405.2319030761719,124391800,36.08855040797652,-3.955201792865686,-1.0222013118599689,8.124943786902252,7.439146278232175,-0.01073168136901348,0.022441079414470533,-0.00647497643441064,-0.02136151217575122,0.001120916806536476,-0.0032693453465170164,1,-0.020700644592505757,-0.0038996343414510193,-0.007787059374212313,28.809999465942383,0.03819817895287869,0
2022-02-24,387.7329054308326,404.4678331044579,387.3744592030102,404.03387451171875,213942900,38.18924894199448,-6.390695818982831,-1.6154833232368553,8.971839824836854,8.725107510359932,0.015049112193080028,0.04230678410840011,-0.0177385649237094,-0.01073168136901348,-0.00647497643441064,0.001120916806536476,3,-0.004195171063601677,0.0005337460830712182,-0.017140277529300474,30.31999969482422,-0.02256611065794678,1
2022-02-25,405.2696289017005,413.0333532377554,403.6187784215898,412.9484558105469,121804500,45.87805908268578,-2.5750044585190692,-0.8650198105191151,9.003463752788909,8.455600362913698,0.022063945280829556,0.022798426011029434,0.015049112193080028,-0.0177385649237094,-0.01073168136901348,-0.02136151217575122,4,-0.03959035443520054,-0.038836012339940384,-0.01810193321616871,27.59000015258789,-0.09003956364492816,0
2022-02-28,407.5525226744369,413.37296233027865,406.29788900505855,411.89190673828125,145615000,45.16103716692187,-0.8695387764791047,-0.37150159913420566,8.865721579391137,8.556424764566872,-0.0025585495172558703,0.017177014671753796,0.022063945280829556,0.015049112193080028,-0.0177385649237094,-0.00647497643441064,0,0.03665863989686824,0.03919800194255574,0.019471071048788202,30.149999618530273,0.09278722188416721,0
2022-03-01,410.3919967190823,412.4013221597528,402.9112639395008,405.6186828613281,137785900,41.05795249905045,-2.059119646362976,-0.3969720365480951,8.91031705373834,8.807615251971871,-0.015230267393768315,0.02339650174224446,-0.0025585495172558703,0.022063945280829556,0.015049112193080028,-0.01073168136901348,1,-0.0072910865059659935,-0.004165858243207143,0.0019005651237891108,33.31999969482422,0.10514096571814391,1
2022-03-02,407.87329353346485,414.8068717900214,407.11863049118716,413.08056640625,117726500,47.202656997972,-1.8403790391385395,0.13104794538822784,8.930165044806547,8.546000038258406,0.018396301403781568,0.01861196561658895,-0.015230267393768315,-0.0025585495172558703,0.022063945280829556,-0.0177385649237094,2,-0.038459938503860425,-0.01717544383164782,0.011984112188342388,30.739999771118164,-0.07743097080840666,0
2022-03-03,415.5143088873288,416.11803346129733,409.22219816012046,411.02398681640625,105501700,45.78591926697147,-2.4384388856783112,0.37056055414605815,8.784855777404427,7.926574475228916,-0.004978640384213029,0.016777208927850396,0.018396301403781568,-0.015230267393768315,-0.0025585495172558703,0.015049112193080028,3,0.006850900575240404,0.013560325733983802,-0.01682607955751314,30.479999542236328,-0.008458042642086161,0
2022-03-04,407.2883840604993,408.8165952787163,403.63765086397046,407.6846008300781,113978200,43.502713042487315,-1.1188316352909087,0.33397639417172975,8.684961504192382,7.964764412912571,-0.008124552564908405,0.01270331134460586,-0.004978640384213029,0.018396301403781568,-0.015230267393768315,0.022063945280829556,4,-0.02155054162868275,-0.025667625821833684,0.006980639937258504,31.979999542236328,0.04921259916429599,0
2022-03-07,407.09966398019566,407.807171236879,395.600310398485,395.6663513183594,137896600,36.45661308452177,-3.40834886487333,-0.4283680639838945,8.93652574234964,8.66052779460717,-0.02947928248270515,0.030851399917432354,-0.008124552564908405,-0.004978640384213029,0.018396301403781568,-0.0025585495172558703,0,-0.04408254499377706,-0.03478426391915912,-0.02226710412930688,36.45000076293945,0.1397748994586303,0
2022-03-08,395.8456573433794,403.00562856631194,391.60061306814714,392.6665954589844,164772700,34.9356097622978,-3.1007695894134937,-1.029126127000243,9.112846439193579,9.461505542044776,-0.00758152885475305,0.029045036247184672,-0.02947928248270515,-0.008124552564908405,-0.004978640384213029,-0.015230267393768315,1,-0.01984717658369206,-0.003950150601893965,-0.029403375278598043,35.130001068115234,-0.036213982639098585,1
2022-03-09,401.05289644474624,405.1753011556901,398.86433355936276,403.19427490234375,116990800,43.79775623214817,1.2939796881031689,-0.6314773325437066,9.355407814730158,9.121906901655297,0.026810733495304495,0.015652423630905656,-0.00758152885475305,-0.02947928248270515,-0.008124552564908405,0.018396301403781568,2,-0.0002446989130528987,0.0006609810555715523,-0.017067282710730214,32.45000076293945,-0.07628807923971881,0
2022-03-10,398.5813710564199,402.269846539242,396.61922980556955,401.3736877441406,93972700,42.71424893720292,-0.6584068652147056,-0.41549013120099687,9.156810477733305,8.0208246880792,-0.004515409249409852,0.014078194227007946,0.026810733495304495,-0.00758152885475305,-0.02947928248270515,-0.004978640384213029,3,0.07921280819174847,0.03253831715206279,-0.0029615615451896726,30.229999542236328,-0.0684129789987108,0
2022-03-11,403.8641042205582,404.47727157024167,395.76078922516666,396.27020263671875,95636300,39.74591640120797,-4.03882202225253,-0.5332471946653072,9.125358468257712,7.7527906144126915,-0.012715046509663486,0.021996310313207815,-0.004515409249409852,0.026810733495304495,-0.00758152885475305,-0.008124552564908405,4,-0.029306191415120142,-0.012738689580739648,0.039359560660984005,30.75,0.01720147091094537,0
2022-03-14,397.0436722577172,400.4962825052735,392.23261691926257,393.3740539550781,95729200,38.12669003444194,-4.49580399135385,-0.7119332455842136,9.063808976668655,8.128092853849882,-0.007308519950200987,0.021007144479728693,-0.012715046509663486,-0.004515409249409852,0.026810733495304495,-0.02947928248270515,0,0.013837923210877623,0.007958755225701442,-0.020537674996398247,31.770000457763672,0.03317074659394059,1
2022-03-15,395.98714740326733,402.6565904451957,394.71365716973366,402.0245666503906,106219100,45.29545205274472,-0.8860825111860657,-0.1809377935484635,9.079432370486437,8.003605417625161,0.021990552270385377,0.019757333094445946,-0.007308519950200987,-0.012715046509663486,-0.004515409249409852,-0.00758152885475305,1,0.022086701107867812,0.005296537233287157,0.0057652738113080915,29.829999923706055,-0.06106391268822087,1
2022-03-16,405.5338401149026,410.9957767582318,400.7321976792803,410.9391784667969,144954800,51.528144928444995,-0.5183947427212411,0.7843031994557492,9.164014278233939,7.374128953128206,0.022174296189612086,0.024975907912320763,0.021990552270385377,-0.007308519950200987,-0.012715046509663486,0.026810733495304495,2,-0.000850077285170725,-0.002474428954959307,0.0015264378432489067,26.670000076293945,-0.10593361902427767,1
2022-03-17,409.02416595069127,416.08038330078125,408.64683443641115,416.08038330078125,102676900,54.73143436148406,1.230194987776604,1.7285237530752173,9.040409605815093,6.901579138606491,0.012510865605869226,0.01786565568268197,0.022174296189612086,0.021990552270385377,-0.007308519950200987,-0.004515409249409852,3,0.037613031920492146,0.016165669808192007,0.01639396433707274,25.670000076293945,-0.03749531297860276,1
2022-03-18,414.467909206015,420.95933337461315,413.72981682419214,420.6376037597656,106345500,57.41773789596064,3.177211722815667,2.568863327054551,8.911060101858371,7.519524209714809,0.010952740484499124,0.017187042921987375,0.012510865605869226,0.022174296189612086,0.021990552270385377,-0.012715046509663486,4,-0.0036480584241171954,0.012836458832354403,0.03458118630805451,23.8700008392334,-0.07012073360774285,0
2022-03-22,421.90556943878335,426.37198236705336,421.90556943878335,425.4351806640625,74650400,60.26634548433548,8.34514205792709,3.4555206276263704,8.464678288038083,9.099651344643581,0.011701581902691327,0.010498456947773772,-0.00029266976859865235,0.010952740484499124,0.012510865605869226,0.021990552270385377,1,-0.00597513219726753,0.0050913211928709234,0.0065485978596364625,22.940000534057617,-0.025074378893781613,0
2022-03-23,422.8991946168003,424.39429439850414,419.8711071405114,419.9562683105469,79426100,55.65739310848788,4.157299458744296,3.2408017672981373,8.25749223343187,9.22776910201547,-0.012878371612247919,0.010770614940906063,0.011701581902691327,-0.00029266976859865235,0.010952740484499124,0.022174296189612086,2,0.010206657202526559,0.004608767792489754,0.014786347112665466,23.56999969482422,0.02746290959458708,1
2022-03-24,421.981331093405,426.29633721311484,420.86473496549416,426.286865234375,64736900,59.5104490676091,6.206978247691092,3.3606926219293656,8.120533424084448,9.912304997501725,0.015074419413467988,0.012741659878810358,-0.012878371612247919,0.011701581902691327,-0.00029266976859865235,0.012510865605869226,3,-0.013096606288144241,-0.002153369432459473,0.02997529763083384,21.670000076293945,-0.08061093097712246,1
2022-03-25,426.92079387932296,428.6430187339525,424.3374565973786,428.36859130859375,77101300,60.71917623819702,8.100126746421365,3.4052127769510934,7.84803547497655,10.67392752005068,0.004883392485185212,0.010051068691616996,0.015074419413467988,-0.012878371612247919,0.011701581902691327,0.010952740484499124,4,-0.0006903243423663774,0.000911428651649171,0.0025046386453804192,20.809999465942383,-0.03968623014876527,1
2022-03-28,427.7724596050413,431.4156188964844,425.87991232408183,431.4156188964844,68529800,62.48453565533524,9.670583140633484,3.454000336298217,7.682869124792693,11.568899685163542,0.007113097574643623,0.012831493181823828,0.004883392485185212,0.015074419413467988,-0.012878371612247919,-0.00029266976859865235,0,0.0022397503728870394,0.0021426467323624188,0.0014033678605276378,19.6299991607666,-0.056703524048953846,1
2022-03-29,435.30482687325934,437.24470532869987,432.6174129701443,436.75262451171875,86581500,65.4163056317077,8.638292468213368,3.641173779984577,7.550456075322892,12.65376996789771,0.01237091422161729,0.010594767149318887,0.007113097574643623,0.004883392485185212,0.015074419413467988,0.011701581902691327,1,0.007801777283488631,-0.0013763536389755915,-0.00731617728175904,18.899999618530273,-0.03718795585561396,0
2022-03-30,435.60766008577025,436.42147053755207,431.94558524771077,434.0557861328125,79666900,62.74784779635824,5.6253112084038985,3.384272747027177,7.354497731657541,13.405766616537754,-0.006174750253467365,0.010311774276110602,0.01237091422161729,0.007113097574643623,0.004883392485185212,-0.012878371612247919,2,0.02794961616870162,0.008590773065034307,0.011041028646131767,19.329999923706055,0.02275133935739304,0
2022-03-31,433.2893025074121,434.11255605182595,426.9208697553412,427.3750915527344,121699900,56.58953380680996,2.714549569088497,2.6005477740154177,7.342868343430914,13.66671983124883,-0.015391327090923612,0.01682757474319808,-0.006174750253467365,0.01237091422161729,0.007113097574643623,0.015074419413467988,3,-0.014458535829359187,0.005505950549318905,-0.007969933991412104,20.559999465942383,0.06363163720077791,1
2022-04-01,428.95539653095295,429.09733183282185,425.00945074906633,428.58636474609375,89048800,57.40577569639206,1.8896933881517208,2.025423691594102,7.110369253454101,13.851452513914717,0.0028342156978746758,0.009538056783904666,-0.015391327090923612,-0.006174750253467365,0.01237091422161729,0.004883392485185212,4,-0.013097299218170932,-0.008325805008858156,-0.007343578570855103,19.6299991607666,-0.04523347905316466,1
2022-04-04,428.7849739372156,432.36188709811455,427.96172050083106,432.2577819824219,59601000,59.86887586652644,2.7925996008975416,1.7635798560551073,6.916783349441914,13.482495765547428,0.008566341671889521,0.010179496542788496,0.0028342156978746758,-0.015391327090923612,-0.006174750253467365,0.007113097574643623,0,0.0022012500216792574,0.0029537776194286103,-0.005587391463920399,18.56999969482422,-0.05399895625369899,0
2022-04-05,430.7628025176421,433.2325635157402,425.6529292735181,426.79791259765625,74214500,54.794297986661306,0.3203148201017742,1.1250633615151782,6.964129841783355,12.404556602711828,-0.012631049369951297,0.017759304857161824,0.008566341671889521,0.0028342156978746758,-0.015391327090923612,0.01237091422161729,1,0.0049617405190873765,0.0027859218445538403,0.00254790299062857,21.030000686645508,0.13247178418139316,0
2022-04-06,422.88020528931924,424.8105825604862,419.6439370062825,422.5300598144531,106898000,51.14496443726242,0.612871314972967,0.357435299183547,6.977690252468383,11.891478471081944,-0.009999703975184238,0.01222787689110812,-0.012631049369951297,0.008566341671889521,0.0028342156978746758,-0.006174750253467365,2,-0.006460860307228367,0.007249770955659596,0.0018571131913764916,22.100000381469727,0.05087967950013872,1
2022-04-07,421.65015787040545,426.47616024110664,419.7008360657591,424.6593017578125,78097200,52.832756554163666,-0.38180005280426743,-0.04344408773961561,6.963235532674036,11.16383192788914,0.005039267370218425,0.01595472923188565,-0.009999703975184238,-0.012631049369951297,0.008566341671889521,-0.015391327090923612,3,-0.01890343247320936,-0.003414896743111462,-0.015750683573144464,21.549999237060547,-0.02488692918169999,0
2022-04-08,423.90221584948597,426.4193072695884,421.9812814601947,423.5237121582031,79272700,51.80483263389812,-1.131007092651293,-0.40169265410164634,6.782863409582584,9.722407206590205,-0.0026741192172378137,0.010478813067580797,0.005039267370218425,-0.009999703975184238,-0.012631049369951297,0.0028342156978746758,4,-0.0051965550990450415,-0.004731392872794116,-0.016882098388714573,21.15999984741211,-0.018097420113952323,0
2022-04-11,420.24961995400275,421.0918174503352,415.7832355906516,416.2847595214844,89770500,45.70075450011489,-3.507258131660403,-1.1030278978524808,6.851264349437508,7.523755110405096,-0.017092201520028993,0.012752284916185212,-0.0026741192172378137,0.005039267370218425,-0.009999703975184238,0.008566341671889521,0,0.014598475335713124,0.01559896925440607,0.0036160520109467242,24.3700008392334,0.15170137121782057,0
2022-04-12,419.2749398176844,421.80150331220403,413.19040683522564,414.7423095703125,84363600,44.49764038955027,-5.03953810604192,-1.6165865548967275,6.976966644261856,6.224455274726072,-0.0037052760541723684,0.020762522362138037,-0.017092201520028993,-0.0026741192172378137,0.005039267370218425,-0.012631049369951297,1,-0.006363185997339871,-0.006688783289291345,-0.006087692239770237,24.260000228881836,-0.0045137712992801005,1
2022-04-13,414.4962904899716,420.2496221966037,414.3164961668285,419.49261474609375,74070400,48.95456674358305,-3.3551381762395645,-1.5802554328733436,6.902406600369955,5.618586107747225,0.01145363052229409,0.014143576838334487,-0.0037052760541723684,-0.017092201520028993,-0.0026741192172378137,-0.009999703975184238,2,-0.004779195958662719,-0.005460484680506306,-0.01813987689747143,21.81999969482422,-0.10057710268084685,0
2022-04-14,419.7197127519559,420.8363377308492,414.1650904269717,414.2691955566406,97869500,44.70362811529122,-3.066602676463328,-1.8340666546827378,6.885895222049067,5.754925265695079,-0.012451754824372108,0.016103652831134532,0.01145363052229409,-0.0037052760541723684,-0.017092201520028993,0.005039267370218425,3,-0.0034343317997042044,0.0005410811130597271,0.01930928964342371,22.700000762939453,0.04033002201755176,1
2022-04-19,414.3353418054255,421.84875644836103,414.16501948930335,421.1296081542969,77821000,51.153080538510615,-2.5744299563767106,-1.4449723579000657,6.746006323821165,6.068188854108603,0.01614258480615338,0.018245539639764424,0.0004110565974104752,-0.012451754824372108,0.01145363052229409,-0.017092201520028993,1,0.006209608183554094,0.004696087295991802,-0.010832187776664615,21.3700008392334,-0.03608476474097866,0
2022-04-20,422.9086378808468,423.52370998577396,419.6534541721469,420.8173522949219,65224400,50.861785201651315,-1.4012627818009664,-1.1131673926163976,6.540595573093015,6.111137866146677,-0.0007414721105540867,0.009196996731528961,0.01614258480615338,0.0004110565974104752,-0.012451754824372108,-0.0037052760541723684,2,-0.0007335328123382334,-0.0019825767882282186,0.006917197975841116,20.31999969482422,-0.04913435204370564,0
2022-04-21,424.44161705872466,425.8326405645599,413.61624352930863,414.524658203125,85417300,45.26733544698884,-1.894634813637534,-1.2601459639945978,6.9460099632471755,6.3786839790607965,-0.014953504311264187,0.029470857266264194,-0.0007414721105540867,0.01614258480615338,0.0004110565974104752,0.01145363052229409,3,0.014736348078536077,0.0036704762793060564,0.00862549530028378,22.68000030517578,0.1161417640647251,0
2022-04-22,413.43644206750025,414.54356611501663,402.5826816695929,403.15045166015625,132471800,37.28440767173713,-5.064966199639014,-2.020930046732697,7.3042152834026455,7.6655995703929465,-0.02743915547092779,0.029668537877532656,-0.014953504311264187,-0.0007414721105540867,0.01614258480615338,-0.012451754824372108,4,0.009774375916205447,-0.0001573160071532964,0.012315849426419723,28.209999084472656,0.2438271033900683,1
2022-04-25,400.9078614410856,405.6581458514601,396.33734249747044,405.4878234863281,119647700,39.640092641832005,-4.258531022966164,-2.24690696670909,7.448257288444576,8.361245842813318,0.005797765614664829,0.022986641803077336,-0.02743915547092779,-0.014953504311264187,-0.0007414721105540867,0.0004110565974104752,0,-0.024845546955153175,-0.01393547518189564,-0.016252306363141567,27.020000457763672,-0.042183575516809735,0
2022-04-26,402.95173179386785,403.1504700703284,393.71611977901205,393.7445068359375,103996300,32.94471487494802,-5.414623564758099,-3.019306522487511,7.75707488979254,9.910944363886738,-0.02896096003431925,0.023960588979714734,0.005797765614664829,-0.02743915547092779,-0.014953504311264187,0.01614258480615338,1,-0.015409315333356322,-0.018772377473977975,-0.018980835203153634,33.52000045776367,0.2405625421864992,1
2022-04-27,394.82323647876274,400.19809313911514,392.7130645715548,394.85162353515625,122030000,34.075229960598364,-4.795914372894266,-3.266736493653024,7.737643009633097,10.501908484773923,0.0028117641770175617,0.01895656018973895,-0.02896096003431925,0.005797765614664829,-0.02743915547092779,-0.0007414721105540867,2,-0.012048799475395167,0.0007723318626786657,0.004111578562793428,31.600000381469727,-0.05727923777069188,1
2022-04-28,399.6018973665393,406.5570142890086,395.1638717530579,404.8253173828125,105449100,43.342431277216214,-3.496437564737325,-2.598865218652745,8.021053562791613,10.208826392830588,0.02525934617758563,0.028143354792153623,0.0028117641770175617,-0.02896096003431925,0.005797765614664829,-0.014953504311264187,3,0.0027289143959552398,0.005334258658295621,-0.011740720280289163,29.989999771118164,-0.050949385788478296,0
2022-05-06,389.01313791973797,392.5143334096191,383.9316525873715,389.240234375,151770800,39.07395923357166,-3.450378693084572,-1.508850527028316,9.539685330333116,11.438300128478387,-0.005969037691990753,0.022049829550711116,-0.03554271371099249,0.03045294589022518,0.00458411605925213,-0.03695547094392626,4,-0.004888816814062835,0.0013077740291587148,-0.0010939810310178766,30.190000534057617,-0.032371801416157364,0
2022-05-09,383.33559533921056,384.5752119436303,375.1976333299737,376.7779235839844,155586100,33.74996549919847,-7.08033589159349,-2.2224211014986963,9.861322167096915,12.440949740616125,-0.0320170159465305,0.024888874922541184,-0.005969037691990753,-0.03554271371099249,0.03045294589022518,0.006019292231992157,0,-0.016416412267897695,-0.015379886896116912,0.006899380944858979,34.75,0.15104337148978209,1
2022-05-10,382.7583106519952,384.2628826486502,373.6078584477752,377.6484375,132497200,34.422120309602064,-4.087947655519748,-2.4425216872724373,9.918015169509635,13.378989314616826,0.0023104164589451415,0.028214135536771563,-0.0320170159465305,-0.005969037691990753,-0.03554271371099249,0.00458411605925213,1,-0.021472421335859693,-0.02318653568020823,-0.02533816612580675,32.9900016784668,-0.0506474337131857,0
2022-05-11,376.68316971112745,382.3324247205916,370.9014225253903,371.64898681640625,142361000,32.01159875150415,-5.876292595941198,-2.774644898088699,10.026085671344754,14.629078107850713,-0.015886337894867486,0.03075752282582756,0.0023104164589451415,-0.0320170159465305,-0.005969037691990753,0.03045294589022518,2,0.01151439452580183,0.00368595977278674,-0.0057843485162927255,32.560001373291016,-0.01303426139127628,0
2022-05-12,368.45064339852814,374.5351773075326,364.45736660676437,371.2610778808594,125090800,31.856263076020795,-8.291042595592899,-2.795131810772821,10.029780316303574,15.240422635964846,-0.001043750822166234,0.027144808064157682,-0.015886337894867486,0.0023104164589451415,-0.0320170159465305,-0.03554271371099249,3,0.02171444807755285,0.014427324550221332,0.0017786081117039387,31.770000457763672,-0.02426292635771765,1
2022-05-13,375.396274457315,381.51866715299093,374.35536749244255,380.1371154785156,104174400,39.13424379360158,-2.495144848294611,-2.0216430750956462,10.046052384577001,15.228238708608494,0.02390780538676518,0.018843989099909995,-0.001043750822166234,-0.015886337894867486,0.0023104164589451415,-0.005969037691990753,4,-0.006435918663196594,-0.015569550687163591,-0.01773580131527419,28.8700008392334,-0.09128106946002879,0
2022-05-16,378.4905892750784,382.26621234005705,376.2384531036934,378.59466552734375,78622400,38.36737048603777,-3.471813346838897,-1.4513291449188213,9.759031445418902,15.08516110513058,-0.004057614708919521,0.01592140562246851,0.02390780538676518,-0.001043750822166234,-0.015886337894867486,-0.0320170159465305,0,0.020982358085008812,0.025562384474258293,0.02636751143203786,27.469999313354492,-0.04849329702742333,1
2022-05-17,384.68872998122526,386.61913683595503,380.9509365000654,386.382568359375,83029700,44.302083860441286,-1.9357129346965842,-0.4395088553849327,9.635134292789786,13.810142568925254,0.020570556167724963,0.014669917330788198,-0.004057614708919521,0.02390780538676518,-0.001043750822166234,0.0023104164589451415,1,-0.004530234047589232,0.006281794525368367,0.004518010071275835,26.100000381469727,-0.04987255064177387,0
2022-05-18,381.82143279357103,382.1053033485448,369.5671769928699,370.8067932128906,117674500,36.6922202689448,-8.670124203279942,-0.6940158419287883,10.148009798055165,12.931463796076455,-0.04031179567085785,0.03381309777805604,0.020570556167724963,-0.004057614708919521,0.02390780538676518,-0.015886337894867486,2,0.015866121427110302,0.007180379790304947,0.004245263237662389,30.959999084472656,0.18620684413680677,0
2022-05-19,367.7408392133795,372.9642879303813,366.31195684652164,368.53570556640625,98510700,35.72853151037776,-5.884369164133651,-0.8782346789318236,9.898318461326918,12.421497786828951,-0.00612471963311767,0.018050709831861866,-0.04031179567085785,0.020570556167724963,-0.004057614708919521,-0.001043750822166234,3,-0.012560370244443897,-0.010680438089289201,0.0094317920741942,29.350000381469727,-0.05200254362444057,1
2022-05-20,372.12216171567013,375.69907542713753,360.09503013105126,368.6966552734375,131432200,35.85710526766306,-5.277866285983813,-0.8515325929669224,10.305870378095443,12.558925885284664,0.00043672758053081573,0.04232217752155576,-0.00612471963311767,-0.04031179567085785,0.020570556167724963,0.02390780538676518,4,-0.008956461492534928,-0.018203560125039764,-0.01889025349140916,29.43000030517578,0.002725721385562929,1
2022-05-23,371.72462544104593,376.36138893220135,369.40627257344516,375.59490966796875,76414900,41.27911627105643,-0.3139817494513925,-0.2621292655616827,10.117217755286045,11.856083389135321,0.018709837195065582,0.018517600158385022,0.00043672758053081573,-0.00612471963311767,-0.04031179567085785,-0.004057614708919521,0,0.007175349399158204,0.011954455523661922,0.01273307928671863,28.479999542236328,-0.03228001199756625,0
2022-05-24,371.4691925228241,373.92003788214953,366.1700541533183,372.7277526855469,91448800,39.774206999322665,-1.3029803186867746,0.026458507602264092,10.06776330952636,11.92318992780005,-0.007633641747052611,0.020792612497973935,0.018709837195065582,0.00043672758053081573,-0.00612471963311767,0.020570556167724963,1,0.013838612336420253,0.016698227651386954,0.009816745083026435,29.450000762939453,0.03405903217324835,1
2022-05-25,371.2326096418207,377.98901729728556,370.83519088442847,376.020751953125,91472900,42.372765799616374,1.1763156343214767,0.5044391475315315,9.85962495976427,11.705144102852762,0.008834864707153445,0.019025084056395074,-0.007633641747052611,0.018709837195065582,0.00043672758053081573,-0.04031179567085785,2,-0.018034791510656456,-0.0038597705934637627,-0.009383875820646037,28.3700008392334,-0.03667232243556173,1
2022-05-26,377.25096753960395,385.1712741839689,377.04278616008014,383.5342102050781,82168300,47.89669634351004,3.3057955857568504,1.3442611459953842,9.808974764841384,10.404634859931752,0.019981498927723385,0.021193645332296125,0.008834864707153445,-0.007633641747052611,0.018709837195065582,-0.00612471963311767,3,0.0063348614378850865,0.00513065881631003,-0.0026297096585569113,27.5,-0.030666225361201227,1
2022-05-27,385.9944682150054,393.06313317262965,385.7957588445441,392.9495849609375,84768700,53.864786610194024,3.370486322098165,2.485165466044995,9.788971065034966,10.5667141079274,0.024548982868633606,0.01849441914745375,0.019981498927723385,0.008834864707153445,-0.007633641747052611,0.00043672758053081573,4,0.015945279320028094,0.005596333645621732,-0.0027348932581908736,25.719999313354492,-0.06472729769620034,0
2022-05-31,391.33152767867176,394.08518796704755,388.0006542200998,390.7448425292969,95937000,52.352573190075084,3.20928372961335,3.0077413356304694,9.524368399457305,10.489762744765184,-0.005610751394125479,0.015571629065050364,0.024548982868633606,0.019981498927723385,0.008834864707153445,0.018709837195065582,1,0.007868105430897554,0.0019247376779711889,0.021945972278741177,26.190000534057617,0.018273764900883505,0
2022-06-01,392.8645136255513,393.8770046632853,385.06719773018256,387.58428955078125,86585800,50.17782069904849,0.31101848008022126,3.0475137738171494,9.47332829471769,10.1619449202346,-0.008088534088018462,0.02273004136290839,-0.005610751394125479,0.024548982868633606,0.019981498927723385,-0.007633641747052611,2,-0.012872606393598662,0.0009999996787666277,-0.003274781655057124,25.690000534057617,-0.019091255815355868,1
2022-06-06,392.4954566785765,394.22712507510215,388.492707995611,389.6661071777344,57508900,51.17121332444313,5.6874537928057,2.9418097553018354,9.095839620962332,8.736571654655156,0.003044898206714386,0.01471623262547587,-0.016411482451347825,0.01904331545825233,-0.008088534088018462,0.024548982868633606,0,-0.0017314314060703495,-0.009819024592810144,0.012682970897427648,25.06999969482422,0.011294827307630095,1
2022-06-07,386.17435264332806,393.85809145966977,385.71065883338656,393.40386962890625,59272400,53.67477256491115,4.74153389796493,2.9310115174021485,9.028096264199537,9.182099819224625,0.00959221852329839,0.020710097828901868,0.003044898206714386,-0.016411482451347825,0.01904331545825233,-0.005610751394125479,1,0.01339685497502141,0.009982768526815455,0.005558774621279738,24.020000457763672,-0.041882698438058696,0
2022-06-08,391.69104143143073,393.479512475004,388.3317815558461,389.12664794921875,64350000,50.48486647716002,4.399697941866664,2.5338369140214874,8.750927310982279,9.313764195902941,-0.010872342673502788,0.013228934451771904,0.00959221852329839,0.003044898206714386,-0.016411482451347825,-0.008088534088018462,2,-0.0066323676896892225,-0.001222403818248674,0.0010051118958345207,23.959999084472656,-0.0024979755265417403,0
2022-06-09,387.34765697732666,389.61870798841755,379.8721008300781,379.8721008300781,86289800,44.34411189601411,1.0242383849690393,1.5918932306448785,8.822047300079218,9.00883067158772,-0.02378286649838579,0.025657601958768796,-0.010872342673502788,0.00959221852329839,0.003044898206714386,0.01904331545825233,3,-0.007599970454808758,-0.0007764153258460471,0.01039007913581469,26.09000015258789,0.08889821158196898,0
2022-06-10,373.6645695586442,374.5162101273659,368.8101807755536,368.85748291015625,132893900,38.36311780297758,-3.826706172331834,0.24192523288930445,8.982038211111027,9.183240023885226,-0.028995595875172864,0.01546946887668853,-0.02378286649838579,-0.010872342673502788,0.00959221852329839,-0.016411482451347825,4,-0.01711135240139494,-0.015382563504214408,0.0004335237323633834,27.75,0.06362590408982616,0
2022-06-13,359.4421255713329,361.29681422052283,353.2440145637145,354.8526916503906,170004900,32.382574118900536,-9.69510969564557,-1.4843942207165894,9.45571179220608,11.098660144089784,-0.03796802805591126,0.022693359374999958,-0.028995595875172864,-0.02378286649838579,-0.010872342673502788,0.003044898206714386,0,-0.030775117092519455,-0.021227387063819325,-0.014948393480034183,34.02000045776367,0.2259459624419342,0
2022-06-14,356.60323107069917,357.6346658846879,350.679548775885,353.7833251953125,104011800,31.972709142886586,-9.459246370273746,-2.5272151311291573,9.27709788624871,12.726029847535465,-0.003013550355513983,0.01965925642471471,-0.03796802805591126,-0.028995595875172864,-0.02378286649838579,0.00959221852329839,1,-0.024328145514576405,-0.0152648029125384,-0.03007622611651406,32.689998626708984,-0.03909470350260291,1
2022-06-15,357.0858572117837,363.2744957746672,352.12739188091416,358.8270263671875,125666800,36.08193963523658,-7.419615283406883,-2.6910842717332937,9.410669743927587,13.48197515805863,0.014256469462178734,0.031065396624685084,-0.003013550355513983,-0.03796802805591126,-0.028995595875172864,-0.010872342673502788,2,-0.0091338607646263,-0.0025395938249069827,-0.013249870509059902,29.6200008392334,-0.09391244773461938,0
2022-06-16,350.6038951062925,351.0107858866292,344.51933296816924,346.9512634277344,134473300,31.28934541767859,-12.156493411214878,-3.369080327241674,9.760457147862635,15.251162993423401,-0.03309606597832093,0.018709984953872518,0.014256469462178734,-0.003013550355513983,-0.03796802805591126,-0.02378286649838579,3,0.013597045441783528,0.011951290760869648,-0.01140446197906364,32.95000076293945,0.11242403205118334,1
2022-06-17,347.3665849634016,351.0444787331084,344.19238154711957,347.6991882324219,111113900,31.902812213546312,-10.498272638304805,-3.5204864229980313,9.552717150585936,16.633844884328532,0.0021557056668373153,0.019706969178796323,-0.03309606597832093,0.014256469462178734,-0.003013550355513983,-0.028995595875172864,4,-0.03313238375987959,-0.031402082301311585,0.003989912006786334,31.1299991607666,-0.05523525220126546,1
2022-06-21,353.4298843377524,357.83954577017596,353.35383919081494,356.4520263671875,76811900,38.79032891607265,-8.523728443078905,-2.815020407530663,9.59469146395509,17.18901532823232,0.025173593816143036,0.012584320602908332,0.0021557056668373153,-0.03309606597832093,0.014256469462178734,-0.03796802805591126,1,0.010615350163563075,0.015036415623163268,-0.007386638557755232,30.190000534057617,-0.030195909156774836,0
2022-06-22,352.2229054186672,359.9208378596493,351.8047441204501,355.8057861328125,90059400,38.48086635985586,-9.557120912806381,-2.2028764700066477,9.489077340758241,17.809632845705547,-0.0018129795500426704,0.022810460244088532,0.025173593816143036,0.0021557056668373153,-0.03309606597832093,-0.003013550355513983,2,0.0020203218881307272,0.00425458364454534,0.01843489872764903,28.950000762939453,-0.041073194739407515,1
2022-06-23,357.9441431467789,360.02540799730696,354.3802877819863,359.29364013671875,79292100,41.2070726699951,-7.66665762155493,-1.4124655623529323,9.214508974655558,18.174127688336217,0.009802690512189516,0.015711717616745422,-0.0018129795500426704,0.025173593816143036,0.0021557056668373153,0.014256469462178734,3,-0.011143218142297906,-0.008794605987738069,-0.003686604463975618,29.049999237060547,0.003454178635086791,1
2022-06-24,362.4678495923808,370.7264928757993,362.43933990911876,370.71697998046875,98050300,49.15440421704147,-2.4100534968490837,-0.04211155501236341,9.372962100685914,18.18607431238055,0.031793882684377994,0.02235439274218609,0.009802690512189516,-0.0018129795500426704,0.025173593816143036,-0.03309606597832093,4,-0.01762671100035118,-0.009690824552807231,0.0008298122951144737,27.229999542236328,-0.06265059354983915,0
2022-06-27,371.6387840560035,371.93339374615164,368.20799359853146,369.3009033203125,66009600,48.28310014223741,0.12021456272428538,0.8006177450705243,8.969564818324075,18.05816076121218,-0.0038198322079308067,0.010087709274810407,0.031793882684377994,0.009802690512189516,-0.0018129795500426704,0.0021557056668373153,0,0.015917801273769072,0.026821423643259124,0.012254695634522639,26.950000762939453,-0.01028273169313021,0
2022-06-28,370.859513206885,373.6440649503389,361.6409966809316,361.7550354003906,86548900,43.82512549093837,1.9451293205351685,0.8754511103015146,9.18624363625859,17.558232260310948,-0.020432844469316036,0.03318010005340289,-0.0038198322079308067,0.031793882684377994,0.009802690512189516,0.025173593816143036,1,0.005179124638529098,0.006866607665788171,0.014317501418656509,28.360000610351562,0.05231910231895376,0
2022-06-29,362.3062236029839,363.2945784041764,359.63571085622056,361.46038818359375,65676000,43.655629072621664,2.1699900593231716,0.9258199264558158,8.791431058522678,17.04086260081254,-0.0008144937539591446,0.010122457861405832,-0.020432844469316036,-0.0038198322079308067,0.031793882684377994,-0.0018129795500426704,2,0.0034695704569867036,0.008969056033508949,0.006631661807707356,28.15999984741211,-0.007052212927895818,0
2022-06-30,357.5639599441416,361.7645700473963,354.06663699104956,358.5238342285156,112508300,41.91568899616214,-0.08449534633481555,0.7875039736849097,8.713324058367254,16.667175808011223,-0.00812413766785025,0.021471189141194596,-0.0008144937539591446,-0.020432844469316036,-0.0038198322079308067,0.009802690512189516,3,-0.01726676282847983,-0.0015157027889051156,-0.009052712950930686,28.709999084472656,0.019531223012811516,1
2022-07-01,357.86805091376164,362.7529219458162,355.2450444294537,362.31573486328125,74839700,44.9658978220786,4.42842354391573,0.9657741861588791,8.627220733938342,15.350752005753387,0.010576425533675327,0.020721919568841174,-0.00812413766785025,-0.0008144937539591446,-0.020432844469316036,0.031793882684377994,4,-0.016886424246156495,-0.019556090945331728,-0.01535410164198292,26.700000762939453,-0.07001039309054802,1
2022-07-05,357.22181596212545,363.01902578805715,354.3897288005455,363.0,81438000,45.521859877680704,4.400588866877134,1.1326060223912222,8.627369037765005,14.374883518973958,0.001888587965899191,0.023772168009673893,0.010576425533675327,-0.00812413766785025,-0.0008144937539591446,-0.0038198322079308067,1,-0.00309453655995795,0.008927699339672301,0.008412808850521314,27.540000915527344,0.031460678973232126,1
2022-07-06,363.1425872465519,366.7159554565062,360.75719981096245,364.22601318359375,70426200,46.563474078184676,2.1809349481431,1.3155145619633632,8.436753795463487,13.024863963152612,0.0033774467867595526,0.01636004961166834,0.001888587965899191,0.010576425533675327,-0.00812413766785025,-0.020432844469316036,2,-0.029137134487074556,-0.028647695842112464,0.010310549423254933,26.729999542236328,-0.029411813593453018,1
2022-07-07,366.0031064941069,370.4792996961626,364.2449324457464,369.6809997558594,64525900,51.04820574811266,3.8996593545748692,1.7657961780690998,8.2807918466853,10.856592507097577,0.014976927442895027,0.016864180887125622,0.0033774467867595526,0.001888587965899191,0.010576425533675327,-0.0008144937539591446,3,0.015588760191983075,0.011714440920574942,-0.01195226456237819,26.079999923706055,-0.024317232684692103,0
2022-07-08,368.0464848680788,371.24922746104284,366.5164167860133,369.37701416015625,72397800,50.79238201561721,2.8064437821945765,1.9885087958730914,8.027364620138462,8.783146141719604,-0.0008222916403707314,0.012812953956516309,0.014976927442895027,0.0033774467867595526,0.001888587965899191,-0.00812413766785025,4,0.019746699720891714,0.011438179915412627,0.014665391198416255,24.639999389648438,-0.05521474456557396,0
2022-07-11,366.6969600116307,367.66631821985214,364.4636048722329,365.1573791503906,58366900,47.252477874983086,-1.4996887464855355,1.8024907991310588,7.804939239265954,7.5585962181553255,-0.011423653470586714,0.008770775371076905,-0.0008222916403707314,0.014976927442895027,0.0033774467867595526,0.010576425533675327,0,0.013393116823481988,0.0009876198077372056,0.0010064033055445787,26.170000076293945,0.062094185249382816,0
2022-07-12,364.60617377885575,366.9915903599883,360.1774858287248,361.9261474609375,62219200,44.684296221268674,-1.996950398190204,1.4290090920630822,7.734165331551495,7.298225350272139,-0.008848874140161778,0.018827334192534313,-0.011423653470586714,-0.0008222916403707314,0.014976927442895027,0.001888587965899191,1,-0.014044318270151623,5.5571319987901546e-05,0.011129057574019052,27.290000915527344,0.04279712785511025,0
2022-07-13,356.4805310045145,362.9620020597862,356.0623697104502,360.0253601074219,84224600,43.1969755625718,-0.47813440690724446,1.0392561399515552,7.674555832821817,7.150138659478447,-0.005251865240603504,0.01916429539096173,-0.008848874140161778,-0.011423653470586714,-0.0008222916403707314,0.0033774467867595526,2,0.005691827635024405,0.001848067769088857,-0.017739642296293323,26.81999969482422,-0.01722246994999932,0
2022-07-14,355.06452096685234,360.2344894812079,352.6221141267699,359.1510925292969,89704800,42.496332760487384,-0.6388793156288906,0.7228775994242547,7.670114370080118,6.935189783893378,-0.002428349985856948,0.021195467625695914,-0.005251865240603504,-0.008848874140161778,-0.011423653470586714,0.014976927442895027,3,-0.011557892525674185,-0.007420352671277497,0.005395876855945003,26.399999618530273,-0.01565995828012623,1
2022-07-15,363.5606860012762,366.12667298735175,361.6504796031944,366.01263427734375,79060400,49.429091684835164,2.088787225246208,0.9611074991274706,7.620504804935458,7.001449537990326,0.0191048889750689,0.012229614403872009,-0.002428349985856948,-0.005251865240603504,-0.008848874140161778,-0.0008222916403707314,4,-0.018552384265397848,-0.016293122135064397,0.006217097571536101,24.229999542236328,-0.08219697377460611,0
2022-07-19,366.9154789894388,373.3684403556091,366.2597563730755,372.7982177734375,78506000,55.220827712544,2.699233546401515,1.4751159778745975,7.843397633264822,5.210647608824527,0.027019101475189267,0.01906844948184218,-0.008256804392912098,0.0191048889750689,-0.002428349985856948,-0.008848874140161778,1,0.007391520823703868,0.008967760205685238,0.0054452558297466425,24.5,-0.031620524157513485,1
2022-07-20,372.98825315458964,376.5901301444603,371.61973073634647,375.174072265625,71843800,57.004184965603216,3.0058421655107628,1.937854043762607,7.638183474325467,5.583571419363906,0.006373030714517558,0.01324824868120093,0.027019101475189267,-0.008256804392912098,0.0191048889750689,-0.005251865240603504,2,0.026898588597787043,0.010120113993578261,0.0064658033784210645,23.8799991607666,-0.02530615670340397,1
2022-07-21,374.5943906795809,379.04207433211104,372.1899778970926,378.99456787109375,64903900,59.778197199093405,2.5193526638872807,2.3946314383036973,7.58203440008925,6.132023359833535,0.010183261285614087,0.01807966925095618,0.006373030714517558,0.027019101475189267,-0.008256804392912098,-0.002428349985856948,3,-0.001985938755245553,-0.004385784693145656,0.0266519032365089,23.110000610351562,-0.03224449654420847,0
2022-07-22,379.1181717855212,380.31560739398503,373.2544293512537,375.478271484375,72197300,56.18521794779784,1.651769625701002,2.350052999421683,7.544830374563685,6.33338403769939,-0.009277959856972773,0.01880582334316297,0.010183261285614087,0.006373030714517558,0.027019101475189267,0.0191048889750689,4,-0.0026608095378283236,0.0008535158899278805,0.004434215408896769,23.030000686645508,-0.003461701496893066,1
2022-07-25,376.1055368569356,376.7897982483448,373.69161069797406,375.9344787597656,53631500,56.55010799124244,2.951357476179178,2.241730969525547,7.227213029978477,6.653728310306524,0.0012150031307727183,0.0082412966232624,-0.009277959856972773,0.010183261285614087,0.006373030714517558,-0.008256804392912098,0,0.0005314584867817107,0.0008114850895744041,0.0040161189889580395,23.360000610351562,0.014329132169649261,0
2022-07-26,374.2902731538691,374.49935379005854,370.59338295368127,371.4867248535156,52946400,52.00302201540678,2.641582394543625,1.781065407101254,7.092490371128897,6.72318029252015,-0.011831194416972446,0.010514429116995941,0.0012150031307727183,-0.009277959856972773,0.010183261285614087,0.027019101475189267,1,-0.003271497125503453,0.004109161500884362,-0.0077167393421327946,24.690000534057617,0.056934926753241966,1
2022-07-27,374.7844685236655,382.8815653652331,374.4898588407444,381.1329040527344,82342100,59.59175063218073,5.8627936484848115,2.019089070971076,7.3998010954566515,7.386512211563828,0.025966416977679208,0.022017795984698336,-0.011831194416972446,0.0012150031307727183,-0.009277959856972773,0.006373030714517558,2,-0.008583487933498946,0.0,-0.001589900899843899,23.239999771118164,-0.058728259683077266,1
2022-07-28,381.9407350618802,386.60698374585616,378.38636390787866,385.9132385253906,73966600,62.73610188209026,7.451500650498702,2.367431256885685,7.458431005636712,8.338275612928811,0.012542434467937902,0.02130173058946935,0.025966416977679208,-0.011831194416972446,0.0012150031307727183,0.010183261285614087,3,0.005302784467017929,0.0057348304538664685,0.0021890652953910905,22.329999923706055,-0.0391566203259186,1
2022-07-29,387.3482705951752,392.52775161157655,386.5784802133014,391.53936767578125,87003700,66.08140145126657,6.9742765707630685,2.815239067885094,7.39815115424737,9.437469962994575,0.014578740993412387,0.015194567620596183,0.012542434467937902,0.025966416977679208,-0.011831194416972446,-0.009277959856972773,4,0.008789847306553522,-0.00039470762199023124,0.0035983319502448374,21.329999923706055,-0.04478280355650055,0
2022-08-01,388.84033261494034,392.8888811641739,388.1275616169894,390.3799133300781,69997500,64.79051861695413,7.545478681949282,2.8624585946379675,7.209806039457164,10.233103354664399,-0.002961271436345614,0.01219663047355268,0.014578740993412387,0.012542434467937902,0.025966416977679208,0.0012150031307727183,0,0.015203868043548008,0.010632663027097866,-0.0004975590396703033,22.84000015258789,0.07079232228236565,0
2022-08-02,388.81182405248916,392.49923066625485,386.6260045869153,387.804443359375,63435400,61.89802827777215,4.025294347050046,2.5592308886210358,7.114336042305905,10.577938163788083,-0.006597342441964971,0.0151448137841393,-0.002961271436345614,0.014578740993412387,0.012542434467937902,-0.011831194416972446,1,-0.00032778890162976637,-0.0013470916468938388,0.006895599686394416,23.93000030517578,0.04772329883125637,1
2022-08-03,389.93332628036205,395.04627598002963,389.64822942090314,393.8773498535156,67820600,65.77769568849016,4.985226584274357,2.5983315207321693,7.123442940759387,11.31697049545364,0.015659713544109444,0.01370489204604949,-0.006597342441964971,-0.002961271436345614,0.014578740993412387,0.025966416977679208,2,-0.0022574571976045066,-0.000580004416885771,-0.014239780025878113,21.950000762939453,-0.08274130869142016,0
2022-08-04,393.80123040665455,394.48549174301655,391.96703995040895,393.6111755371094,45656600,65.46306749644387,3.8566799909879252,2.4394797522293477,6.7945150016056886,12.014325887396385,-0.0006757796976780694,0.006398323902188517,0.015659713544109444,-0.006597342441964971,-0.002961271436345614,0.012542434467937902,3,0.010287554128923126,0.00493988435489312,0.005333261799446154,21.440000534057617,-0.02323463376561352,0
2022-08-05,389.32504829644654,393.5921616324373,389.2680289335886,392.9459228515625,56814900,64.6309877612547,4.652107110787738,2.1338542091818695,6.6194172588853375,12.47921614040795,-0.0016901265179757319,0.011004396400066901,-0.0006757796976780694,0.015659713544109444,-0.006597342441964971,0.014578740993412387,4,0.0055285952417556405,0.00032232057171199813,0.006859617598126366,21.149999618530273,-0.013526161767891565,0
2022-08-08,394.63754145835884,396.88989316531894,391.387292955347,392.4897155761719,53886100,64.02993594397401,4.4037559074185335,1.7607324080501536,6.539644612534381,12.55917888874802,-0.0011609925154076883,0.014019730942234169,-0.0016901265179757319,-0.0006757796976780694,0.015659713544109444,-0.002961271436345614,0,-0.006495797459205366,-0.001127791280140511,0.008723621078551957,21.290000915527344,0.006619446785919081,0
2022-08-09,391.7580232530995,392.26171369385696,389.8573002309609,390.93121337890625,44931800,61.9117027702352,5.234235094957421,1.2905059692712655,6.260556807725566,12.148837159836301,-0.0039708102796470746,0.006150477067600138,-0.0011609925154076883,-0.0016901265179757319,-0.0006757796976780694,-0.006597342441964971,1,0.00838082595140155,0.00573943921263842,0.002604040123263207,21.770000457763672,0.02254577367755073,1
2022-08-10,397.9923437821938,399.28485036063125,396.03460162898654,399.14227294921875,68665700,67.9310792814448,4.725220180410495,1.404595556160416,6.410062534439811,11.848570591676998,0.02100384745270767,0.008143083185925118,-0.0039708102796470746,-0.0011609925154076883,-0.0016901265179757319,0.015659713544109444,2,-0.011157521709707963,0.0007751915220319816,-0.00882428323051554,19.739999771118164,-0.09324761800459969,0
2022-08-12,401.0810741590016,406.0039399091792,400.1307126318137,405.8994140625,61694500,72.1341390834242,3.6675868564536667,1.6251364796353753,6.3789802521880095,11.225026251546401,0.016929154267107505,0.014469661876528754,0.0,0.02100384745270767,-0.0039708102796470746,-0.0016901265179757319,4,-0.0004685756384004147,-0.005488163841769311,-0.0064511111204117455,19.530000686645508,-0.033168319355867615,1
2022-08-15,403.685016179176,408.09470715752286,403.62799681331194,407.5719909667969,54048300,73.07483108657969,4.403935000155176,1.7605217440033263,6.24238954447536,10.790241505666664,0.004120668437425534,0.010959316251382955,0.016929154267107505,0.0,0.02100384745270767,-0.0011609925154076883,0,0.007400034428715063,0.004687981416548581,0.026156287321856375,19.950000762939453,0.021505379494489052,1
2022-08-16,406.4980568196023,410.29950209001703,405.69024389909407,408.3702697753906,59289000,73.53404573480952,5.30314357356588,1.7424928353757982,6.125737304935903,11.013387308694568,0.0019586203818868775,0.011286958263289133,0.004120668437425534,0.016929154267107505,0.0,-0.0039708102796470746,1,0.0015048541971196538,0.0011065729548205283,0.011377694691056872,19.690000534057617,-0.013032592428007916,0
2022-08-17,404.76839107782297,408.1801847177208,403.4664007169476,405.4716491699219,63563400,68.93648088326572,2.9436318998079503,1.3893530228065618,6.0384610016149844,10.923710841859146,-0.007098020644507375,0.011625434257668163,0.0019586203818868775,0.004120668437425534,0.016929154267107505,0.02100384745270767,2,0.006767923770422124,0.0035822593144529957,-9.937526175640699e-05,19.899999618530273,0.010665265554941072,1
2022-08-18,405.6712159722093,407.33434826924736,404.37873850839094,406.6501159667969,49023200,69.76417874157804,3.3126448739406276,1.1017079369562808,5.818257341560801,10.980363055336136,0.002906409854517733,0.0072681886585217285,-0.007098020644507375,0.0019586203818868775,0.004120668437425534,0.0,3,-0.020374385976711706,-0.0026937398263942036,0.012257455272290274,19.559999465942383,-0.017085435130927973,0
2022-08-19,403.88460030221233,404.1507003354797,400.31123213885485,401.1855773925781,68016900,61.57156968849815,2.096892743210419,0.44374040892860744,5.855444947730889,10.30906078871022,-0.013437936839700626,0.009570304649480886,0.002906409854517733,-0.007098020644507375,0.0019586203818868775,0.016929154267107505,4,0.00518835401319695,0.0034726972956320434,-0.009603090697817063,20.600000381469727,0.05316978240915504,0
2022-08-22,396.34816754384633,396.5192546194772,391.92899331076484,392.83184814453125,77695600,51.59639160226216,0.08716981739435568,-0.5972390797378333,6.098383457308203,9.396337630383318,-0.02082260609252251,0.01168505387328852,-0.013437936839700626,0.002906409854517733,-0.007098020644507375,0.004120668437425534,0,-0.011162009697887165,0.0011270369681462,-0.00040807440707402165,23.799999237060547,0.1553397473948257,0
2022-08-23,392.4041873745743,394.7991164880296,391.3302744311885,391.8815002441406,49105200,50.59221287800599,0.24308288330850644,-1.3498854495944572,5.910559071560551,7.695912757544734,-0.002419223148223404,0.0088517627259261,-0.02082260609252251,-0.013437936839700626,0.002906409854517733,0.0019586203818868775,1,-0.02317905910399065,-0.0021985719790943437,-0.004695075298422058,24.110000610351562,0.013025268202878415,1
2022-08-24,391.65333515759266,394.5044187208081,390.9691029450339,393.13592529296875,49177800,51.922306143196614,-1.504813712631777,-1.73857511926398,5.740898836147238,6.923038005327167,0.003201031556852252,0.00899260420715714,-0.002419223148223404,-0.02082260609252251,-0.013437936839700626,-0.007098020644507375,2,-0.002746657392060148,-0.0060659571817685,-0.011868586014690319,22.81999969482422,-0.05350480642350064,1
2022-08-25,394.6280346959815,398.73360265745475,393.5351249523274,398.68609619140625,50942300,57.38821895472256,-0.11428926193205738,-1.600660996654991,5.730668731028579,6.470625956216456,0.014117689433499336,0.013039024322111285,0.003201031556852252,-0.002419223148223404,-0.02082260609252251,0.002906409854517733,3,0.0019576057598564844,-0.00221686374911656,-0.004895108447338092,21.780000686645508,-0.04557401499065716,0
2022-08-26,398.5720522592657,399.1137361754967,385.13392912672487,385.1909484863281,103087000,44.22311314480905,-5.101871266309146,-2.3516910150037322,6.319892896581668,6.893250735598433,-0.03384905526928439,0.03629318680438311,0.014117689433499336,0.003201031556852252,-0.002419223148223404,-0.013437936839700626,4,0.003925881751815297,0.001097529988957957,0.005846653850237082,25.559999465942383,0.17355365748976292,0
2022-08-30,383.80344189629403,384.04103223682625,376.3430994030369,378.4433898925781,85652400,39.15488370696858,-7.328368908753495,-3.433800312371056,6.291625364942165,8.262154498135553,-0.010978044310152035,0.020341041855624534,-0.006611980395718975,-0.03384905526928439,0.014117689433499336,-0.002419223148223404,1,-0.00605016192010932,-0.007005680609744158,-0.026619523884632845,26.209999084472656,0.0,0
2022-08-31,380.07796715106764,381.3229380663818,375.4307157273297,375.5637512207031,76029700,37.1442004870481,-7.376076233799809,-3.8021377631828908,6.263096577378591,9.428869946344333,-0.00760916625520236,0.01568900704580915,-0.010978044310152035,-0.006611980395718975,-0.03384905526928439,0.003201031556852252,2,0.0052857725650641285,-0.0088457055402269,0.011356920415176441,25.8700008392334,-0.01297208153817453,1
2022-09-01,373.3874742240931,377.08436469022797,370.678938652205,376.74224853515625,78740100,38.53530177323117,-7.354692955278195,-3.7901342928134962,6.27326296742462,10.284234439286669,0.0031379421220036896,0.017002144205828996,-0.00760916625520236,-0.010978044310152035,-0.006611980395718975,0.014117689433499336,3,-0.009735230922784721,-0.010514005286485495,-0.0036903224179709593,25.559999465942383,-0.011983044578061208,0
2022-09-02,380.4106274783638,381.62708880615634,370.95452075647603,372.76971435546875,99632100,35.66957329190174,-7.082972229907251,-3.860458056716065,6.587499044728598,11.359136734121176,-0.010544435074997471,0.028630459070779216,0.0031379421220036896,-0.00760916625520236,-0.010978044310152035,-0.03384905526928439,4,-0.015950925660117576,-0.01862938849481721,-0.015309191222915741,25.469999313354492,-0.003521132803927185,0
2022-09-06,373.6155413307237,374.55638973388335,369.1393477426086,371.3631896972656,76637400,34.686026076780635,-5.465101301910441,-3.806140950411767,6.503894969481894,12.386414204943613,-0.0037731730986650946,0.014586911523704605,-0.010544435074997471,0.0031379421220036896,-0.00760916625520236,-0.006611980395718975,1,-0.022182626735738564,0.0008514677340201171,-0.00112945823441446,26.90999984741211,0.056537124965786445,1
2022-09-07,371.0495374683232,378.80448878191197,370.8309729416289,378.0346984863281,70964200,42.74975702477512,-3.5334155220866506,-3.152352565849339,6.608867888824835,12.800645987801298,0.017964916755753624,0.021092021108669347,-0.0037731730986650946,-0.010544435074997471,0.0031379421220036896,-0.010978044310152035,2,0.008671895752358383,0.0017839010036788672,0.00024983664798838845,24.639999389648438,-0.08435527575753499,1
2022-09-08,375.7633523475096,380.96180059480923,374.5563749860969,380.5056457519531,80821700,45.43667757663229,-3.2127004245677666,-2.4179850392113944,6.594336297388227,12.925741243998168,0.0065362975290861325,0.016833983096502993,0.017964916755753624,-0.0037731730986650946,-0.010544435074997471,-0.00760916625520236,3,0.0034595426299215415,-0.008574886101260337,-0.007102199519214647,23.610000610351562,-0.041801899545889976,1
2022-09-09,382.74846080000646,387.2817022904019,382.4823608238422,386.4168701171875,76706900,51.32246676748832,-3.077415087063479,-1.4465473022341198,6.607316314606836,12.817254192459915,0.01553518175414359,0.012420113710626002,0.0065362975290861325,0.017964916755753624,-0.0037731730986650946,0.0031379421220036896,4,-0.0009019387865660811,0.0033574143558119385,0.023148798866217346,22.790000915527344,-0.03473103234333241,1
2022-09-12,388.48874399097315,391.2923218090903,388.1846213728781,390.5700378417969,69256300,54.995669598808426,1.3964734572831412,-0.48634101538203556,6.483611698699406,12.285102881359775,0.010747894426425653,0.007956832667924744,0.01553518175414359,0.0065362975290861325,0.017964916755753624,-0.010544435074997471,0,0.014250238988517072,0.012255408050451333,0.005325822755722243,23.8700008392334,0.047389200540585596,0
2022-09-13,381.883702988719,383.09068051072757,372.4656471755256,373.5870666503906,122947100,41.278627225306245,-2.3669533813545676,-0.9312605222965409,7.313667339240254,12.007636675911012,-0.04348252437706279,0.028440581282609203,0.010747894426425653,0.01553518175414359,0.0065362975290861325,-0.0037731730986650946,1,0.023995609120714745,0.01658253876622018,0.011602419833597777,27.270000457763672,0.14243818596528657,1
2022-09-14,374.8889911257345,376.5331264751755,371.70527524233233,375.0125427246094,85023700,42.57334890292433,-0.9065681313505312,-1.0566556090788144,7.136109045926176,11.28820834848037,0.003815646207990131,0.012873839359523753,-0.04348252437706279,0.010747894426425653,0.01553518175414359,0.017964916755753624,2,-0.015916657655638433,-0.011655305453800335,0.002540859311488841,26.15999984741211,-0.04070409210556314,0
2022-09-15,373.4539971854713,376.30508130578556,369.4814936051546,370.7549743652344,87633800,39.75400843019022,-1.2804155991728905,-1.3354758491355918,7.1137860926908045,10.804153496284453,-0.011353135893648059,0.018404574914506738,0.003815646207990131,-0.04348252437706279,0.010747894426425653,0.0065362975290861325,3,-0.012203412169203842,-0.014703705586612159,-0.027818346588567078,26.270000457763672,0.004204916322369412,0
2022-09-16,366.5714428970576,368.58492846304785,364.6342566105422,367.9264831542969,103084800,37.9556983226775,-2.339999141359034,-1.6015996005856215,7.0428526399766165,10.01382017753705,-0.007629004076830315,0.01073766644530685,-0.011353135893648059,0.003815646207990131,-0.04348252437706279,0.01553518175414359,4,-0.005475886072305758,0.0006596255613460222,0.0020594485777813976,26.299999237060547,0.001141940570009048,1
2022-09-20,367.4493811490609,368.4609000016925,363.7659311992638,366.52374267578125,77274900,38.00245614802198,-1.3031574361016989,-1.5709709571696058,6.976825694189915,9.337635983304306,-0.011478463271962891,0.012809453401718053,0.007754921424344197,-0.007629004076830315,-0.011353135893648059,-0.04348252437706279,1,0.004864547924626539,-0.006234451838743826,-0.011058285232558918,27.15999984741211,0.054347810795459806,0
2022-09-21,368.4513532726731,371.5050138173394,360.12063601648464,360.13018798828125,106746600,34.1377261092171,-4.736208228963513,-1.9241900273084855,7.291650844665973,9.844948482848142,-0.017443766782539893,0.0316118397750793,-0.011478463271962891,0.007754921424344197,-0.007629004076830315,0.003815646207990131,2,-0.0103419254677809,-0.006080119227337977,0.004380842383689965,27.989999771118164,0.030559643901659994,0
2022-09-22,359.3571850053135,360.99852235439477,356.3608073472819,357.1051330566406,89472600,32.45591610055354,-6.149846383768772,-2.2036396049022544,7.102083999126468,10.24016999277285,-0.00839989268475061,0.012986973800730267,-0.017443766782539893,-0.011478463271962891,0.007754921424344197,-0.011353135893648059,3,0.0076017365796963166,0.006242426505279841,-0.013554007905070331,27.350000381469727,-0.02286528741986016,0
2022-09-26,349.6523393463072,353.27853570562985,346.42691809015844,347.64837646484375,92581200,27.727204143997994,-10.989491568305821,-2.898107663702569,7.304924968676596,11.549099175409264,-0.009892864887556585,0.01970847004995085,-0.016754601776967526,-0.00839989268475061,-0.017443766782539893,0.007754921424344197,0,-0.019745193198242306,-0.019680131621446995,-0.005832388167807623,32.2599983215332,0.07820849730188573,0
2022-09-27,351.18870108949443,353.459857136267,344.3657100991575,346.76092529296875,108294100,27.306109583258547,-7.180693271302737,-2.9342407367920886,7.432726544993228,12.65715010929691,-0.002552726352124224,0.026225985610766427,-0.009892864887556585,-0.016754601776967526,-0.00839989268475061,-0.011478463271962891,1,-0.004580725782018957,0.00034193461806597547,-0.026599536595644513,32.599998474121094,0.010539372916239298,1
2022-09-28,347.71516751010176,355.27293178744674,346.01657657366974,353.5838928222656,110802200,35.42591020780648,-5.714115519085421,-2.309265490331458,7.56298573562064,13.069286712870051,0.019676287123563174,0.026178667642051918,-0.002552726352124224,-0.009892864887556585,-0.016754601776967526,-0.017443766782539893,2,-0.0072162914820159685,-0.005184432750854562,0.005308744860878178,30.18000030517578,-0.07423307614159502,0
2022-09-29,350.0340115514208,350.32027945929735,343.249200037984,346.1978759765625,112952300,31.34433181194889,-6.623538478672018,-2.204203496980769,7.760964810524997,14.024104144928899,-0.020889008225880468,0.020424964773013417,0.019676287123563174,-0.002552726352124224,-0.009892864887556585,-0.00839989268475061,3,0.003591576306777977,0.0029779521227677463,-0.014974056577249928,31.84000015258789,0.05500330784050478,0
2022-09-30,345.25315265968237,349.17519794486384,340.7108699138818,340.8444519042969,153711200,28.75806775280782,-7.360718102654938,-2.2957814336564315,7.811205040557641,15.192725385412361,-0.0154634804074536,0.024833404163370838,-0.020889008225880468,0.019676287123563174,-0.002552726352124224,-0.016754601776967526,4,-0.01705045472875666,-0.017672053903172724,0.009477744999320192,31.6200008392334,-0.0069095261400811125,1
2022-10-03,344.5660844856892,351.6944470852205,342.78161312339256,349.8431701660156,89756500,38.01624371147302,-5.646628602658006,-1.5846560573485942,8.028261479155208,15.554993172647173,0.026401246115179244,0.0254766556042766,-0.0154634804074536,-0.020889008225880468,0.019676287123563174,-0.009892864887556585,0,0.011591162755689721,0.0017728009268374034,-0.01834981878446995,30.100000381469727,-0.048070854440891986,1
2022-10-04,355.36842016959133,360.71231209913736,349.8050658415785,360.6836853027344,103602800,46.958718027162774,-1.593364001581982,-0.2865392372282347,8.233903249041186,15.49239823608385,0.030986785111667192,0.030240475801959408,0.026401246115179244,-0.0154634804074536,-0.020889008225880468,-0.002552726352124224,1,0.007851848089959645,0.002175868233046163,0.010740481143916458,29.06999969482422,-0.03421929148145797,0
2022-10-05,356.3131384107271,362.1055067151951,353.9847287224127,359.8439025878906,88065700,46.400245539244914,-0.07949497430077726,0.5666867785140699,8.22582287359413,15.12055898548751,-0.0023283080135406697,0.02256750200400831,0.030986785111667192,0.026401246115179244,-0.0154634804074536,0.019676287123563174,2,0.03775754432630629,0.02572084882122838,0.029616574696606168,28.549999237060547,-0.01788787283187543,0
2022-10-06,358.441111032702,361.3993391526018,355.6355688484854,356.1318054199219,82333500,43.91409958418986,-0.27256052815246706,0.9117403474597392,8.049961975774291,14.555803090382891,-0.010315854016901382,0.016184373921111127,-0.0023283080135406697,0.030986785111667192,0.026401246115179244,-0.020889008225880468,3,-0.012099050357884611,-0.0047837299574895464,0.00475390325276126,30.520000457763672,0.06900179591409161,0
2022-10-07,352.09522785371945,356.21766045831674,344.43247955302377,346.1978759765625,107789500,38.04009414527014,-1.402390929954331,0.5210521522727163,8.31676332788277,13.6264485045756,-0.027893968727803142,0.034041748153564144,-0.010315854016901382,-0.0023283080135406697,0.030986785111667192,-0.0154634804074536,4,-0.003706858511333455,-0.007841121317388677,0.007034209483403497,31.360000610351562,0.027522940366608406,0
2022-10-11,341.8560084056642,346.42694756944854,339.4417182439327,341.3788757324219,92482800,35.47501658102129,-1.5520922826006793,-0.15007324759621987,8.083967241297362,11.569110850423431,-0.0063329678616138585,0.02046180892279628,-0.007635171133966834,-0.027893968727803142,-0.010315854016901382,0.030986785111667192,1,-4.853769453250223e-06,-0.004548682256661052,-0.007146909911519339,33.630001068115234,0.036363644913174786,0
2022-10-12,341.7891591233935,343.3636907851623,340.0046588434037,340.2527770996094,76991800,34.85935766055776,-3.7702836563760953,-0.33092275345135924,7.746471862758878,11.058032674389,-0.0032986769623529755,0.009872166130109872,-0.0063329678616138585,-0.007635171133966834,-0.027893968727803142,-0.0023283080135406697,2,-0.004293219704712747,-0.010647566774618533,-0.026362903509272284,33.56999969482422,-0.0017841620988797713,1
2022-10-13,333.2389867095814,350.7020596679561,332.1892890254387,349.23248291015625,147254500,43.3083857442008,0.8765527301499656,0.22048786910528584,8.515493204170202,10.226251677516682,0.026391278528545392,0.05300987608097159,-0.0032986769623529755,-0.0063329678616138585,-0.007635171133966834,-0.010315854016901382,3,-0.003927107413923658,-0.008569104503332814,-0.00016741335637515675,31.940000534057617,-0.04855523311243615,0
2022-10-14,351.6944557677686,353.32627035722425,340.6345247152281,341.2738952636719,123737000,38.537521341337815,0.12599394151076873,0.12049424397746655,8.813796949729197,9.839251781182336,-0.022788795532893813,0.03718932452243485,0.026391278528545392,-0.0032986769623529755,-0.0063329678616138585,-0.027893968727803142,4,0.015060499531706073,0.003530457455898972,-0.006038988612579788,32.02000045776367,0.0025046938750283854,1
2022-10-17,347.3621566992135,351.1505914925585,340.9399400894957,350.04364013671875,93168200,45.64333072713205,0.057302811030437835,0.6847433574652246,8.913572267824454,8.472432583800197,0.025697086694167703,0.02916965267266321,-0.022788795532893813,0.026391278528545392,-0.0032986769623529755,-0.007635171133966834,0,0.006655251446517241,0.0012408216052359755,0.032523771250790645,31.3700008392334,-0.02029980041342172,1
2022-10-18,357.97352458781444,358.27889645424324,350.71155095897484,354.1564636230469,97162900,48.64213577173639,-1.8096803225820917,1.3369935679866236,8.865121128517314,7.449149771430692,0.011749459252342831,0.021367238134958468,0.025697086694167703,-0.022788795532893813,0.026391278528545392,-0.0063329678616138585,1,0.016982146408573318,0.008952060473180312,-0.011626499435599458,30.5,-0.02773352935793738,0
2022-10-19,352.11427858955096,354.8434919860376,348.8316042350714,351.6466979980469,79746900,46.94029475344818,-2.277989019931111,1.5845236831395253,8.66131874440652,6.9726316509152575,-0.007086601213838972,0.01709638618872965,0.011749459252342831,0.025697086694167703,-0.022788795532893813,-0.0032986769623529755,2,0.009216522974872854,0.002384324085187073,0.014205055231507169,30.760000228881836,0.008524597668256861,0
2022-10-20,351.1983215191954,355.6261273006827,347.9347207818172,348.6981506347656,88283100,44.95053412601335,-2.0873324628759526,1.5337936701331643,8.59203929972502,6.6788534136680235,-0.008384970995227836,0.02205749157219265,-0.007086601213838972,0.011749459252342831,0.025697086694167703,0.026391278528545392,3,-0.0018957335094861305,-0.0016867090955446917,0.0037280788817906085,29.979999542236328,-0.02535762941617703,1
2022-10-21,348.42140049601363,357.65868317017765,346.91367388110444,357.1720275878906,131038400,51.3350767648959,3.1699072619587856,2.024235947142973,8.745822870392747,6.9663647136446665,0.024301468010940797,0.03008356886634731,-0.008384970995227836,-0.007086601213838972,0.011749459252342831,-0.022788795532893813,4,0.002040590459074565,0.0027292277752708483,-0.009187233475107304,29.690000534057617,-0.009673082475206707,1
2022-10-24,358.69881886172783,362.6780890904026,356.0459332134546,361.5425109863281,85436900,54.28026076023793,5.235824306021969,2.561682103138165,8.594846656575264,7.576099331810901,0.012236354083921208,0.018344055471802564,0.024301468010940797,-0.008384970995227836,-0.007086601213838972,0.025697086694167703,0,-0.0028596062300957348,0.003715533537579141,-0.004309291209934063,29.850000381469727,0.005389014635704514,1
2022-10-25,361.46614520779,367.63069061993605,361.351638036336,367.3157958984375,78846300,57.90444930604225,7.597693357671432,3.184100487994395,8.429432794219892,8.637625519519032,0.015968481538614077,0.01709442570592908,0.012236354083921208,0.024301468010940797,-0.008384970995227836,0.011749459252342831,1,0.015752994567075795,0.006356055991804999,0.003135682170299914,28.459999084472656,-0.04656620700949654,0
2022-10-26,364.16670060269513,369.85411334727513,363.90905946867207,364.54840087890625,104087300,55.628124130188034,7.1404630364513695,3.2748461697420757,8.251977157390119,9.24483591630452,-0.007534102944748988,0.01630799604186951,0.015968481538614077,0.012236354083921208,0.024301468010940797,-0.007086601213838972,2,0.009396453127047177,-7.128599942973768e-05,0.010208708920597331,27.280000686645508,-0.041461645670640146,0
2022-10-27,365.55036040862007,367.3920851710098,361.9813889212359,362.6016845703125,81971800,54.01937574971656,3.8281667125436374,3.072502424028732,8.049028521131815,9.501254884057284,-0.005340076390131787,0.014921872898041331,-0.007534102944748988,0.015968481538614077,0.012236354083921208,-0.008384970995227836,3,0.010943847970306564,0.006074014066621558,0.006662704073489012,27.389999389648438,0.004032210419143256,1
2022-10-28,362.49677973202483,371.70543468470186,362.3154669828309,371.2283020019531,100302000,59.59565295605798,8.777233522399406,3.3648257003146043,8.14480989118461,10.043408319453647,0.023790891765611333,0.02529432064105269,-0.005340076390131787,-0.007534102944748988,0.015968481538614077,0.024301468010940797,4,0.0011686208682635257,0.0024943095212177635,-0.0031569012457154377,25.75,-0.05987584615530317,0
2022-10-31,368.7663054799875,370.6366574184391,367.6402793522776,368.54681396484375,96631300,57.270659757353634,5.285962007736549,3.222546621888017,7.819325088219673,10.57792707405326,-0.007223285570223781,0.008130250900628593,0.023790891765611333,-0.005340076390131787,-0.007534102944748988,0.012236354083921208,0,0.0024297213988453414,-0.0036755869321729584,-0.008778164447180492,25.8799991607666,0.005048511097732078,0
2022-11-01,372.2970465066368,372.53561281137877,365.7603239323339,366.9340515136719,85407600,55.85916025307957,3.6078934603958177,2.8761844461217745,7.744751073278615,10.895597091694393,-0.00437600432309182,0.018464595616284524,-0.007223285570223781,0.023790891765611333,-0.005340076390131787,0.015968481538614077,1,0.0007860678687754419,0.006640436367969738,0.017792221885474913,25.809999465942383,-0.0027047796404234825,0
2022-11-02,366.3424479641309,370.85613338006743,357.62047814363854,357.7254333496094,126990400,48.50778292896453,1.728648494687774,1.928758643841995,8.136958513503634,10.852820637250407,-0.025096112301584483,0.03699948061421043,-0.00437600432309182,-0.007223285570223781,0.023790891765611333,-0.007534102944748988,2,0.0064132839860211455,0.012925533203537842,0.003315237476265054,25.860000610351562,0.0019372780102207,0
2022-11-04,359.75799240640606,361.5424637304622,353.0781357834755,359.1377258300781,103505200,49.90908914391453,0.5503505566946431,0.6959699789511842,8.00547049306338,10.639410465866222,0.014393195351602772,0.02356847342457003,-0.010297009532631352,-0.025096112301584483,-0.00437600432309182,0.023790891765611333,4,-0.009546072597798494,0.006228916083440561,-0.0005610514036975545,24.549999237060547,-0.029644269668647527,1
2022-11-07,360.43554599672575,363.1647599563083,358.3552545876023,362.5731201171875,68286900,52.46351403166338,0.2850589071940002,0.6864653042917561,7.777187269894993,10.271283482396761,0.009565673667864205,0.01326492534016721,0.014393195351602772,-0.010297009532631352,-0.025096112301584483,-0.007223285570223781,0,0.02510696104925758,0.020337715973227644,-0.01676043247590875,24.350000381469727,-0.00814659314892785,1
2022-11-08,363.68004778364957,367.50666109536877,360.44510344190144,364.52935791015625,84641100,53.90502364675064,-0.7585946532644345,0.7676472707707133,7.726070868721588,9.63674258452005,0.005395429733832557,0.01937171177090148,0.009565673667864205,0.014393195351602772,-0.010297009532631352,-0.00437600432309182,1,0.005473309436064389,-0.004744479142465563,0.012055276550420935,25.540000915527344,0.04887065771724597,0
2022-11-09,362.5539523085774,363.7086341105511,356.5229895570527,357.01922607421875,78495500,47.89973140553293,-2.065342979570085,0.295542956232956,7.746092117606013,8.527723644611171,-0.020602268851521388,0.02012677197391211,0.005395429733832557,0.009565673667864205,0.014393195351602772,-0.025096112301584483,2,0.011470073870404551,0.0008356298159246656,0.012513558815032022,26.09000015258789,0.021534816654065425,1
2022-11-10,370.30264142200895,376.9729757332263,368.0028876550996,376.63897705078125,141455800,60.332554472394065,3.8712706194686093,1.2320901465351588,8.618067656277551,9.212715980146049,0.05495432610815154,0.02381614390620356,-0.020602268851521388,0.005395429733832557,0.009565673667864205,-0.010297009532631352,3,-0.0016385489909597206,-0.0013413849848421533,-0.005585500738585547,23.530000686645508,-0.09812186473630413,1
2022-11-11,377.4978037709963,381.085850591747,375.60834800694585,380.2842712402344,93839900,62.14027393622349,2.43946088955082,1.9801967630901929,8.393741579743521,9.146154783016547,0.009678483671544225,0.014403705330586403,0.05495432610815154,-0.020602268851521388,0.005395429733832557,0.014393195351602772,4,0.035105977342794636,0.01082740596120324,-0.009753423553211737,22.520000457763672,-0.04292393537646866,0
2022-11-14,378.51889318368023,381.8778966959395,376.7725713035823,377.04931640625,71903500,59.546836270905246,2.3070345799319045,2.127380805558506,8.158854709215927,9.299357983228074,-0.008506675344299941,0.013540205936500075,0.009678483671544225,0.05495432610815154,-0.020602268851521388,0.009565673667864205,0,0.0055683590789084025,-0.0077691492149352115,0.029784585597210755,23.729999542236328,0.05372997601585361,1
2022-11-15,382.8035778525619,383.9105292645869,376.44816648734445,380.2652282714844,93194500,61.27701923260829,3.6331260897752315,2.297033100840318,8.109105285503535,9.824238541780389,0.008529154477419532,0.01962409976626843,-0.008506675344299941,0.009678483671544225,0.05495432610815154,0.005395429733832557,1,0.006217245789361003,0.009182863529994645,-0.010617894556735341,24.540000915527344,0.03413406611531178,0
2022-11-16,378.6334179598029,379.58768334395705,376.73443916433405,377.3642578125,68508500,58.83256898143085,5.489915625791517,2.076274065189393,7.782082701335448,9.693017294280713,-0.00762880811419675,0.007560981519984568,0.008529154477419532,-0.008506675344299941,0.009678483671544225,-0.020602268851521388,2,0.004555899885234416,-0.0021394535761912747,0.000954789161669245,24.110000610351562,-0.017522424170070217,0
2022-11-17,372.60244233222005,376.88711357872995,372.29709955126145,376.2095642089844,74496300,57.8434559100389,6.2613015877777265,1.7290963849833005,7.588159527042812,8.955787162327674,-0.003059891284376337,0.012200684044594746,-0.00762880811419675,0.008529154477419532,-0.008506675344299941,0.05495432610815154,3,-0.010048293915194906,-0.0024696321644129826,0.0013622946727880336,23.93000030517578,-0.007465794301908857,1
2022-11-18,379.54944898801807,379.61625454437336,375.0644198124641,377.91766357421875,92922500,58.94308321568473,5.229174323230564,1.4996373740241493,7.371279184533273,8.915434994193888,0.004540286924458847,0.012044514376119718,-0.003059891284376337,-0.00762880811419675,0.008529154477419532,0.009678483671544225,4,0.002272694995975044,-0.0006393779502151808,-0.0034868495779586395,23.1200008392334,-0.03384870270006601,0
2022-11-21,376.59127932303574,377.7173054097724,374.70182350827446,376.5435485839844,51243200,57.6405076094787,3.8531340829351843,1.1558730684046759,7.074462104634059,8.94616304686019,-0.0036360168435591866,0.00800832178067542,0.004540286924458847,-0.003059891284376337,-0.00762880811419675,-0.008506675344299941,0,0.011599331442825545,0.0053086503777308724,-0.0011027623462530611,22.360000610351562,-0.03287198102485167,1
2022-11-22,378.49021994388283,381.7728946397623,377.07789693039774,381.61065673828125,60429000,61.058018575646116,4.685849975445584,1.1669144561781213,6.942668101144334,9.402089922738313,0.013456898075540069,0.01230310953445018,-0.0036360168435591866,0.004540286924458847,-0.003059891284376337,0.008529154477419532,1,-0.0035983347120509546,-0.0011644570653646102,0.001613616599935419,21.290000915527344,-0.0478532945266944,1
2022-11-25,383.45240227506304,384.4830250793276,383.175686313319,383.9295349121094,30545400,62.50495118966457,1.9356886317013224,1.1534420897890598,6.308782218103079,10.101592777477867,-0.00022370710406349748,0.0034051528916833862,0.006301671910329487,0.013456898075540069,-0.0036360168435591866,-0.003059891284376337,4,0.007760806051123392,0.00018752375115527187,0.009508894560354975,20.5,0.007370988487393815,0
2022-11-28,380.837748913633,382.4790864541177,377.0397623978261,377.8031921386719,67881600,55.96652793156041,-0.652427483648185,0.6114205167034976,6.3502815249730915,10.192837516027096,-0.015956945783918264,0.014397242187130831,-0.00022370710406349748,0.006301671910329487,0.013456898075540069,0.004540286924458847,0,0.000125197224248641,0.0026920013651943187,-0.0035253577896500188,22.209999084472656,0.08341458948647107,0
2022-11-29,377.93677231301285,379.12960397556105,375.3125426554069,377.154296875,52310000,55.30660442042153,0.027842636011276917,0.1524780591601429,6.169337224628882,10.211654230198933,-0.0017175483880869091,0.010120688937608044,-0.015956945783918264,-0.00022370710406349748,0.006301671910329487,-0.0036360168435591866,1,-0.010866886947694332,-0.0016963675559563685,-0.004249870743629369,21.889999389648438,-0.014407911211844038,1
2022-11-30,377.4023553187591,389.03485107421875,375.48430196447526,389.03485107421875,144566700,63.73743773531968,2.3061858278752325,0.5689191690228057,6.696566644994212,10.785144281046472,0.03150051397440734,0.03483119590012864,-0.0017175483880869091,-0.015956945783918264,-0.00022370710406349748,0.013456898075540069,2,-0.00194044754270295,0.005084292213004993,-0.004793205583406568,20.579999923706055,-0.05984465520642579,0
2022-12-01,390.0750097932602,391.24876657686235,386.2388738341099,388.74859619140625,76398200,63.42698029394348,3.0168035639884994,0.7344491952248857,6.57608993769123,10.561520669491971,-0.000735807812647371,0.01288723044104775,0.03150051397440734,-0.0017175483880869091,-0.015956945783918264,0.006301671910329487,3,0.002897146601754219,0.008133665822184444,-0.002099684089215459,19.84000015258789,-0.03595722905060661,0
2022-12-02,383.8531997520255,389.20661386702676,383.7482445522166,388.3000793457031,85342700,62.90992477475141,3.213771335702266,0.7220065199672163,6.496252750342583,9.596064304799459,-0.001153745248464566,0.014057090392584211,-0.000735807812647371,0.03150051397440734,-0.0017175483880869091,-0.00022370710406349748,4,0.006477704123345029,-0.0019278891692938727,0.009191960152856282,19.059999465942383,-0.039314550435815665,0
2022-12-05,385.4755232109301,386.4106846727753,379.9598703175565,381.3149108886719,77289800,55.34316504754224,0.8989384836694578,0.17986683500546974,6.62796391304287,8.591805512517343,-0.017989098711495122,0.016917288495707783,-0.001153745248464566,-0.000735807812647371,0.03150051397440734,-0.015956945783918264,0,0.0026976559682605483,-0.0003042673397499751,-0.015878212144921133,20.75,0.08866739671621793,0
2022-12-06,381.1526671084108,381.69657620844976,373.7284840801718,375.81829833984375,77972200,50.22393722430336,-0.192607268632798,-0.5712706079501686,6.723687356988231,7.757457252687399,-0.01441489013901398,0.021201980221496747,-0.017989098711495122,-0.001153745248464566,-0.000735807812647371,-0.0017175483880869091,1,-0.005628543170345446,0.001495434794661632,0.0015299932465142607,22.170000076293945,0.06843373861657565,0
2022-12-07,374.9689850432598,377.54551283524984,374.0433465972937,375.1789245605469,65927900,49.64864010061678,-1.6854173394181253,-1.1027482585537207,6.493578705628797,7.0250613123654935,-0.0017012843230924668,0.009334656103240047,-0.01441489013901398,-0.017989098711495122,-0.001153745248464566,0.03150051397440734,2,-0.007227487406850419,-0.006091853010406378,0.002353264118443832,22.68000030517578,0.02300406978469849,1
2022-12-08,377.068403979044,379.18684498444895,375.2839034087124,378.1180725097656,60737900,52.350666493880816,-1.5357115213052606,-1.2378001871796105,6.316031685505459,4.570294841671524,0.007833990015994052,0.010322018066554531,-0.0017012843230924668,-0.01441489013901398,-0.017989098711495122,-0.000735807812647371,3,-0.005716998627465553,-0.004281078981216768,-0.007153040451925774,22.290000915527344,-0.017195740052941555,0
2022-12-09,376.877540928146,379.43496494979524,375.1693978824169,375.29345703125,81447700,49.596128728672205,-2.2493913844988196,-1.4823092277989263,6.169569927067809,4.638495617242775,-0.007470194322549029,0.011365951064324498,0.007833990015994052,-0.0017012843230924668,-0.01441489013901398,-0.001153745248464566,4,0.0002362453991209268,-0.002269935314406557,-0.004044249217854845,22.829999923706055,0.024226064872098885,1
2022-12-12,376.0854626556509,380.7041320800781,375.41749445562255,380.7041320800781,75405800,54.53143967105256,0.7678442114225086,-1.2536708128525484,6.1153631500506895,4.640173625296412,0.014417184599031296,0.013886472929964356,-0.007470194322549029,0.007833990015994052,-0.0017012843230924668,-0.017989098711495122,0,0.007442231617928119,0.0005888362501997868,0.011843584140311059,25.0,0.09505037597659727,1
2022-12-13,391.45868674150205,391.7163278716569,380.8186351718438,383.58599853515625,123782500,56.94933540833169,1.7053237132514771,-0.8989836299866636,6.46513691015984,4.638956059014439,0.007569832350734718,0.028410037752757814,0.014417184599031296,-0.007470194322549029,0.007833990015994052,-0.01441489013901398,1,-0.004459751840510617,-0.004092782448782084,-0.002103138488281364,22.549999237060547,-0.09800003051757811,0
2022-12-14,383.24246302501166,386.95456892239247,378.18486871743545,381.133544921875,108111300,54.30290160258704,-2.0310021404319802,-0.8222596888578129,6.629748574073924,4.640827536397237,-0.006393490958081616,0.0230095207357165,0.007569832350734718,0.014417184599031296,-0.007470194322549029,-0.0017012843230924668,2,0.013368610720458474,0.007641673696447748,0.004041311590454955,21.139999389648438,-0.06252771153512049,0
2022-12-15,376.2667969393166,377.1733606249857,370.1499819805847,371.8103942871094,117705900,45.62320156836267,-4.35710947132452,-1.360377454934417,6.9407353145893795,5.0111025095493265,-0.02446163755194175,0.01888967805181266,-0.006393490958081616,0.007569832350734718,0.014417184599031296,0.007833990015994052,3,-0.0025996509863807082,-0.0009329725960776081,0.007203091089335478,22.829999923706055,0.07994326314338274,0
2022-12-16,369.2517657317392,370.59386612148,365.2829810609633,367.4207458496094,119858000,42.20281769779033,-5.377112858507789,-1.9377119090642014,6.911212308271999,5.756845940473484,-0.011806147716543758,0.014454505142968994,-0.02446163755194175,-0.006393490958081616,0.007569832350734718,-0.007470194322549029,4,-0.03277753559152974,-0.009298377504942001,-0.0037118530963555774,22.6200008392334,-0.009198383056260973,0
2022-12-19,367.61249023125134,367.94802264552084,362.63710828294205,364.3051452636719,79878100,39.91549553751367,-4.4608183785307425,-2.423638602548587,6.796905312151055,6.772734828865117,-0.008479653424939615,0.014578203002691392,-0.011806147716543758,-0.02446163755194175,-0.006393490958081616,0.014417184599031296,0,-0.006660848071834091,-0.012671365594971062,-0.018700474222052343,22.420000076293945,-0.008841766380156879,1
2022-12-20,363.5478242860952,366.42376617165866,362.224886337841,364.80364990234375,74427200,40.471429813855785,-2.930844103694948,-2.5906318874421297,6.61133206369867,7.527549060950951,0.001368371117325573,0.01150997210401182,-0.008479653424939615,-0.011806147716543758,-0.02446163755194175,0.007569832350734718,1,0.0035845067769284533,0.003982447953838397,-0.010516120998574907,21.479999542236328,-0.041926874703784645,1
2022-12-21,367.40155201274337,371.38952801231983,366.86471190276114,370.2583312988281,78167400,46.32374908023516,-1.3115324288224133,-2.2267736304070023,6.609513924147057,7.729241931656011,0.014952376156172065,0.012220700324787009,0.001368371117325573,-0.008479653424939615,-0.011806147716543758,-0.006393490958081616,2,-0.004174890854483637,0.001263403640051175,-0.02458404299197625,20.06999969482422,-0.06564245239575606,0
2022-12-22,367.20980089104194,370.23912957543627,359.2722031883447,364.9761657714844,100120900,42.016052483447936,-3.4756092590474728,-2.2293871821882303,6.922129223171084,8.148515866771636,-0.014266162516355707,0.030048335797242413,0.014952376156172065,0.001368371117325573,-0.008479653424939615,-0.02446163755194175,3,0.01535220551682337,0.01718987672001626,-0.00678667550894374,21.969999313354492,0.09466864212360981,1
2022-12-23,363.950423157118,367.21941379519086,362.39741929068407,367.07562255859375,59857300,44.23566689615972,-2.189708964729424,-1.9854020416541376,6.772119600409349,8.289620322312858,0.005752312024736028,0.01313624280167798,-0.014266162516355707,0.014952376156172065,0.001368371117325573,-0.011806147716543758,4,-0.013033929779703302,-0.0037346779146398834,0.00455319498230744,20.8700008392334,-0.05006820703232606,0
2022-12-28,365.5609421925815,367.53578243852644,360.8540099500132,361.0840759277344,70911500,39.33765753672964,-5.866200198482881,-1.9097898465018153,6.5390381653142375,9.271661316287478,-0.012427946779628662,0.01850475535744887,-0.003943438883556083,0.005752312024736028,-0.014266162516355707,0.001368371117325573,2,0.003885674993653554,0.0004953871727277903,0.0015905554850828008,22.139999389648438,0.02263278428415183,1
2022-12-29,363.93126597675223,368.45608223881914,363.40399242752494,367.5837097167969,66970900,46.39364714081413,-3.555141074726335,-1.4424330517834556,6.598535890012132,8.737278973499162,0.018000333502281807,0.013744052518504026,-0.012427946779628662,-0.003943438883556083,0.005752312024736028,0.014952376156172065,3,-0.004966023961233135,0.003238350771109344,-0.004059651840158107,21.440000534057617,-0.03161693201844007,0
2022-12-30,364.8994905444754,366.7592392294088,362.78085913190785,366.6154479980469,84022200,45.54376972580374,-1.3972030822384698,-1.1245906195796254,6.47027265393191,8.069256846572348,-0.002634125760077821,0.01085164337516451,0.018000333502281807,-0.012427946779628662,-0.003943438883556083,-0.014266162516355707,4,0.010492913862691244,0.0020674384565175785,-0.009370743840284024,21.670000076293945,0.010727590322163083,0
2023-01-04,367.33453204681723,369.92289192872187,364.286040101,367.89056396484375,85934100,47.31419235486621,0.9841800885290458,-0.5970652826061023,6.52841250740815,6.888904486166103,0.007720342311197337,0.015322088631391232,-0.0042097666286115,-0.002634125760077821,0.018000333502281807,-0.003943438883556083,2,0.007989770472832447,0.013741817257780342,3.181147487052449e-05,22.010000228881836,-0.03886460281546322,0
2023-01-05,365.93482035409846,366.0498533403474,363.09723275612134,363.69158935546875,76970500,43.37749477625998,-0.3048381087120958,-0.5945498214906988,6.404478128930597,6.967572400469462,-0.011413651288365911,0.008118473648122201,0.007720342311197337,-0.0042097666286115,-0.002634125760077821,-0.012427946779628662,3,0.02179647060362777,0.004116982467031294,-0.01447203912701911,22.459999084472656,0.02044519995053551,1
2023-01-06,366.78802795358683,373.153460042991,363.72037415912655,372.0318298339844,104189600,51.93236431132834,0.47898950144754326,-0.01101428948698846,6.622863311687145,6.875609865686423,0.022932178589271546,0.025355588225001845,-0.011413651288365911,0.007720342311197337,-0.0042097666286115,0.018000333502281807,4,-0.003758990344008506,0.006367637431289985,0.004041761271636579,21.1299991607666,-0.05921638370081361,0
2023-01-10,371.2361840133922,374.4955791323068,370.2966990841329,374.428466796875,65358100,54.21739548667945,2.0030870443072164,0.758471900062963,6.393859999126155,6.558892817267252,0.007012985328829657,0.011214104750352028,-0.0005669877765408504,0.022932178589271546,-0.011413651288365911,-0.0042097666286115,1,0.0125126832639737,0.0032989028305410173,0.005927346305856451,20.579999923706055,-0.06326806705012156,1
2023-01-11,376.01025589251583,379.24089274048094,375.1953998041472,379.1641845703125,68881100,58.42437055270267,3.7021506145489393,1.2864418777291733,6.280900423731855,6.415961431744618,0.012647857183376576,0.010669501764567494,0.007012985328829657,-0.0005669877765408504,0.022932178589271546,0.007720342311197337,2,-0.0012323854633440323,-0.003935313431637666,0.007765923824676113,21.09000015258789,0.024781352321307182,1
2023-01-12,380.26663005159156,382.0113458697923,376.19237910493234,380.54461669921875,90157700,59.59003055373784,5.389476321126693,1.651101597356477,6.247905162383863,6.057753379508928,0.0036407239530564794,0.01529115512218442,0.012647857183376576,0.007012985328829657,-0.0005669877765408504,-0.011413651288365911,3,0.01173030413392917,0.003963870296965322,0.010331754028369389,18.829999923706055,-0.10715980144763149,1
2023-01-13,377.34276186889844,382.5961598321735,377.0743417835104,382.0209655761719,63903900,60.85411982722806,3.927610358603246,1.896643534273407,6.1960417971180926,6.160819452210022,0.0038795684189643076,0.014454227768193191,0.0036407239530564794,0.012647857183376576,0.007012985328829657,0.022932178589271546,4,0.007384955307036201,0.008932038834951417,0.00014445710126298472,18.350000381469727,-0.025491213180093064,0
2023-01-17,382.00176656830166,383.6793992551705,380.64047460135316,381.32110595703125,62677300,59.897575524671446,4.01119430162766,1.911449662143444,5.970533429739467,6.749154469455148,-0.001831992697272744,0.007969463547501015,0.0038795684189643076,0.0036407239530564794,0.012647857183376576,-0.0005669877765408504,1,0.0031498655282331534,0.0020397495953399236,-0.011378433603819738,19.360000610351562,0.055040883263509865,0
2023-01-18,382.5098579883935,383.57394241937,375.0995040316948,375.3008117675781,99632300,52.28420335069473,2.8018382499844097,1.4369646081107281,6.149383783877734,6.828500344001741,-0.015787991001294133,0.022580389175719084,-0.001831992697272744,0.0038795684189643076,0.0036407239530564794,0.007012985328829657,2,0.003504039456789121,-0.0011577584945723363,0.012251392251797721,20.34000015258789,0.0506198094700645,0
2023-01-19,373.258831880303,374.907706111415,371.2456963150845,372.5686340332031,86958900,49.22618615370517,1.2715928394418996,0.8872393885021783,5.9997931887788685,6.6746938171749575,-0.0072799675585754064,0.009829087748713,-0.015787991001294133,-0.001831992697272744,0.0038795684189643076,0.012647857183376576,3,-0.00034703913948186393,-0.0025856330005731287,0.024960688945471432,20.520000457763672,0.008849572459461275,1
2023-01-20,373.9682673467044,379.66263388423897,372.31939304197067,379.5092468261719,91806400,56.22979052797041,4.349195288990611,0.9344452911608735,6.095753735456685,6.800179626850909,0.018629085110664967,0.019349306778898474,-0.0072799675585754064,-0.015787991001294133,-0.001831992697272744,0.0036407239530564794,4,-0.017220583625683017,-0.010650438472273982,-0.014403604039439077,19.850000381469727,-0.03265107511439913,1
2023-01-23,380.31458203818664,385.99935386476415,379.3559346776604,384.0628967285156,84178800,60.11682219091355,3.2338810633219204,1.1988612602211361,6.1348726962886175,7.393398964225541,0.011998785116372979,0.01729773754167097,0.018629085110664967,-0.0072799675585754064,-0.015787991001294133,0.0038795684189643076,0,0.007586895764092327,0.003007537278298278,0.0056162671369413,19.809999465942383,-0.0020151594336836887,0
2023-01-24,382.385274229188,384.56139326464876,381.1965608316531,383.65069580078125,59524900,59.60085044525361,3.1815865409119812,1.2659177226594351,5.93701267748198,7.622134291406637,-0.0010732641222194195,0.008770562571175276,0.011998785116372979,0.018629085110664967,-0.0072799675585754064,-0.001831992697272744,1,0.0046157149060710445,0.001814544240991589,0.013275439271512868,19.200000762939453,-0.030792464384042373,1
2023-01-25,379.57636134944494,384.12993543916394,377.2851805542504,383.7944030761719,84800300,59.730615981416165,2.501395355812472,1.2383493395313143,6.001851406584234,7.848260526541603,0.00037457843023247506,0.017834431221643025,-0.0010732641222194195,0.011998785116372979,0.018629085110664967,-0.015787991001294133,2,-0.0006515179897139678,-0.003506916423729245,0.01461197576171469,19.079999923706055,-0.006250043461718424,1
2023-01-26,386.4594777963223,388.1754645974599,383.4876654146606,388.0124816894531,72287400,63.442421097748145,2.3336320990253734,1.410111528260975,5.907990533456737,8.201679375503765,0.010990464111703346,0.012081568001080853,0.00037457843023247506,-0.0010732641222194195,0.011998785116372979,-0.0072799675585754064,3,-0.0007599959755023589,-0.0016113646527651238,0.003510005770117619,18.729999542236328,-0.018343835580149404,1
2023-01-27,386.9675045085401,391.2814165991372,386.75660096944296,388.9039611816406,68346200,64.19361495516216,2.1966792106874222,1.482296486224179,5.809192326045129,8.033734146545303,0.0022975536464855395,0.011634789257342808,0.010990464111703346,0.00037457843023247506,-0.0010732641222194195,0.018629085110664967,4,0.003395516809261867,0.002091724298153519,-0.0011775781757698,18.510000228881836,-0.011745825879941552,0
2023-01-30,386.1431078861568,388.3767724039486,383.7273273025726,384.0245056152344,74202000,57.25842026016845,0.5244581370136897,1.116618263285312,5.76400957983248,7.8993381366560325,-0.012546685180527817,0.012107157312597294,0.0022975536464855395,0.010990464111703346,0.00037457843023247506,0.011998785116372979,0,0.0011353224611350132,0.0005282882071691031,0.000723996925564796,19.940000534057617,0.07725555307905929,1
2023-01-31,384.5421906397612,389.7188801347345,384.19706240377985,389.67095947265625,86811800,62.3300852813605,2.1897171137875313,1.1648592881719146,5.759035646951597,7.93156558281804,0.014703368599813249,0.014170462531843129,-0.012546685180527817,0.0022975536464855395,0.010990464111703346,-0.0010732641222194195,1,-0.0015808678187588798,0.0025369219769943996,0.0018566504641874815,19.399999618530273,-0.02708128891997874,1
2023-02-01,388.45348175657574,396.5636593442866,385.7117643976384,393.81231689453125,101459200,65.55812175024883,4.932444734070334,1.3713013161266332,6.12281131121564,7.971733087706497,0.01062783181861815,0.0275560069634757,0.014703368599813249,-0.012546685180527817,0.0022975536464855395,0.00037457843023247506,2,0.0001447468950113162,-0.0016955525693113094,-0.003874511147415882,17.8700008392334,-0.07886591800937293,1
2023-02-02,397.70436739497256,401.01171197085296,395.80626464324223,399.54498291015625,101654500,69.45950390192883,7.240638747530477,1.7645067594879147,6.199710151580359,8.594685249256408,0.014556847944297013,0.013028438724711133,0.01062783181861815,0.014703368599813249,-0.012546685180527817,0.010990464111703346,3,0.0034683876445096296,-0.001363935482565748,0.0007235117371429123,18.729999542236328,0.04812527490848306,0
2023-02-03,394.56963646776256,399.7271635935274,394.0903128204698,395.2982177734375,94736800,63.702768615450886,4.160365282086924,1.6132737641355552,6.1595059102573035,7.999244999719302,-0.010629003787725466,0.01425974244156167,0.014556847944297013,0.01062783181861815,0.014703368599813249,0.0022975536464855395,4,0.02163598021187152,0.007614912436717303,0.002017411863484586,18.329999923706055,-0.021356093342568938,0
2023-02-06,392.8440909429574,394.2820619137646,391.22397464206705,392.8824157714844,60295300,60.62467527915161,2.2963736195540507,1.2418959989966867,6.010558568908243,7.828904387557871,-0.006111340485065675,0.0077837214111314695,-0.010629003787725466,0.014556847944297013,0.01062783181861815,-0.012546685180527817,0,-0.0021123437961526603,0.010434465529912007,0.00391978531488224,19.43000030517578,0.06001093213574449,1
2023-02-07,391.9620943439746,399.26698166926644,390.7158646278332,398.020751953125,90990700,64.54845408047446,3.74560930284503,1.2312609120310558,6.192027031231459,7.847208308475362,0.013078559832082837,0.02148409850358839,-0.006111340485065675,-0.010629003787725466,0.014556847944297013,0.014703368599813249,1,-0.008433439358136896,-0.008238579941797775,0.006695494816981951,18.65999984741211,-0.039629461949033495,0
2023-02-08,396.0459432619734,397.388043561494,392.97826035827575,393.6684875488281,76227500,59.16997829488973,2.572753639321972,0.8388156055317104,6.109917357204159,7.592284793003026,-0.010934767554053204,0.011201768347463368,0.013078559832082837,-0.006111340485065675,-0.010629003787725466,0.01062783181861815,2,-0.0016310712875707845,0.003572932395289108,-0.00029536328308565896,19.6299991607666,0.05198281464557564,0
2023-02-09,397.2730427680662,397.4264298512411,389.02866989488314,390.2557373046875,78694900,55.28026654219445,0.578140065357426,0.2856774501584507,6.273334685715144,7.434813029785888,-0.0086690968469183,0.02151860729673657,-0.010934767554053204,0.013078559832082837,-0.006111340485065675,0.014556847944297013,3,0.005950697516875492,0.0026065837846200868,-0.0028538350123150646,20.709999084472656,0.055017828317822426,1
2023-02-10,389.0765695741987,391.54989593055205,388.26174279369724,391.16644287109375,70769700,56.10943982673949,0.5817584584581835,-0.06392172087658565,6.060107432225121,7.328397789115604,0.0023336122428232464,0.008406020497873855,-0.0086690968469183,-0.010934767554053204,0.013078559832082837,-0.010629003787725466,4,0.00722617163835193,0.0032973164099823205,-0.0008009475816208589,20.530000686645508,-0.008691376426090858,1
2023-02-13,391.8182447169601,395.89249490064,391.3580835759682,395.7582702636719,64913500,60.12410041916917,3.055472886981309,-0.03255374779651632,5.9648177606052,7.431393188217522,0.011738807037932286,0.011457527651034976,0.0023336122428232464,-0.0086690968469183,-0.010934767554053204,-0.006111340485065675,0,-0.013878349887411767,-0.003627792825860343,0.0031405800971127107,20.34000015258789,-0.009254774851576553,0
2023-02-14,394.2340728818384,397.8865164448738,391.61698469819703,395.5762023925781,88389300,59.89018126670713,1.5154434212684136,-0.06863195678867307,5.986583045324598,7.420912370422267,-0.00046004817782441254,0.015849112531938277,0.011738807037932286,0.0023336122428232464,-0.0086690968469183,0.013078559832082837,1,0.0058374372231804195,0.008258813530764408,-0.008805620622123422,18.90999984741211,-0.07030483256873721,1
2023-02-15,393.3809452879777,396.9375187591641,392.5373309404456,396.86083984375,61555700,61.041901224964825,0.77410553668264,-0.05133471343400142,5.87326910056702,6.886904085473845,0.0032475094391470893,0.011087483009033913,-0.00046004817782441254,0.011738807037932286,0.0023336122428232464,-0.010934767554053204,2,-0.0010898163973637187,0.0007926675487053281,0.006396877884932817,18.229999542236328,-0.03595982605303094,0
2023-02-16,391.88540381719497,395.83502566820573,391.2622889776,391.396484375,76431500,53.94613099459138,-2.0394445891436868,-0.43207747975715094,5.853646369537232,5.545242262212561,-0.013768945988476444,0.011683131742758701,0.0032475094391470893,-0.00046004817782441254,0.011738807037932286,-0.0086690968469183,3,0.008177873689347415,0.005519292785016505,-0.003655798239222241,20.170000076293945,0.10641802428809233,0
2023-02-17,389.26831273199565,390.6583629922171,387.34142233465536,390.418701171875,89257800,52.76418125787879,-1.2343887177247943,-0.7550374953537444,5.72517606030919,4.869174897948063,-0.002498191072631606,0.00849585495675714,-0.013768945988476444,0.0032475094391470893,-0.00046004817782441254,0.0023336122428232464,4,0.0017605576146650925,0.0018380299171634196,0.007075160827194171,20.020000457763672,-0.007436768367024893,0
2023-02-21,386.392440449129,387.44695849959504,382.32778460616737,382.58660888671875,82655900,44.3769915002716,-2.620582258574297,-1.4605554140682653,5.894157524980507,4.994863694822324,-0.020060750834034247,0.013380431448774056,-0.002498191072631606,-0.013768945988476444,0.0032475094391470893,0.011738807037932286,1,-0.00028744317998319335,0.001236807563906428,0.000683622443630183,22.8700008392334,0.14235765815702117,0
2023-02-22,382.9987206737072,384.54215788611697,380.6021026620575,382.05926513671875,83742300,43.871331303489136,-4.0102147282727705,-1.8993679124489962,5.754578789200431,5.1333822582884405,-0.0013783643696638759,0.010312680737239843,-0.020060750834034247,-0.002498191072631606,-0.013768945988476444,-0.00046004817782441254,2,-0.005164233907087312,-0.004554359194130941,-0.002137148523451371,22.290000915527344,-0.025360730320178493,1
2023-02-24,379.0683237378521,380.8226354035622,377.36193273433554,379.9886169433594,108194400,42.25723582663995,-2.6308698066140646,-2.21977963163352,5.82087398222114,5.662304349664433,-0.010682417607301486,0.009107385102913444,0.005319538971691573,-0.0013783643696638759,-0.020060750834034247,-0.013768945988476444,4,0.0049221639232779335,-0.0028875371424310625,-0.013423286855814287,21.670000076293945,0.025070988739244404,1
2023-02-27,383.3342657519672,384.69555770016393,380.3432910551879,381.28277587890625,80444700,43.959055078407005,-2.526716484073404,-2.196525814831198,5.741307323262812,6.044545302193983,0.0034057834309804136,0.011414800039009148,-0.010682417607301486,0.005319538971691573,-0.0013783643696638759,-0.002498191072631606,0,-0.017185029418934294,-0.0036673115170945403,0.012882084930533111,20.950000762939453,-0.03322562578770549,0
2023-02-28,380.80348526155615,382.7687005643169,379.76812977335084,379.87359619140625,96438600,42.49056240409422,-4.013731427945282,-2.1773459705146654,5.545540428098756,6.342256116139847,-0.003695891282399666,0.007898866415169705,0.0034057834309804136,-0.010682417607301486,0.005319538971691573,-0.020060750834034247,1,0.011288125272315375,0.007158528811301412,-0.0010752564245397611,20.700000762939453,-0.011933173789771434,0
2023-03-01,379.058688324708,380.2857555557943,377.1126357022291,378.4163818359375,99706800,40.96652944517398,-4.337930455081032,-2.15982790075193,5.376081815632074,6.879037382490035,-0.0038360506496863955,0.008385260273803114,-0.003695891282399666,0.0034057834309804136,-0.010682417607301486,-0.0013783643696638759,2,-0.0010590718413996392,-0.00741015138373835,0.0007876181498445156,20.579999923706055,-0.0057971417782864965,1
2023-03-02,376.4415712731506,382.20305024263513,376.1060389057773,381.35943603515625,85127800,45.23857726285868,-3.9060048894461046,-1.858532181245228,5.427576781433912,7.0553292961793055,0.007777290678960824,0.015987571725629836,-0.0038360506496863955,-0.003695891282399666,0.0034057834309804136,0.005319538971691573,3,-0.003912760870586229,0.004900790804494015,0.0025858007118779724,19.59000015258789,-0.04810494532498932,1
2023-03-03,383.1808362617319,387.7248435531671,382.52896323446737,387.4755859375,90120000,52.87142565021046,-1.0017715012849622,-1.1884290224230574,5.4945646911894075,6.618581424987795,0.01603775683625641,0.013409568259967274,0.007777290678960824,-0.0038360506496863955,-0.003695891282399666,-0.010682417607301486,4,0.0014779541536236174,0.003676622321860723,-0.0006418017352212146,18.489999771118164,-0.05615111653403504,1
2023-03-06,388.3000515971973,390.6008283701899,387.3030795348652,387.7440490722656,72795900,53.179911581076276,-0.6850727415416267,-0.6927694586114677,5.337649272913356,6.422739532966448,0.0006928517421711522,0.008504963114753223,0.01603775683625641,0.007777290678960824,-0.0038360506496863955,0.0034057834309804136,0,0.016359335537064368,0.00039024391443232,0.015586152299870815,18.610000610351562,0.006490040060511015,0
2023-03-07,387.69614979307676,387.9358116155142,381.1869265041094,381.8004455566406,108310600,46.00086294481325,-0.20548636879000187,-0.7272916733705774,5.438451832805599,6.470879362775086,-0.01532867758988421,0.01767647259176278,0.0006928517421711522,0.01603775683625641,0.007777290678960824,-0.003695891282399666,1,0.0048265855062266105,-0.0021769315544235557,0.011111231555791301,19.59000015258789,0.052659833965358116,1
2023-03-08,381.91547162159134,383.1808636899206,380.1898891101756,382.4235534667969,74746600,46.8115159814011,0.09534864439101236,-0.6715820170693328,5.2636320290155565,6.068882554829544,0.0016320250995196517,0.007821104512603419,-0.01532867758988421,0.0006928517421711522,0.01603775683625641,-0.0038360506496863955,2,-0.006008197755280831,-0.0012988732302436912,0.002527849609721189,19.110000610351562,-0.02450227353229084,0
2023-03-09,383.20961635596575,384.87768235160564,374.38048397400695,375.3678894042969,111945300,39.56796920551755,-2.2712691131316234,-1.050747781327885,5.637458196771495,6.357550978722458,-0.018449867950177334,0.027965094175363765,0.0016320250995196517,-0.01532867758988421,0.0006928517421711522,0.007777290678960824,3,0.00464923056665123,0.0013132018869561612,0.00476980935251059,22.610000610351562,0.1831501773005757,0
2023-03-10,374.82148382483746,376.901761257044,368.4273229667233,369.9515686035156,189253000,35.080371524695465,-2.6414076349397226,-1.575594614456099,5.840099632025008,7.211558254008008,-0.01442936637275194,0.022906885683198437,-0.018449867950177334,0.0016320250995196517,-0.01532867758988421,0.01603775683625641,4,8.571231336729213e-05,-0.006292627013993135,0.0062916518607400995,24.799999237060547,0.09685973319727981,0
2023-03-13,366.021130129731,374.24634050095773,364.90909573022645,369.42431640625,157790000,34.66817921069912,-3.1101482214403635,-1.8486381456226169,6.08989571336117,7.849461213069009,-0.0014251924900761104,0.025275122280968794,-0.01442936637275194,-0.018449867950177334,0.0016320250995196517,0.0006928517421711522,0,-0.013128476805968292,-0.016700520007138286,-0.01674098346829589,26.520000457763672,0.06935489006518969,1
2023-03-14,374.3517676052174,377.1797888194533,371.0444227448801,375.5309143066406,149752400,43.0190371861712,-1.143191295290101,-1.5219726166494307,6.208865477635607,7.51726329673975,0.016530037761984584,0.016337845543025923,-0.0014251924900761104,-0.01442936637275194,-0.018449867950177334,-0.01532867758988421,1,-0.03036692502665328,-0.025785943834295888,-0.011050671168815085,23.729999542236328,-0.10520365261572151,0
2023-03-15,369.9324515707467,373.3835587348281,367.84257804775535,373.1822509765625,172996900,40.85597956042368,-1.383167090700703,-1.3726715491336752,6.3145419620105825,7.161371085767225,-0.006254247628093568,0.014847921283964706,0.016530037761984584,-0.0014251924900761104,-0.01442936637275194,0.0016320250995196517,2,0.018273398493337867,0.011724028144963983,-0.021949582596398898,26.139999389648438,0.10155920328285806,1
2023-03-16,370.82395451887174,380.0748950855989,370.31587262158683,379.7297668457031,143254200,48.613096333976856,-0.4273315500977643,-0.7715037290854676,6.560576283582115,6.162153645429937,0.017545089167576355,0.02569991429715191,-0.006254247628093568,0.016530037761984584,-0.0014251924900761104,-0.018449867950177334,3,-0.03266433813993186,-0.03831298449866405,0.0002733596198623012,22.989999771118164,-0.12050496144149447,0
2023-03-17,378.39793151645165,379.5334454433477,373.9039499902757,375.2896728515625,140553400,44.36378666221489,-3.144949908638397,-0.6180739725300675,6.508093467285353,5.718740601517358,-0.011692773076556806,0.015000400651308747,0.017545089167576355,-0.006254247628093568,0.016530037761984584,-0.01442936637275194,4,0.01573367877034948,0.008918238137381795,-0.008038019454729928,25.510000228881836,0.10961289616581449,1
2023-03-20,376.069194315506,379.31219038734906,375.3667296908288,378.89837646484375,93055800,48.31789890546137,-2.281317438291172,-0.2382566259597847,6.330552329321153,5.132090186245895,0.009615781819577451,0.01041297862854888,-0.011692773076556806,0.017545089167576355,-0.006254247628093568,-0.0014251924900761104,0,-0.01328910872871547,-0.010067489562247012,0.011964916563456773,24.149999618530273,-0.05331244994705253,1
2023-03-22,383.70032508905524,387.3185760861018,377.2913628844689,377.329833984375,111746600,46.908898214349406,-1.3319575732837614,0.30548361321054074,6.536612163146374,5.166589607236946,-0.0170464243434989,0.026574133022431803,0.013130508027631382,0.009615781819577451,-0.011692773076556806,-0.006254247628093568,2,0.017541906989120504,0.017869000758217846,-0.014199244010318024,22.260000228881836,0.041160014156131464,1
2023-03-23,380.1974338773298,384.239130397535,375.6361133164018,378.3498229980469,119351300,47.949483664582125,0.7944029518567193,0.34584928440536933,6.684212514431147,5.031699844699475,0.0027031761652700492,0.0227382611493322,-0.0170464243434989,0.013130508027631382,0.009615781819577451,0.017545089167576355,3,0.0013721697673036992,0.0040603498556253115,0.01933295607922858,22.610000610351562,0.015723287415586373,1
2023-03-24,377.069990985465,380.91921510254883,374.7219619246639,380.8326110839844,107682400,50.49309431972393,2.941207283305285,0.5306743576936424,6.649429704677845,5.045373375756037,0.006562149458043454,0.016272905726863452,0.0027031761652700492,-0.0170464243434989,0.013130508027631382,-0.011692773076556806,4,-0.00038122428059805813,-0.008880862288654812,-0.001711168617804737,21.739999771118164,-0.038478585393539766,1
2023-03-27,383.1131798497359,383.88304210898116,380.6496793546359,381.54461669921875,74010400,51.22915617616626,3.280861533662622,0.6821382352045713,6.405424922511231,5.052424107663438,0.001869602535370385,0.008474402764000185,0.006562149458043454,0.0027031761652700492,-0.0170464243434989,0.009615781819577451,0,-0.016643832639324008,-0.012547348716054563,-0.0012530949850557693,20.600000381469727,-0.052437874960925224,0
2023-03-28,380.85183851528325,381.54470001628135,378.850254938649,380.6882629394531,62871700,50.26124337940718,1.3733486209343755,0.7031082124153007,6.14035493359131,5.063910005678661,-0.002244439371662521,0.007077825454421425,0.001869602535370385,0.006562149458043454,0.0027031761652700492,0.013130508027631382,1,0.01139577404427361,0.008952778973398079,0.003345565244976756,19.969999313354492,-0.030582575555772262,1
2023-03-29,384.8550396292689,386.46210360467114,383.65215710396006,386.2215270996094,77497900,56.04064904688974,3.494077247491012,1.047355822644783,6.114175342993218,5.323105778713718,0.01453489560574206,0.007275478717648931,-0.002244439371662521,0.001869602535370385,0.006562149458043454,-0.0170464243434989,2,0.0009479209003777633,0.001672957028661104,0.0015060252739573787,19.1200008392334,-0.04256377082360119,1
2023-03-30,388.8582858338147,389.1084948285369,386.61612544202563,388.4830017089844,69840000,58.179462282248736,2.3051221230275534,1.3649964603394615,5.883660513417097,5.7048274625456665,0.005855382081775495,0.006415645924138297,0.01453489560574206,-0.002244439371662521,0.001869602535370385,0.0027031761652700492,3,0.012333938798722688,0.010689042674358884,0.013283159244319664,19.020000457763672,-0.005230145244791484,1
2023-03-31,389.40668731548556,394.25671700401034,389.30081840141827,393.9584045410156,112062600,62.8876049775414,4.974485854514075,1.8513034038118854,5.8758072835320165,6.346690788953318,0.01409431766111835,0.012579750921587727,0.005855382081775495,0.01453489560574206,-0.002244439371662521,0.006562149458043454,4,0.012631149624019011,0.0074164296900931515,-0.0036167840916134786,18.700000762939453,-0.01682437892337696,1
2023-04-03,393.43880732243116,395.8638078292274,393.0442583450311,395.45965576171875,67391100,64.08159055793743,4.370902681450694,2.159993540145901,5.657503155008039,7.064312916754792,0.003810684588521962,0.007129803111686386,0.01409431766111835,0.005855382081775495,0.01453489560574206,0.001869602535370385,0,0.006857151629028113,0.001482900256359887,0.009306102133869842,18.549999237060547,-0.008021471644866773,0
2023-04-04,396.10434874148575,396.39305813101834,391.8894442126204,393.26556396484375,66601500,60.993095718950805,2.446654747639415,2.100423635155559,5.575082495250174,7.641025386947765,-0.005548206409700218,0.011451838988883729,0.003810684588521962,0.01409431766111835,0.005855382081775495,-0.002244439371662521,1,-0.003066121500641228,0.005411612567389312,0.005230462850863038,19.0,0.02425880223436394,0
2023-04-05,392.53421336625786,393.29444326978927,390.58073351331996,392.23590087890625,65200200,59.54276310057359,3.9504077207816284,1.8826820531775024,5.370698728194398,8.050445240647962,-0.0026182386160552573,0.006918565461214905,-0.005548206409700218,0.003810684588521962,0.01409431766111835,0.01453489560574206,2,0.0014472704307941786,-0.0050175941613449515,0.003521675948025882,19.079999923706055,0.004210522300318598,1
2023-04-06,391.43713711455257,394.04500709302937,390.38822726994033,393.76593017578125,63743300,61.02580485969169,4.074564395346355,1.7362784766227704,5.248275949258301,8.353721749016332,0.00390078851386777,0.009286684151309418,-0.0026182386160552573,-0.005548206409700218,0.003810684588521962,0.005855382081775495,3,-0.00533854367953146,0.003719942673881649,-0.016762227080431846,18.399999618530273,-0.03563942913495044,1
2023-04-11,394.7956238624572,395.6809288356751,393.50613749381705,394.2759704589844,59297900,61.54000844289446,3.336792920813786,1.368250132473694,4.918075728225347,7.747728548260159,0.00026857815237124605,0.0055159114549292385,0.0010264341673924537,0.00390078851386777,-0.0026182386160552573,0.003810684588521962,1,0.005007659513634355,0.010270288835226626,0.004191740229783081,19.100000381469727,0.0068529822256617745,0
2023-04-12,396.34489961567357,396.6336089865583,392.08189181419215,392.66888427734375,86420400,58.75193116335989,3.147095012959749,1.050208931791397,4.891907259949688,7.588199208818603,-0.004076043943965879,0.01159174397213309,0.00026857815237124605,0.0010264341673924537,0.00390078851386777,-0.005548206409700218,2,0.0036723091859569568,0.005696509390817228,0.010483916453227327,19.09000015258789,-0.000523572182309362,1
2023-04-13,393.75634279356007,398.2406920585318,392.6111963601302,397.8846435546875,85814800,64.39058182785128,3.019799684047679,1.1067540330635732,4.944592148410542,7.4239076916304905,0.013282843347627749,0.014148562377547193,-0.004076043943965879,0.00026857815237124605,0.0010264341673924537,-0.0026182386160552573,3,0.0030935267864662386,0.005021977265261324,0.005705976142155178,17.799999237060547,-0.06757469383008197,0
2023-04-14,397.2495021524552,399.44355846247794,394.6031608879993,396.9126892089844,78161500,62.67127607448557,2.1698986732795955,0.9977104397029559,4.937149678843977,7.523206097371209,-0.002442804369175211,0.012195119244298183,0.013282843347627749,-0.004076043943965879,0.00026857815237124605,0.00390078851386777,4,0.0016467785861695727,0.002377070100261003,0.0026447416538013524,17.06999969482422,-0.04101121199580893,1
2023-04-17,396.82611712486937,398.356180127704,395.59436663010166,398.3369445800781,66436400,64.18057765987916,1.1114219137331904,0.9412418281175401,4.781768523041005,7.241620120200393,0.0035883341848610417,0.006933360149442906,-0.002442804369175211,0.013282843347627749,-0.004076043943965879,0.0010264341673924537,0,0.0049613934144150384,0.003633628318694182,0.011950859470925002,16.950000762939453,-0.007029814530175482,1
2023-04-18,399.9151257985286,400.04986273859487,397.22068066969723,398.5967712402344,63560000,64.46286785238718,0.7932833179842422,0.8442299739572259,4.642298062030764,7.1217946310306495,0.0006522785889975236,0.007097854957767554,0.0035883341848610417,-0.002442804369175211,0.013282843347627749,0.00026857815237124605,1,-0.0011367848529179048,0.0009654718366003401,0.0007478412851846805,16.829999923706055,-0.007079695211328563,0
2023-04-19,396.68174813685937,399.43392897608123,396.62401213094887,398.5293884277344,55227300,64.32129431168528,1.3384910719925602,0.7040860074989719,4.511413689395164,7.204221439963589,-0.0001690500710538334,0.007050714267818389,0.0006522785889975236,0.0035883341848610417,-0.002442804369175211,-0.004076043943965879,2,0.005898823259751218,0.003794644627673094,0.005051793659359927,16.459999084472656,-0.02198460136130065,0
2023-04-20,395.70985629299514,398.10601828904817,394.8052862710272,396.3546142578125,75840400,59.75956399569823,1.0500602748695886,0.40816069934567123,4.45517715134602,6.56483562923888,-0.005456998236696431,0.008327724465127449,-0.0001690500710538334,0.0006522785889975236,0.0035883341848610417,0.013282843347627749,3,0.0007889273969134969,-0.001340189873710762,-0.0018169029356067679,17.170000076293945,0.043134935073663616,1
2023-04-21,396.65290416377644,397.1244246963598,394.7090566567866,396.66253662109375,73457400,60.190068804758006,0.7356163200862564,0.18761716977178322,4.309476500505108,5.847251346136023,0.0007768860313581705,0.006089226525267996,-0.005456998236696431,-0.0001690500710538334,0.0006522785889975236,-0.002442804369175211,4,-0.006242794524806472,0.0004811228367245235,0.0017761727399849825,16.770000457763672,-0.023296424971048224,1
2023-04-24,396.46043453439125,397.4997414469219,395.12284448225694,397.0763244628906,64332100,60.79702250126651,0.7373008367963063,0.03221120491175444,4.171435105087956,5.22881044318355,0.001043173487775384,0.005985995180851222,0.0007768860313581705,-0.005456998236696431,-0.0001690500710538334,0.0035883341848610417,0,0.005424828685471672,0.0014552172522825924,-0.0032522356521741402,16.889999389648438,0.0071555711752655515,0
2023-04-25,395.103601057788,395.6617550067555,390.71548786392196,390.7732238769531,97766700,48.63346657968074,-0.8883997109825471,-0.5029507022693278,4.3278209260794345,4.495106624086411,-0.015873775890475117,0.012657640904257672,0.001043173487775384,0.0007768860313581705,-0.005456998236696431,0.0006522785889975236,1,-0.0011151202558965512,-0.0002400654932722679,0.001020515821003709,18.760000228881836,0.11071645392595375,0
2023-04-26,391.3890687387205,392.46684668077467,388.55988695720504,389.1180114746094,80447000,46.02914090562991,-0.9042918715775753,-0.9503185135649663,4.297759411614448,3.499333867721387,-0.00423573648655351,0.010040552244712947,-0.015873775890475117,0.001043173487775384,0.0007768860313581705,-0.0001690500710538334,2,0.000515614799548203,-0.0026667800530060237,0.0009285593968584305,18.84000015258789,0.004264388205224678,1
2023-04-27,391.65857511674506,397.13409906910863,391.4083661380691,396.8646545410156,92968400,57.499948997097405,-0.25635294807040776,-0.7170365068164193,4.563354281820506,2.9962327463878617,0.0199082099465131,0.014427419689620647,-0.00423573648655351,-0.015873775890475117,0.001043173487775384,-0.005456998236696431,3,-0.00481343175910065,-0.004878914159438308,-0.0071138752334258815,17.030000686645508,-0.09607215771140842,1
2023-04-28,395.9792514788031,400.2615245465103,395.92151547329547,400.25189208984375,89433100,61.36643353156336,0.841294060795623,-0.3459382132951583,4.547401052634387,2.8481079967659744,0.008534994260815498,0.010843194395794764,0.0199082099465131,-0.00423573648655351,-0.015873775890475117,0.0007768860313581705,4,0.0002987976131800796,-0.0026742734557777537,0.0014501795386738792,15.779999732971191,-0.07339993560038638,0
2023-05-02,399.1355841651367,399.18371707766147,392.4475761726746,395.3537292480469,103998500,53.28446315914028,-0.8136147169724358,-0.3324222667345307,4.599549506824472,2.990633201620269,-0.011239324416314145,0.017038263222655968,-0.0010097248635083655,0.008534994260815498,0.0199082099465131,-0.015873775890475117,1,0.007716848950048982,0.004979825260954307,0.009243698787173571,17.780000686645508,0.10572144098292036,0
2023-05-09,395.63290265005054,396.55670826234115,395.2094856262401,395.4404296875,49220100,52.65933147485078,1.1943514870958731,-0.5168528355755799,4.497736963601043,3.1637567539630864,-0.004385063446307513,0.0034068914935321375,0.00026638184969685064,0.018512630235853145,-0.007083070140278647,-0.011239324416314145,1,-0.0005130908529349387,0.009840807484029268,-0.007135905128787368,17.709999084472656,0.042991729205911655,1
2023-05-10,398.27919887504333,398.914324338217,393.4580365761441,397.28802490234375,96142900,55.02476138494639,2.099623555530912,-0.3817502901164769,4.566204877777606,3.0858747660294976,0.004672246629672694,0.013733833944313104,-0.004385063446307513,0.00026638184969685064,0.018512630235853145,-0.006863785127400379,2,0.00016613921241681595,-0.0018383992681054728,0.0101188483140211,16.940000534057617,-0.0434781812659798,0
2023-05-11,396.42191528238436,396.8838033054011,394.5165390857067,396.5951232910156,70157100,53.936316587968484,-0.06791515619140233,-0.3396757196012843,4.438010659124709,3.0613494643288837,-0.0017440787738277619,0.005968969562838844,0.004672246629672694,-0.004385063446307513,0.00026638184969685064,-0.007083070140278647,3,-0.00371345758694297,-0.002936630476419677,-0.0041254784494377805,16.93000030517578,-0.0005903322648502796,0
2023-05-12,397.8365674670435,398.04827596600416,393.6505304091499,396.0755310058594,70481500,53.08826441096675,-1.043433189579255,-0.3462805140525087,4.4351345803911055,3.055011132321119,-0.0013101328146564173,0.011103300286402197,-0.0017440787738277619,0.004672246629672694,-0.004385063446307513,0.018512630235853145,4,-0.0038575379628867923,-0.0013821589786215949,0.00015592979899614612,17.030000686645508,0.005906696967935332,1
2023-05-15,396.68175616777665,397.8461381335402,394.7667767427343,397.4419860839844,54289400,55.08821362182138,-0.6016694434244724,-0.2618979772386749,4.338293638277877,3.026587197218929,0.003449986104051339,0.00774795189896015,-0.0013101328146564173,-0.0017440787738277619,0.004672246629672694,0.00026638184969685064,0,0.004983303060854816,0.0031045455329239413,0.008980759653349324,17.1200008392334,0.005284800291198266,0
2023-05-16,396.3353092048242,397.2591440489676,394.7763782852964,394.7860107421875,57705500,50.57499207818037,-0.14359760990219106,-0.38101500972261415,4.218816078307169,2.9738679142810387,-0.006682674289061219,0.006288889920399273,0.003449986104051339,-0.0013101328146564173,-0.0017440787738277619,-0.004385063446307513,1,0.0002149026322932901,0.002978889609437374,0.008099789922249245,17.989999771118164,0.050817692128321434,1
2023-05-17,396.80683197926186,400.1845056184392,395.16129716185526,399.5782775878906,87287000,57.36264808497108,1.7670562118185476,-0.14523949189325336,4.303078849588919,3.031745737649926,0.012138897314760033,0.01257127511261925,-0.006682674289061219,0.003449986104051339,-0.0013101328146564173,0.004672246629672694,2,-0.0012131843580079904,-0.003420046670387422,0.007312762621627167,16.8700008392334,-0.062256750757876844,1
2023-05-18,399.26074988190857,403.850968255046,399.03943829896787,403.42755126953125,97177200,61.88990917927908,3.4803716663144133,0.2407674682705616,4.339396785766719,3.462349706200906,0.009633340693286252,0.011926627075758442,0.012138897314760033,-0.006682674289061219,0.003449986104051339,-0.0017440787738277619,3,0.0033570482595266515,-0.0035994764604041496,0.008397268752457165,16.049999237060547,-0.04860708721874096,0
2023-05-19,404.33207636027197,404.8613328497813,401.61836671819003,402.8404846191406,103793300,60.829069408206095,1.4516504261610033,0.4170358296720562,4.261080310468474,3.7584772199754894,-0.0014551972182941242,0.008050248809171453,0.009633340693286252,0.012138897314760033,-0.006682674289061219,-0.0013101328146564173,4,0.013294248711486434,0.0024730175176077562,0.015961533543986883,16.809999465942383,0.0473520414335562,1
2023-05-22,402.85977985297563,404.54381527738377,401.6183969458684,403.0041198730469,60745400,61.02958085591288,1.465831795540222,0.4995613546491402,4.165675883400393,4.0203470050729155,0.00040620359709109266,0.007259028350471707,-0.0014551972182941242,0.009633340693286252,0.012138897314760033,0.003449986104051339,0,0.0069304605486426585,0.001885757207104044,0.007667314089848221,17.209999084472656,0.02379533796777844,0
2023-05-23,401.358516825221,402.93671253841774,398.0866827611539,398.4812316894531,86383500,52.96006543040399,0.7689658855459325,0.21878298288357456,4.2193731140070065,3.7820707653020555,-0.011222932869814128,0.012171287858906232,0.00040620359709109266,-0.0014551972182941242,0.009633340693286252,-0.006682674289061219,1,-0.0031575083842908525,0.0018177490793698237,0.009038806254011877,18.530000686645508,0.07669969043541625,0
2023-05-24,396.8742437459542,397.25916026310097,394.42997834283796,395.5943603515625,89213700,48.54769519451688,-0.4263064690151597,-0.1710802443960746,4.207364559193304,3.3204617196354653,-0.007244685842921816,0.007151724604336454,-0.011222932869814128,0.00040620359709109266,-0.0014551972182941242,0.012138897314760033,2,-0.004384240978017373,-0.0010294685368678058,-0.004151302061539797,20.030000686645508,0.0809498081174409,1
2023-05-25,399.1068066582074,400.47329418750155,396.864646455889,399.02020263671875,90961600,53.49890400621198,0.6114748274208197,-0.20562590893900534,4.255333793246572,3.3329131771195204,0.00865998767553644,0.00904377198890352,-0.007244685842921816,-0.011222932869814128,0.00040620359709109266,0.009633340693286252,3,-0.01923686963095317,-0.01750610618881232,-0.008885971047504326,19.139999389648438,-0.044433413204546524,1
2023-05-26,399.6744966018046,404.90944304818487,399.5975250513779,404.1877136230469,93830000,59.78515271106191,2.048140312173814,0.09596342270919522,4.372041408833683,3.5917996786155633,0.012950499629295287,0.013142205509396009,0.00865998767553644,-0.007244685842921816,-0.011222932869814128,-0.0014551972182941242,4,-0.0030507310874552385,-0.007368487969597992,0.003860522388572818,17.950000762939453,-0.0621733889580256,1
2023-05-30,406.12194654378385,406.65120302721357,402.95595199772293,404.3416748046875,72216000,59.95883263131229,1.7360241147861857,0.27225409081479923,4.323699238880608,3.8459295628820604,0.00038091504628012807,0.009138931897820283,0.012950499629295287,0.00865998767553644,-0.007244685842921816,0.00040620359709109266,1,-0.0019544117229267632,0.007436406991898181,0.01026087880518678,17.459999084472656,-0.027298142486906207,0
2023-05-31,402.5133634004825,403.41793341434715,400.53101533620446,402.0995788574219,110811800,56.15534565581292,1.852539835817651,0.20723724543701216,4.287053540995068,3.8908111279768898,-0.005545052827781505,0.0071796098029894735,0.00038091504628012807,0.012950499629295287,0.00865998767553644,-0.011222932869814128,2,-0.0027468847784922756,-0.013779643245871775,0.0030294707737301696,17.940000534057617,0.02749149339943724,1
2023-06-01,402.3304796935779,406.9784337458306,401.0794937409788,405.9198913574219,88865000,60.72680043674277,1.5870767069254303,0.3807982245920454,4.402188288413405,3.9860788036920725,0.00950091146788945,0.01453227627038765,-0.005545052827781505,0.00038091504628012807,0.012950499629295287,-0.007244685842921816,3,-0.015393299892626056,-0.010103561374260384,-0.014053787221435798,15.649999618530273,-0.12764776183701698,1
2023-06-02,408.49887873292437,412.5790465929496,407.9696222034908,411.78997802734375,91426200,66.50563014390099,2.072844735441863,0.824740691517289,4.563400213207286,4.3096340164143525,0.01446119491777531,0.01119362936305539,0.00950091146788945,-0.005545052827781505,0.00038091504628012807,0.00865998767553644,4,0.01210676637766328,0.005935953915682912,0.00842171424560667,14.600000381469727,-0.06709260464245015,0
2023-06-05,412.1363990044285,413.4258854781173,410.29839108056865,411.0008850097656,65460200,65.11850262347818,2.025715066433833,0.9880277976584444,4.460835512088814,4.845223464028712,-0.001916251146660275,0.007609459034314154,0.01446119491777531,0.00950091146788945,-0.005545052827781505,0.012950499629295287,0,0.012462126130672102,0.01562020253538865,0.012078169370397074,14.729999542236328,0.008904051874655927,1
2023-06-06,410.5870909976928,412.4250695118066,409.9327006351518,411.89581298828125,64022200,65.98501122097969,2.206352907269387,1.072064151517223,4.320230752414959,5.320288792507288,0.0021774356483303947,0.0060509691967316655,-0.001916251146660275,0.01446119491777531,0.00950091146788945,0.00038091504628012807,1,-0.005441378496342852,-0.0009595789406120492,0.021989726277556576,13.960000038146973,-0.05227423815469123,0
2023-06-07,412.2903298100494,413.42584368993704,410.0481406844761,410.4715576171875,85373300,63.29037651489406,3.0090064410056705,0.9515740302604154,4.2529073419182435,5.453892965820244,-0.0034578049258642274,0.008228835695873099,0.0021774356483303947,-0.001916251146660275,0.01446119491777531,-0.005545052827781505,2,0.0017884601985327375,0.0036973812705591858,0.008981151264443099,13.9399995803833,-0.0014326975436259604,1
2023-06-08,410.5390091154699,413.4066917639222,409.76917600968767,412.95440673828125,61952800,65.90434746670178,4.388345266421638,0.956380419278501,4.208950799940835,5.778422829520318,0.00604877262509218,0.008808516618009798,-0.0034578049258642274,0.0021774356483303947,-0.001916251146660275,0.00950091146788945,3,-0.0019934955840646973,-0.0004981965260153487,-0.018243550278664866,13.649999618530273,-0.020803441218256724,1
2023-06-09,413.7530790281272,415.7065590310339,412.70416901348756,413.6953430175781,85742800,66.66714375450329,3.67779382695069,0.9261236821166658,4.1227678869126585,6.000260776561901,0.001794232649432459,0.007257490489610824,0.00604877262509218,-0.0034578049258642274,0.0021774356483303947,0.01446119491777531,4,0.0018420651541368738,-0.003226474562277315,-0.008537723912144801,13.829999923706055,0.013186835912539108,1
2023-06-12,414.6768867959098,417.5253041431819,413.9551573440261,417.44830322265625,76104300,70.29252056181559,3.2807997751204407,1.065585672009,4.10185311824774,6.372034363059055,0.009071797080680843,0.008552308804694375,0.001794232649432459,0.00604877262509218,-0.0034578049258642274,-0.001916251146660275,0,-0.002509081779160871,-0.004908126901079224,0.019717931671762168,15.010000228881836,0.08532178681744873,1
2023-06-13,418.9110140981565,420.8452289997208,418.2470206735575,420.20050048828125,95899700,72.64241654323445,3.922134835904355,1.2378182059371001,4.0515011653060835,6.896202215109939,0.0065929056229916405,0.006183258523357686,0.009071797080680843,0.001794232649432459,0.00604877262509218,0.0021774356483303947,1,0.009280988078103292,0.0010975739283738406,0.005232579854183239,14.609999656677246,-0.02664893844804339,1
2023-06-14,420.5373216552151,422.5100370544421,417.2462224703346,420.7008972167969,100612100,73.05967509702384,4.626047709930761,1.2750360802286513,4.1380949809347545,7.046290098373641,0.0011908522905950125,0.01251201178540609,0.0065929056229916405,0.009071797080680843,0.001794232649432459,-0.0034578049258642274,2,0.008250133051496134,0.0031832735088257458,0.018025788909786122,13.880000114440918,-0.0499657467070983,1
2023-06-15,419.8829487810575,427.1676119841462,419.7867416783568,425.9166259765625,110303100,76.99774289679341,4.926276106418504,1.5236937682774787,4.369721789852944,7.815077645416039,0.012397712470477273,0.017329378229521315,0.0011908522905950125,0.0065929056229916405,0.009071797080680843,0.00604877262509218,3,0.004935736093923282,0.0010402368499724535,0.01465152150051563,14.5,0.044668579282937326,0
2023-06-16,427.9043831698667,428.4742491472454,423.99257880127806,424.4658508300781,114165800,73.76764224886071,3.078237324632672,1.4629292769870377,4.377718115289688,8.37407931417711,-0.003406242109375235,0.010558376692030894,0.012397712470477273,0.0011908522905950125,0.0065929056229916405,0.001794232649432459,4,-0.0012672544877040393,0.003367173335439899,-0.0005054438694963581,13.539999961853027,-0.06620689918254985,0
2023-06-20,422.52444796434224,423.41304154167295,420.1870041214196,422.2636413574219,76160400,69.03350150338295,2.7403241108321796,1.1601212382813149,4.370655871958891,8.600329058820751,-0.00518818997653081,0.007639865487549063,-0.003406242109375235,0.012397712470477273,0.0011908522905950125,0.009071797080680843,1,-0.009563102272192037,-0.007091759970611289,-0.0099583300304239,13.880000114440918,0.025110794205745357,0
2023-06-21,421.2784425280354,422.0801103736596,419.51086470582334,420.1000671386719,76982300,64.64413120797846,1.9918275184370573,0.7213001516488093,4.25509307050458,8.615517815182761,-0.005123752099032042,0.006115794470911506,-0.00518818997653081,-0.003406242109375235,0.012397712470477273,0.0065929056229916405,2,-0.00554772990451069,-0.0025301700352506895,0.0005540319903432067,13.199999809265137,-0.048991376049651536,1
2023-06-22,419.14389467353715,421.722779347334,418.80583057108225,421.6165466308594,70637200,66.26330789770729,2.715167179516461,0.4534408896710973,4.159511335200805,8.314199550266501,0.003609805403070654,0.006918487425508051,-0.005123752099032042,-0.00518818997653081,-0.003406242109375235,0.0011908522905950125,3,-0.005473817662173697,-0.001334285817130132,0.0055776144797328175,12.90999984741211,-0.02196969439722829,0
2023-06-23,418.1586317913709,420.21596194306784,417.71433502111864,418.4290771484375,92074500,60.03939879456352,1.3257324103641155,0.0055502946491490235,4.141132783382228,7.430915558606579,-0.0075601147722805795,0.005978616349985986,0.003609805403070654,-0.005123752099032042,-0.00518818997653081,0.012397712470477273,4,-0.002182452917641964,-0.00756696394255707,-0.009240816657041129,13.4399995803833,0.041053426741707755,0
2023-06-26,417.8592449307871,419.7813378209466,416.4780427984246,416.7195129394531,72823600,56.9497709143204,0.731013769653796,-0.4373974753929293,4.081287229035068,6.654912203521053,-0.004085672584312028,0.007926902676625868,-0.0075601147722805795,0.003609805403070654,-0.005123752099032042,-0.003406242109375235,0,-0.009896055894877298,-0.005345254286357015,-0.014530034668461922,14.25,0.06026789024599055,1
2023-06-27,417.59844581995696,421.9062646558956,417.1444807996532,421.2881164550781,72813700,62.503039090180735,0.9198296418452123,-0.4523722098910774,4.160248978135597,6.336098500498394,0.010963257955930672,0.011302915202807889,-0.004085672584312028,-0.0075601147722805795,0.003609805403070654,-0.00518818997653081,1,-0.0010663880543316795,-0.0011122910781600215,-0.0025236312263213767,13.739999771118164,-0.03578948974609375,1
2023-06-28,420.2063045276252,422.5147730975973,419.58815632826764,421.5006103515625,75636000,62.74376333755589,0.30940226434059376,-0.47528242805421783,4.072132391792315,5.912582535894206,0.000504390910126773,0.006943327476770773,0.010963257955930672,-0.004085672584312028,-0.0075601147722805795,-0.005123752099032042,2,0.0021375231718887555,0.0010598774069237038,-0.004907838116005592,13.430000305175781,-0.022561824680231046,1
2023-06-29,421.08528892018165,423.3261389375307,420.67963558379535,423.16192626953125,67882300,64.65428091830756,0.5849830768167223,-0.40842176065723734,3.9703017462168164,5.12258219112961,0.003941431820426278,0.006254115007619237,0.000504390910126773,0.010963257955930672,-0.004085672584312028,0.003609805403070654,3,0.006445418598481467,0.005226831066139415,0.020150333515910557,13.539999961853027,0.008190592269372798,1
2023-06-30,426.3783009507995,429.1407051013052,426.0595438710738,428.155517578125,104964000,69.68624212897468,0.525664288504601,-0.07521048157468879,4.113764395185181,4.886619596005358,0.011800663052594862,0.007196359976066775,0.003941431820426278,0.000504390910126773,0.010963257955930672,-0.0075601147722805795,4,-0.00014297281569375375,-0.0038397179771348933,0.0012096269785297764,13.59000015258789,0.00369277628328879,1
2023-07-03,427.8078209721531,428.92821645735074,427.5277073626863,428.64813232421875,32793400,70.13789008465109,0.9853045859783129,0.12040632577277144,3.919960445147988,5.048018901615133,0.0011505509700779903,0.0032672697932232242,0.011800663052594862,0.003941431820426278,0.000504390910126773,-0.004085672584312028,0,0.012615802341304994,0.008003506982924291,-0.0013570852638828956,13.569999694824219,-0.0014717040131794201,0
2023-07-05,426.8322751907773,428.7447292814146,426.8226069528998,428.0106506347656,58418400,68.71118985587918,1.3610002648746253,0.14713248282451552,3.777257722531334,4.968371539496865,-0.0014871911047332764,0.004490828267156922,0.0011505509700779903,0.011800663052594862,0.003941431820426278,0.010963257955930672,2,-0.002603694604689344,-0.0010096063093258945,-0.00980076964632659,14.180000305175781,0.04495214621001242,0
2023-07-06,424.42722521043544,425.08401688065084,422.1477318870011,424.6590270996094,80658300,61.6148027799026,1.0852081010100438,-0.10694531364171223,3.9262335100479904,4.670927943657958,-0.007830701245834848,0.006914453258427946,-0.0014871911047332764,0.0011505509700779903,0.011800663052594862,0.000504390910126773,3,-0.0063338591862815985,-0.0103195733394561,-0.0025078992749671958,15.4399995803833,0.0888574928131427,0
2023-07-07,423.66417049204466,427.5373607483118,423.3454134187473,423.5868835449219,86134200,59.49793321906034,0.4673291240126782,-0.37799157308674847,3.9452130685848856,4.080768762868002,-0.002524716269450722,0.009896310514817834,-0.007830701245834848,-0.0014871911047332764,0.0011505509700779903,0.003941431820426278,4,-0.02566512839825197,-0.021714313908132277,-0.016967659229543575,14.829999923706055,-0.03950775085850766,1
2023-07-10,423.2295133382579,424.8328785164898,422.6596473764828,424.6590270996094,62443500,60.94301502582654,1.4888903021817967,-0.507759730460819,3.8186429308293244,3.644929056987447,0.0025311065954520817,0.005117590823042302,-0.002524716269450722,-0.007830701245834848,-0.0014871911047332764,0.011800663052594862,0,0.004820823552902365,-0.0032415490222168497,-0.0117352509739993,15.069999694824219,0.01618339665224955,1
2023-07-11,425.4220950342892,427.8561033801802,424.4465462578362,427.3634948730469,64463800,64.39406463327995,2.5542317081610375,-0.43684644385863347,3.789422515937514,3.272240070658896,0.006368563013740225,0.007978119711317015,0.0025311065954520817,-0.002524716269450722,-0.007830701245834848,0.0011505509700779903,1,0.004470805329517491,0.002328804664687656,-0.006134583088778789,14.84000015258789,-0.015262080085862384,1
2023-07-12,431.15943303446664,432.2122392972248,429.729919208418,430.8020324707031,91924500,68.23690189769323,2.2582920438581766,-0.19602502500891283,3.8650883665261158,3.4178706134585903,0.00804593194998482,0.005762090012831221,0.006368563013740225,0.0025311065954520817,-0.002524716269450722,-0.0014871911047332764,2,0.00747645569443578,0.0011961004627722982,0.000429945934571796,13.539999961853027,-0.0876010901191373,1
2023-07-13,432.61782640087955,435.01322041064935,432.1831979055365,434.22119140625,72425200,71.52757164157336,3.01792707822596,0.1378773424914881,3.8898097646275525,3.9610807389355225,0.007936728886671185,0.006517467505323014,0.00804593194998482,0.006368563013740225,0.0025311065954520817,-0.007830701245834848,3,0.014734334951130856,0.018345361847751374,-0.00806247948536376,13.609999656677246,0.005169844536294876,0
2023-07-14,435.1098740968055,435.9598242076378,433.18775178790105,433.9508056640625,69815800,70.90201134207103,2.549586511632268,0.2768449592394475,3.8099713828496364,4.3345704756018675,-0.000622691263205799,0.0063879877247714914,0.007936728886671185,0.00804593194998482,0.006368563013740225,-0.002524716269450722,4,0.007366303029239241,0.003249699618248947,0.014882339000734435,13.34000015258789,-0.019838318214570272,1
2023-07-18,435.1291664096603,439.3403912522435,434.69450839296843,438.6932678222656,80668200,75.2118424156271,2.343445530388777,0.6139705169640308,3.799558517756086,5.524223301939416,0.0074306864524897875,0.0105902761679883,0.003472084502486039,-0.000622691263205799,0.007936728886671185,0.006368563013740225,1,-0.0022613947761986886,-0.003793101840324997,-0.0008658510966251809,13.300000190734863,-0.013353068072256224,1
2023-07-19,439.4853035858035,440.85683741354967,438.61598753921226,439.6688232421875,65891700,76.01703911225074,2.7238043235915046,0.7299305950052934,3.6882221860833235,6.087801547203706,0.0022237756799066144,0.0050966767618705194,0.0074306864524897875,0.003472084502486039,-0.000622691263205799,0.00804593194998482,2,0.0035373128650033614,0.006386408186490389,0.003168473845031272,13.760000228881836,0.03458646853760361,0
2023-07-20,438.6739839174844,439.5722457578469,436.0371193951603,436.7518615722656,70591600,68.8187696562768,2.84765746185815,0.527757807980624,3.68418516186503,6.191628899217691,-0.006634451923181017,0.008094130039790697,0.0022237756799066144,0.0074306864524897875,0.003472084502486039,0.007936728886671185,3,-0.0010269794365506124,0.018044728990385783,0.012375884120524594,13.989999771118164,0.016715082733324893,0
2023-07-21,438.47112777830426,438.6739839174844,436.74222281063936,436.7518615722656,71275600,68.8187696562768,3.107975845986645,0.3217345483821328,3.559012015077888,6.279987356433465,0.0,0.004423017454100565,-0.006634451923181017,0.0022237756799066144,0.0074306864524897875,-0.000622691263205799,4,0.005915355080135631,0.007630254981875195,-0.012327071179749072,13.600000381469727,-0.02787701186768976,1
2023-07-24,437.9012445599851,439.5142779903244,436.867745334165,438.70294189453125,54023400,70.95250077957911,3.307103793563698,0.24787805684757735,3.502112329576522,6.185451857317681,0.004467251302013642,0.006032630291309101,0.0,-0.006634451923181017,0.0022237756799066144,0.003472084502486039,0,-0.0016662326514704784,0.002301839817875795,-0.005733042559410095,13.90999984741211,0.022794077738759633,1
2023-07-25,438.4324765430136,441.156237070321,438.3841648336445,439.9006042480469,55191200,72.20964325248681,2.933593890307428,0.21208647549196513,3.4499666086550946,5.851732716611202,0.0027300075726492956,0.0063015876993736675,0.004467251302013642,0.0,-0.006634451923181017,0.0074306864524897875,1,0.0008487533075571818,0.0019442178013258093,0.012279791455458655,13.859999656677246,-0.003594550056315482,1
2023-07-26,438.9637681345287,441.3977766942308,437.91096179208995,439.9682922363281,71052900,72.28265441762568,2.127719712243548,0.12943378409268558,3.4525986296183633,5.751148732532568,0.00015387109639686258,0.007925150433949714,0.0027300075726492956,0.004467251302013642,0.0,0.0022237756799066144,2,0.001274764494271441,0.0017190251951366697,-0.0005635828146900446,13.1899995803833,-0.04834055504259438,0
2023-07-27,443.35846818342566,443.7641509737044,436.14333947921443,437.05126953125,92194400,64.42710346456983,0.6517595596462327,-0.16903002196871508,3.7503281199663334,5.4013635143538945,-0.006630074840737077,0.01743688218241187,0.00015387109639686258,0.0027300075726492956,0.004467251302013642,-0.006634451923181017,3,-0.004942752906087922,-0.0019371152034755035,-0.00043356284375395404,14.40999984741211,0.09249433706148413,1
2023-07-28,440.3256151682766,442.16078225681895,437.05126606431355,441.33013916015625,80011800,69.63937664604326,1.7005000105487458,-0.12750379639275522,3.8474129822905523,5.2861999841184595,0.009790315066457778,0.011577537401430861,-0.006630074840737077,0.00015387109639686258,0.0027300075726492956,0.0,4,0.017020736908027745,0.002071135816020808,0.006820680621229425,13.329999923706055,-0.07494794830966023,1
2023-07-31,441.8034623534966,442.5278728257474,440.4898493694529,442.1705017089844,62040400,70.55198875979205,1.5415928940578616,-0.09420216097927092,3.7181708732908363,5.432751100480601,0.001904158529547395,0.004609134821109923,0.009790315066457778,-0.006630074840737077,0.00015387109639686258,0.004467251302013642,0,0.0038839808202182358,0.00019498752574920175,-0.004011098631768073,13.630000114440918,0.022505640844104002,0
2023-08-01,440.7023562416477,441.64892989588066,439.9489705091238,440.90521240234375,55291500,67.27311343083721,0.5042121095357869,-0.2019643425488704,3.6112680394743895,5.458731901038246,-0.0028615416490930246,0.0038556119069093195,0.001904158529547395,0.009790315066457778,-0.006630074840737077,0.0027300075726492956,1,-0.0013916375096768574,0.000662841036314088,0.012606776024362443,13.930000305175781,0.022010285268964536,0
2023-08-02,437.7853934206833,438.0461705780349,434.01846487725106,434.7718505859375,93933400,54.13854873299562,-1.1137866497194293,-0.7027022173951494,3.8452308598756963,5.267499983238048,-0.013910839890024507,0.009263952335818728,-0.0028615416490930246,0.001904158529547395,0.009790315066457778,0.00015387109639686258,2,-0.012551335820910614,-0.004299049026687651,0.00917512866093717,16.09000015258789,0.15506100503167586,0
2023-08-03,432.7531252299224,435.4092967139093,432.10597229878186,433.52581787109375,64276100,51.92070824366316,-0.7386445222141518,-1.1100006106880365,3.806523256679394,4.801506389925015,-0.002865946158115973,0.007619671721857373,-0.013910839890024507,-0.0028615416490930246,0.001904158529547395,-0.006630074840737077,3,-0.013569915400744592,-0.013657137041161893,-0.022967958941442768,15.920000076293945,-0.010565573317698362,0
2023-08-04,435.34162898084645,437.4472412458238,431.0434492729417,431.5650329589844,100128900,48.550167179150165,-1.1875916440537093,-1.4804655918780698,3.9920424506938743,4.188942981886481,-0.004522879217985554,0.014838532976073456,-0.002865946158115973,-0.013910839890024507,-0.0028615416490930246,0.009790315066457778,4,-0.007905087018805768,-0.0042847944780619596,-0.016767010003441385,17.100000381469727,0.07412062182919765,1
2023-08-07,433.40023969323573,435.4865451527169,432.7048045400754,435.3320007324219,58357500,54.64214303660733,-0.768388091393238,-1.4395176415971696,3.9870045751966328,3.4586596793360567,0.00872862137974817,0.006389929083920722,-0.004522879217985554,-0.002865946158115973,-0.013910839890024507,0.001904158529547395,0,0.003679548917926656,0.004675092455791674,0.0010407790179629561,15.770000457763672,-0.07777777158106369,0
2023-08-08,432.791781332074,435.322413352219,430.07765910977645,433.4389343261719,71361300,51.35146301758528,-1.4688931680192592,-1.5007798020663978,4.077528650014403,2.964578526706612,-0.004348557889300664,0.012100330235898323,0.00872862137974817,-0.004522879217985554,-0.002865946158115973,-0.0028615416490930246,1,-6.89942058947901e-05,-0.0013087492030507963,0.0019200145024889093,15.989999771118164,0.013950495051900047,0
2023-08-09,433.7093468244431,433.87355948928627,429.77820586959297,430.541259765625,78789600,46.71406828592023,-2.1426617865542483,-1.683584980846076,4.078801862134324,2.986976337260914,-0.006685312119114606,0.009512104883798358,-0.004348557889300664,0.00872862137974817,-0.004522879217985554,-0.013910839890024507,2,-0.011023304263156564,-0.0035872787949235985,0.0038049972947744592,15.960000038146973,-0.0018761559349974588,1
2023-08-10,432.8979459150622,436.2881956069427,429.52703269634964,430.69573974609375,93005500,46.98891793914674,-1.45418403474099,-1.7343694161367567,4.270399079881376,3.1888661622885186,0.00035880412611977164,0.015698234940932834,-0.006685312119114606,-0.004348557889300664,0.00872862137974817,-0.002865946158115973,3,0.004922392185781277,0.00795758204969288,-0.005341984748665207,15.850000381469727,-0.00689220904851684,0
2023-08-14,429.52711285274876,432.82073974609375,429.21802398769285,432.82073974609375,47867400,51.03362718413257,-2.114515085640922,-1.498269760783241,4.15407978441028,3.4533614320858983,0.0055201027167328665,0.008323805741181375,-0.0005830070038782553,0.00035880412611977164,-0.006685312119114606,0.00872862137974817,0,-0.010274085500532437,-0.012390714978305573,0.008362860268996464,14.819999694824219,-0.0013477397276295822,0
2023-08-15,431.04345976947155,431.4008602977152,427.2089131864871,427.77880859375,75707500,42.85058692239845,-2.977148702114998,-1.6244956556070718,4.258204554067163,3.805065377737174,-0.011649005441147553,0.009799333269940171,0.0055201027167328665,-0.0005830070038782553,0.00035880412611977164,-0.004348557889300664,1,0.004552760517394949,-0.0022593763534615174,-0.012740798444219381,16.459999084472656,0.110661229650443,0
2023-08-16,427.36350074460506,429.0248164729432,424.53347780183003,424.6397399902344,80107200,38.690943084665335,-2.330443100685609,-1.8381069927957083,4.27485699099902,4.308738476305519,-0.007338064767244523,0.010576821357361557,-0.011649005441147553,0.0055201027167328665,-0.0005830070038782553,-0.006685312119114606,2,-0.008612146222707784,-0.01566497423762314,0.005582687782894835,16.780000686645508,0.019441167677507476,0
2023-08-17,426.1078556541094,426.3686327842003,420.8824384802807,421.4040222167969,95711300,34.927218127978634,-2.7960954468232426,-2.0972704796367507,4.361381084779063,5.0779696781348775,-0.007619912760666092,0.013018846557418853,-0.007338064767244523,-0.011649005441147553,0.0055201027167328665,0.00035880412611977164,3,0.0014060714016956855,-0.004425164404075366,-0.014642883280044594,17.889999389648438,0.06615009878315026,1
2023-08-18,418.5836919301103,422.6404024444025,418.23598904528774,421.6069030761719,98852000,35.3518569948301,-2.307445951896412,-2.1471759579506076,4.364454821517329,5.643295414592407,0.00048144025372076626,0.010446729802047479,-0.007619912760666092,-0.007338064767244523,-0.011649005441147553,-0.0005830070038782553,4,-0.007128164900948475,-0.0063477426159315176,-0.004432936979990698,17.299999237060547,-0.03297932770916012,1
2023-08-21,422.6210410735604,425.09369303000517,420.4671462190992,424.3499755859375,68719000,40.961515986383695,-2.5226781233650937,-1.8963034977684965,4.383175677902231,5.817795455818788,0.006506232440103066,0.01090266779093758,0.00048144025372076626,-0.007619912760666092,-0.007338064767244523,0.0055201027167328665,0,-0.006547252482472898,-0.006538848689725429,-0.005541017971763762,17.1299991607666,-0.009826594438788527,0
2023-08-22,426.1271477129419,426.1271477129419,422.6403332909712,423.2005310058594,64994200,39.418002418973245,-2.3621328195237505,-1.714149689473979,4.31914987390712,5.919763125442493,-0.0027087183839022977,0.008239154175169032,0.006506232440103066,0.00048144025372076626,-0.007619912760666092,-0.011649005441147553,1,0.0018633635401763549,-0.0006334128825328245,0.003652721277040971,16.969999313354492,-0.009340330137234454,1
2023-08-23,424.263004912033,428.53220964419495,424.1181287339091,427.9140319824219,68441000,48.06106603029244,-0.610215101018034,-1.2065498221126358,4.3914733570805815,5.717410800820584,0.011137748256977664,0.010315345093584559,-0.0027087183839022977,0.006506232440103066,0.00048144025372076626,-0.007338064767244523,2,0.006558867235386456,0.0017911764377414041,0.00922111215666166,15.979999542236328,-0.058338232832990555,0
2023-08-24,429.5174072282619,430.0293227205553,421.9545463127507,421.9835510253906,88517300,40.275411874801925,-2.0228174826709884,-1.1980999832969936,4.654566432132294,5.88205722129334,-0.013859047644585898,0.019135287117669444,0.011137748256977664,-0.0027087183839022977,0.006506232440103066,-0.007619912760666092,3,0.0014510754043743912,0.00683558846998622,0.004819983721051635,17.200000762939453,0.07634551036616566,1
2023-08-25,423.71247141677657,426.24307373449807,420.1580380770201,424.9584655761719,102325100,45.081478722782016,-1.2745368423963173,-0.9318984178507168,4.756742805371273,5.516184469648473,0.0070498353396770685,0.014319130339544378,-0.013859047644585898,0.011137748256977664,-0.0027087183839022977,0.00048144025372076626,4,-0.006797884898272044,0.0017895085931629584,0.008651950152944732,15.680000305175781,-0.0883721157175057,1
2023-08-29,427.5470082557006,434.1150135078099,427.3634885979469,433.83489990234375,83081900,56.83951911352757,1.4157062451275038,0.14971021558594733,4.803466963044458,4.273087332204282,0.014454723615913823,0.015562429189958614,0.006341382598641143,0.0070498353396770685,-0.013859047644585898,-0.0027087183839022977,1,0.01028607262929726,0.0006817933802523157,0.017256075067422216,14.449999809265137,-0.04177719612919528,1
2023-08-30,434.1730052474849,436.2593109157671,433.4679017861337,435.621826171875,69053900,58.79451265158765,2.5862125343928444,0.6955873948575397,4.6597485463722395,4.329042626839951,0.004118908529335608,0.00640787252136453,0.014454723615913823,0.006341382598641143,0.0070498353396770685,0.011137748256977664,2,0.00875533101697279,0.017223980140860684,0.0017712305268005046,13.880000114440918,-0.03944634618325349,0
2023-08-31,436.2400081075127,437.379740248343,434.8008553106396,434.984375,66084600,57.78890517892939,3.2226443192838183,0.9702491723063074,4.511115431467325,4.40899602395066,-0.0014633132078728517,0.005928684076763528,0.004118908529335608,0.014454723615913823,0.006341382598641143,-0.013859047644585898,3,-0.002444949406374075,0.0011654648777628118,0.0033043823869141065,13.569999694824219,-0.022334323995730432,1
2023-09-01,437.70804712324605,438.19098733790463,434.3371043810238,435.79559326171875,58944100,58.75569303333735,3.3653837453850697,1.1507594707481164,4.464170254711148,4.604256774291434,0.0018649365548331076,0.008843327047059854,-0.0014633132078728517,0.004118908529335608,0.014454723615913823,0.0070498353396770685,4,0.003470339455905025,-0.004629580629679442,0.008841580763735646,13.09000015258789,-0.03537211149823438,0
2023-09-05,435.35135247874024,435.6700800917991,433.84458117342785,433.91217041015625,55166200,55.57321862605086,2.2533746610955694,1.0882062837570428,4.284658957109701,4.52783351146751,-0.004321803342401842,0.0042070701004898806,0.0018649365548331076,-0.0014633132078728517,0.004118908529335608,0.006341382598641143,1,-0.0009778978562200447,-0.001567445282671276,0.006987350067952036,14.010000228881836,0.07028266352709411,0
2023-09-06,433.1008212089274,433.20708339429626,428.6674331394679,430.9952087402344,70758500,50.968681918243085,1.8418402538032448,0.8081464793504185,4.353235979508176,4.448593439489479,-0.00672247028048234,0.010532948308398614,-0.004321803342401842,0.0018649365548331076,-0.0014633132078728517,0.014454723615913823,2,-0.0033579875796114766,-0.0019992355536476714,0.0029624912391801317,14.449999809265137,0.03140610800820931,0
2023-09-07,427.99131435968866,430.34806524877047,427.6436115119561,429.6719665527344,70355400,48.98585686412218,0.41081489246062247,0.5063044635262648,4.281690354420324,4.437364536693118,-0.0030702016186391345,0.0062942289638121445,-0.00672247028048234,-0.004321803342401842,0.0018649365548331076,0.004118908529335608,3,-0.0019236876549939552,-0.0015864430608674152,0.006182743158633208,14.399999618530273,-0.003460220857774976,1
2023-09-08,429.72022009729625,431.85480770691146,429.3628490355431,430.3190612792969,61659700,50.010038542645,1.9753163917530767,0.3312211653188244,4.15385237705947,4.430890467176637,0.0015060203525822935,0.005790955817667045,-0.0030702016186391345,-0.00672247028048234,-0.004321803342401842,-0.0014633132078728517,4,-0.001442692775052934,0.002100712009143635,-0.00751906559349147,13.84000015258789,-0.03888885283175714,1
2023-09-11,432.94628326819304,433.4581987746905,431.23668532604137,433.1491394042969,60180100,54.32866244553792,1.9274057329390601,0.38332391199869686,4.081372742654769,4.509381414701434,0.006576697106064566,0.005128749538102188,0.0015060203525822935,-0.0030702016186391345,-0.00672247028048234,0.0018649365548331076,0,0.0013766853041157212,0.004904793130874996,-0.011646733089296424,13.800000190734863,-0.0028901706222559387,0
2023-09-12,431.70030728737913,433.2263855290798,430.19353604446763,430.7730407714844,67565400,50.39244790692151,0.729504729884939,0.24197144737288095,4.0064782242231525,4.450417647737984,-0.005485636277796413,0.007040481175842671,0.006576697106064566,0.0015060203525822935,-0.0030702016186391345,-0.004321803342401842,1,0.003855735306224961,0.002500562507402604,-0.004265365143984012,14.229999542236328,0.031159372866542467,1
2023-09-13,430.9951854819559,432.4343379531001,429.8940675950137,431.2752990722656,60199300,51.197345329385165,-0.5899942191497943,0.169913447181413,3.9017490909276695,4.472884726883079,0.0011659464572846279,0.005890136447765199,-0.005485636277796413,0.006576697106064566,0.0015060203525822935,-0.00672247028048234,2,-0.005408519318718552,0.00408170017672016,0.009505162362687614,13.479999542236328,-0.052705553346921175,1
2023-09-14,433.74802324262066,435.68942327241507,432.4440784918802,434.9939880371094,83430800,56.787793183666054,-0.14412458170034642,0.34994309797668705,3.938347313014939,4.5329583155904745,0.008622541037808462,0.007460665824783808,0.0011659464572846279,-0.005485636277796413,0.006576697106064566,-0.0030702016186391345,3,-0.003913326431240316,-0.00019926934573233357,-0.002131156078877816,12.819999694824219,-0.04896141467543513,0
2023-09-15,433.4072234999764,433.73677769771734,429.31682909931095,429.75299072265625,111848900,48.37677069261885,-1.2026602742555408,0.10595511489110204,4.062548143356617,4.192799298233121,-0.012048436205067792,0.01028485826468357,0.008622541037808462,0.0011659464572846279,-0.005485636277796413,0.0015060203525822935,4,0.009662672358674573,0.019545588314675788,0.014112844713084716,13.789999961853027,0.07566304915127442,1
2023-09-19,429.0842343223396,429.6755151492696,426.42839572285595,429.1133117675781,66514600,47.39509105859316,-1.1059516118301074,-0.19155421210629398,3.913321362425023,3.598874525432943,-0.002073680783035048,0.00756704426865317,0.0005864163033106884,-0.012048436205067792,0.008622541037808462,-0.005485636277796413,1,-0.010470307942101242,-0.0075861712193423525,0.011004195719861665,14.109999656677246,0.007857118334088975,0
2023-09-20,430.3733429544115,430.7901294710478,424.96470225740006,425.16827392578125,82562600,41.78385462680262,-1.3519720628646439,-0.5315552766310906,4.049900351798074,3.444703721410792,-0.009193464135490714,0.013701462622925266,-0.002073680783035048,0.0005864163033106884,-0.012048436205067792,0.0011659464572846279,2,-0.003982906467983494,0.0009539250561103607,-0.008663084772492113,15.140000343322754,0.07299792428826057,0
2023-09-21,422.31855674804774,422.58025371246634,417.98584063306095,418.14093017578125,104095800,34.05042045350457,-2.6836836644165616,-1.1677799114128975,4.273652704721091,4.252306405351377,-0.016528382245253548,0.010987714303581725,-0.009193464135490714,-0.002073680783035048,0.0005864163033106884,0.008622541037808462,3,0.007476109739715131,0.009333959710837947,-0.006582176502446524,17.540000915527344,0.15852050976095722,0
2023-09-22,419.16839709834846,420.7677155797648,416.7839285170148,417.20074462890625,100829700,33.16598955448414,-3.048509311065873,-1.5651899721132998,4.2529480160088715,4.73354547124693,-0.0022484896335782656,0.009548849358582865,-0.016528382245253548,-0.009193464135490714,-0.002073680783035048,-0.012048436205067792,4,-0.013289503419109505,-0.006867842300512739,-0.013709876216098094,17.200000762939453,-0.019384272225830057,1
2023-09-25,415.98915213200996,418.9939198820318,415.5529609010411,418.9551696777344,70874500,36.481479635238415,-3.27692437438136,-1.6165516546478311,4.194948799221857,5.14554690199286,0.004205229907699781,0.00821319136278352,-0.0022484896335782656,-0.016528382245253548,-0.009193464135490714,0.0005864163033106884,0,-0.0009356821966707285,0.0006902045451120387,-0.005176966901723867,16.899999618530273,-0.017441926226863136,0
2023-09-26,415.91157553365485,416.6191660672769,411.96656825523684,412.8001708984375,96168400,30.72318054302481,-4.172236461422638,-1.9494009561884544,4.39449541517012,6.177211844437453,-0.014691306432693896,0.011270823366942786,0.004205229907699781,-0.0022484896335782656,-0.016528382245253548,-0.002073680783035048,1,-0.009757470890261022,-0.007795507893781806,0.008524334549284251,18.940000534057617,0.12071011606950299,1
2023-09-27,413.9729414200165,414.53514466246037,409.3203738523524,412.9648742675781,104705800,31.036868570448448,-4.245646538087348,-2.03348102736744,4.453086514808536,6.876653968868197,0.00039899055463599176,0.012627637687967307,-0.014691306432693896,0.004205229907699781,-0.0022484896335782656,-0.009193464135490714,2,-0.009712129566227357,0.00022300568107302965,-0.011125572895551827,18.219999313354492,-0.03801484690607215,1
2023-09-28,412.4124874162186,417.0359784928409,411.8212066146307,415.3591003417969,92258300,35.60176887682229,-4.513829670132693,-1.8103121030907996,4.507492612194371,7.119435285776758,0.0057976506560395435,0.012554851630598727,0.00039899055463599176,-0.014691306432693896,0.004205229907699781,-0.016528382245253548,3,-0.002518369754060501,-0.004261903716065052,0.0017592300801205774,17.34000015258789,-0.0482985287557941,0
2023-09-29,418.41229918222865,418.586763812541,412.82919436980524,414.3509826660156,115111300,34.564305173174375,-3.5839210870275027,-1.6192679068027402,4.596783814375899,7.335914694313372,-0.00242709904502314,0.013895392272730777,0.0057976506560395435,0.00039899055463599176,-0.014691306432693896,-0.0022484896335782656,4,0.006968960195458118,0.0011457233850651338,-0.015426368342577157,17.520000457763672,0.010380640345549086,0
2023-10-02,413.51746849079825,415.43666857523283,411.42380373877234,414.186279296875,83798600,34.3879922716427,-3.6787305743682013,-1.4008583503295027,4.55507531595337,7.381081398683737,-0.0003974972330966775,0.009688550869605716,-0.00242709904502314,0.0057976506560395435,0.00039899055463599176,0.004205229907699781,0,0.004116558105197843,0.0008156112803574533,-0.00046749961547254415,17.610000610351562,0.0051369948765045415,0
2023-10-03,412.0053970277405,414.2444490832808,407.2752686675357,408.6419677734375,103760600,29.021339049934,-4.7706149943976985,-1.5168672912190817,4.7275113945099205,7.8101645229169865,-0.013386033774101747,0.017054490153612892,-0.0003974972330966775,-0.00242709904502314,0.0057976506560395435,-0.014691306432693896,1,-0.009057900877248337,-0.012802132082062823,-0.003067971929056168,19.780000686645508,0.1232254401523627,1
2023-10-04,409.107224446792,412.3640165843667,407.64359070503724,411.61767578125,87453000,34.894126159294444,-3.187114132343912,-1.2892168975630023,4.727005286282745,8.00367423045837,0.007281944201732893,0.011467986330689284,-0.013386033774101747,-0.0003974972330966775,-0.00242709904502314,0.00039899055463599176,2,-0.010624894680078212,-0.0053923068351572345,-0.016433985019056907,18.579999923706055,-0.06066737721347171,0
2023-10-05,411.32680997189277,412.3057997665852,408.2348102060782,411.4625244140625,70142700,34.7327624906727,-1.597166237448037,-1.0549670455740916,4.680147020155908,8.162769165528145,-0.00037693076929468106,0.00989394979847622,0.007281944201732893,-0.013386033774101747,-0.0003974972330966775,0.0057976506560395435,3,0.0009751247066225321,-0.007724049396789501,-0.02276265996407989,18.489999771118164,-0.004843926423974909,1
2023-10-06,409.01026454136644,417.8889419596687,407.68234534407696,416.3477783203125,113273300,43.57991273798355,-0.2044498528765692,-0.5047891727359142,5.074893419829897,8.006961385851959,0.011872901215503884,0.024514593681197534,-0.00037693076929468106,0.007281944201732893,-0.013386033774101747,-0.00242709904502314,4,-0.0019669107827170462,0.005261382799325531,0.017967067063012987,17.450000762939453,-0.05624656684978524,1
2023-10-10,419.6433174894524,423.79186665669647,419.2459060791411,421.1941833496094,78607300,50.9318826013058,2.0334324069931355,0.6094318487037329,5.094505664047704,7.206217321105882,0.00520479339454516,0.010793027912690887,0.006402165407255467,0.011872901215503884,-0.00037693076929468106,-0.013386033774101747,1,-0.006675030733649945,-0.0003202175316199263,-0.002596573450729389,17.030000686645508,-0.03785311002340763,1
2023-10-11,422.2604472219357,423.1715503152822,419.8759785243393,422.9195556640625,62451700,53.35741011477282,2.4105394954328,1.0590344490616852,4.966010387397362,6.7964139617814014,0.0040963821027437675,0.00779243179182919,0.00520479339454516,0.006402165407255467,0.011872901215503884,0.007281944201732893,2,0.019527169806570654,0.01815221116022614,0.02425769904616293,16.09000015258789,-0.05519674081955506,0
2023-10-12,423.5301811699864,423.9081879098467,417.9858555363506,420.3412170410156,81154200,49.425532600857565,1.199472142326722,1.1542417138009462,5.034319100690128,5.877024334428603,-0.006096522585715913,0.014089344878397225,0.0040963821027437675,0.00520479339454516,0.006402165407255467,-0.00037693076929468106,3,0.002365882462888269,-0.0010749842823395417,0.005984290974720752,16.690000534057617,0.03729026574143468,0
2023-10-13,421.8436377363804,423.0455744454242,416.6773479708049,418.2475891113281,95143100,46.43340569372432,0.9404120198390671,1.0506322795456442,5.12959819882793,5.339398846959968,-0.00498078190957707,0.015225972941410714,-0.006096522585715913,0.0040963821027437675,0.00520479339454516,0.011872901215503884,4,-0.002262578919275726,0.0032545675442914312,0.01747687504743456,19.31999969482422,0.15757933352966802,1
2023-10-16,420.4963128780658,423.71435449669224,420.25399100160854,422.64813232421875,75433200,52.88908124823589,2.0430066012106054,1.2398879950954713,5.1536815692947995,4.769349683430014,0.010521383332395828,0.008187338900693897,-0.00498078190957707,-0.006096522585715913,0.0040963821027437675,0.006402165407255467,0,-0.015453461870864715,-0.0059124775253807105,-0.0054984394671576675,17.209999084472656,-0.10921328383441054,0
2023-10-17,419.51728827351457,424.68360681651455,419.16835899887315,422.6286926269531,75324700,52.85877496728943,3.422733335424387,1.3178858764784076,5.179507729890986,4.209016859712115,-4.5994991528131024e-05,0.013049866026274797,0.010521383332395828,-0.00498078190957707,-0.006096522585715913,0.00520479339454516,1,0.0033799451358549337,0.004079162008743031,-0.02032928382312671,17.8799991607666,0.03893086065869911,0
2023-10-18,420.85499831559775,421.8145836033234,415.91162548795126,416.9972229003906,93559800,44.84248789362855,1.3069281120958298,0.9609103507628056,5.289333401970334,3.831704598586004,-0.013324863703783829,0.01415586913100906,-4.5994991528131024e-05,0.010521383332395828,-0.00498078190957707,0.0040963821027437675,2,0.0008990815128357976,0.005844900412216525,0.01204268652869378,19.219999313354492,0.07494408364001504,0
2023-10-19,417.71448112410957,419.52704410810907,412.6547989345063,413.3332824707031,121323000,40.535236569609076,0.45466061807321384,0.47338818140298455,5.402398528515509,3.888085615026747,-0.008786486404401606,0.016626401659512815,-0.013324863703783829,-4.5994991528131024e-05,0.010521383332395828,-0.006096522585715913,3,-0.010279534203784135,-0.011361292616934748,6.120224122119211e-05,21.399999618530273,0.11342353709976805,0
2023-10-20,412.8971069121286,413.4399055549237,408.14757441721036,408.25421142578125,123919900,35.45167753871176,-1.943943817157721,-0.16179065465734954,5.394536572029641,4.258360173532381,-0.012288076620788124,0.012963322825820913,-0.008786486404401606,-0.013324863703783829,-4.5994991528131024e-05,-0.00498078190957707,4,-0.0032911548982906824,-0.011663152345809169,-0.019088261884699143,21.709999084472656,0.01448595661066987,0
2023-10-23,406.72276099004836,411.4141390664612,404.9683527773846,407.5466613769531,92035100,34.79698952107897,-2.7365823786757217,-0.5768716937216118,5.469625837532994,4.572491313949347,-0.0017331114512134649,0.015816069422084317,-0.012288076620788124,-0.008786486404401606,-0.013324863703783829,0.010521383332395828,0,-0.01640126036620304,-0.012987519480465393,-0.005448819345834743,20.3700008392334,-0.06172263020488311,1
2023-10-24,409.6693807564813,411.7727477741345,407.8180379697815,410.6192932128906,78564200,39.98054436866748,-2.5106923492201063,-0.5896832797042388,5.380801591793591,4.656459101031522,0.007539337521637934,0.009631086190347556,-0.0017331114512134649,-0.012288076620788124,-0.008786486404401606,-4.5994991528131024e-05,1,0.00015204274776881022,-0.0036881820846214053,-0.008311385739970922,18.969999313354492,-0.06872859441333212,0
2023-10-25,408.93271643497314,408.9617938766799,404.21226147565824,404.7259826660156,94223200,34.34141876726734,-4.301899203852036,-0.9205300505620637,5.45410374503922,5.158511618663667,-0.01435224950284919,0.01173518035520105,0.007539337521637934,-0.0017331114512134649,-0.012288076620788124,-0.013324863703783829,2,0.005352489918637238,0.0020204467944375804,0.0020257980048854485,20.190000534057617,0.0643121383691494,0
2023-10-26,403.65982284727204,404.512771066671,398.9587721877273,399.87957763671875,115156800,30.528062589633677,-4.86786414816425,-1.364462440948568,5.4764685116998715,6.0692000567871744,-0.01197453397326409,0.013889178616641955,-0.01435224950284919,0.007539337521637934,-0.0017331114512134649,-0.008786486404401606,3,0.000822534059886415,0.0033289049250744274,0.006682376417441072,20.68000030517578,0.024269428338627552,0
2023-10-27,401.4692254760225,401.86663693380547,396.6421626745101,398.0670166015625,107367700,29.221157153940183,-4.825030205827202,-1.6592803153570088,5.4584689222424085,6.972329406763598,-0.0045327672042380085,0.013124609780279102,-0.01197453397326409,-0.01435224950284919,0.007539337521637934,-0.012288076620788124,4,-0.010819764882889937,-0.008051968305018642,-0.02136687994946218,21.270000457763672,0.02852998761514658,1
2023-10-30,400.85858025181,403.88275285179935,399.55973840849714,402.82623291015625,86562700,36.86391433094217,-4.689929494082532,-1.4220039471540868,5.483988017099155,7.3279240763213505,0.011955816759762872,0.010731710325991581,-0.0045327672042380085,-0.01197453397326409,-0.01435224950284919,-0.0017331114512134649,0,-0.00296242623683296,-0.008606898013247877,0.012741421094093708,19.75,-0.07146217325109949,1
2023-10-31,403.3980385118803,405.67586990534585,401.4885410773971,405.35601806640625,79665200,40.539352465582255,-4.086962116363727,-1.0026956885101566,5.391369503588413,7.451629748731977,0.006280090395240467,0.010330002864945216,0.011955816759762872,-0.0045327672042380085,-0.01197453397326409,0.007539337521637934,1,0.0019833233022437113,0.004951119638921142,-0.009509920911887626,18.139999389648438,-0.08151901824564878,1
2023-11-01,406.32532025886866,410.49324455803196,405.79219440086933,409.6790466308594,98068100,46.29309875842325,-1.7549700256107854,-0.3745482480072253,5.373216431305363,7.477840171250244,0.010664769663651263,0.011474958741051993,0.006280090395240467,0.011955816759762872,-0.0045327672042380085,-0.01435224950284919,2,0.00637376750503349,-0.0007778621485401427,0.005273768703182302,16.8700008392334,-0.0700109478029951,1
2023-11-02,413.478720060287,417.6854545666244,413.4593449558553,417.5303649902344,94938900,54.84009080133535,1.0154233151618361,0.5775879022062251,5.561301538766768,7.5383677177542285,0.019164559242028867,0.01012168207423183,0.010664769663651263,0.006280090395240467,0.011955816759762872,-0.01197453397326409,3,0.007625057135178137,0.0028271721702701758,0.024070916144078636,15.65999984741211,-0.07172501076628712,1
2023-11-06,422.0956239774314,422.75473237061436,420.3605910898025,422.3088684082031,67831700,59.16586944572557,3.622212725623571,1.9742847402392862,5.321732876494672,7.856244626422681,0.0023003729342003787,0.005669171215456708,0.009123324807305488,0.019164559242028867,0.010664769663651263,0.011955816759762872,0,0.0030145006340989156,-0.0038675625713422424,0.011019685050319694,14.890000343322754,-0.0013413483765277734,1
2023-11-07,422.308896123232,424.1505365569555,421.1651439105342,423.51080322265625,64256100,60.25927584425825,3.1395285664480124,2.3213234194121943,5.154851431489432,7.976944889437837,0.0028461036562730246,0.007049153465990252,0.0023003729342003787,0.009123324807305488,0.019164559242028867,0.006280090395240467,1,-0.003507761965699463,1.3428606222554151e-05,0.023743112383502796,14.8100004196167,-0.005372728130387805,1
2023-11-08,424.1116972443818,424.6351207317609,421.5140140675149,423.8209228515625,61746000,60.55277561923646,4.717992173313032,2.46033061521731,5.0095839481149,8.028306562752592,0.0007322590747307345,0.007364210910698976,0.0028461036562730246,0.0023003729342003787,0.009123324807305488,0.010664769663651263,2,0.0011013448213856858,-0.00105149840827079,-0.013350059372742473,14.449999809265137,-0.02430794059092134,0
2023-11-09,424.9647121167065,425.0034918992464,420.0891971681386,420.51568603515625,83174400,55.82096509129843,5.16058072292577,2.2253295272306968,5.002777575471536,8.035192143835825,-0.007798663629364655,0.011686352957347155,0.0007322590747307345,0.0028461036562730246,0.0023003729342003787,0.019164559242028867,3,0.00507898047621258,-0.001120081604251033,-0.0032641432286730776,15.289999961853027,0.058131499216304006,1
2023-11-10,422.58998243152627,427.38793789386506,420.5059906051338,427.0777587890625,89462200,62.14556680852066,7.287904040675077,2.392863106873652,5.137003983561518,8.473883481181351,0.015604822773145344,0.016114038127961465,-0.007798663629364655,0.0007322590747307345,0.0028461036562730246,0.009123324807305488,4,0.008072466305143022,0.007295621083679871,0.014921758978770017,14.170000076293945,-0.07325048321473948,0
2023-11-13,425.740146607046,427.7756266322396,424.95502612182986,426.670654296875,52236100,61.556801060377516,5.919282171485802,2.3537048010894783,4.971546592622106,8.701974016047934,-0.0009532327165474586,0.00661072066242266,0.015604822773145344,-0.007798663629364655,0.0007322590747307345,0.0023003729342003787,0,-0.007695820387009666,-0.012755354314815448,-0.0024000017230044746,14.760000228881836,0.04163727236494141,1
2023-11-14,432.6123476205668,436.2374729315987,432.3894008757626,434.9483337402344,97176900,68.16174370408872,7.300327207422945,2.735926821082615,5.299780309915077,9.588468543547252,0.01940062987692559,0.008847193464900812,-0.0009532327165474586,0.015604822773145344,-0.007798663629364655,0.0028461036562730246,1,0.007260569941759609,0.00885793361495213,0.0005219830173208706,14.15999984741211,-0.04065043171853533,1
2023-11-15,436.2860492849091,437.51706352995177,435.01628483174915,435.8692626953125,77327600,68.80391636817035,6.3928619927813335,2.886498795801617,5.104705272758099,10.540966718301632,0.0021173295392553637,0.005737451369565266,0.01940062987692559,-0.0009532327165474586,0.015604822773145344,0.0007322590747307345,2,0.01755814190290006,0.001979611045159091,0.003400949532642139,14.180000305175781,0.0014124617216946245,1
2023-11-16,435.42338430911985,436.7222261657172,434.3571620148054,436.4023742675781,66665800,69.19130996521848,4.519913007473156,2.8526552642334897,4.909016621197648,11.347244335868538,0.0012230997179498715,0.005419457570278166,0.0021173295392553637,0.01940062987692559,-0.0009532327165474586,-0.007798663629364655,3,0.008565169337056533,0.006236126919393792,0.025194864899802383,14.319999694824219,0.009873017393189798,1
2023-11-17,436.41200351038174,437.55578526494025,435.4911981146269,436.94512939453125,83133200,69.60514094971614,3.703781498758153,2.6991114506462615,4.705843087563055,11.878083545766167,0.0012437034236214561,0.004725049008268413,0.0012230997179498715,0.0021173295392553637,0.01940062987692559,0.015604822773145344,4,0.002440945829147001,-0.010137694283850363,-0.0028427779699973232,13.800000190734863,-0.03631281530524766,1
2023-11-20,436.69311009341754,441.1518386514175,436.6834077524104,440.3085632324219,69936200,72.10565646963128,4.262210948130095,2.652448144438748,4.688885074094772,12.423300336705164,0.007697611465657728,0.010148407894234823,0.0012437034236214561,0.0012230997179498715,0.0021173295392553637,-0.0009532327165474586,0,0.008396343593441546,0.012589367789434647,0.004810528046668816,13.40999984741211,-0.028260894053073637,0
2023-11-21,439.2617361737396,440.18257120218567,438.0792041489343,439.3489685058594,49244600,70.3280020087173,3.7397311149289334,2.3932905877994677,4.513204646194257,12.827301092394583,-0.0021793687579406695,0.0047874632786882474,0.007697611465657728,0.0012437034236214561,0.0012230997179498715,0.01940062987692559,1,-0.0011200388682565121,-0.0010527167822926842,-0.0058706803394491525,13.350000381469727,-0.004474233156233853,1
2023-11-22,441.0064463302394,442.3634429416601,439.94992648347943,441.0451965332031,59394900,71.65811287552253,4.064045155145205,2.1785648293494866,4.4061524883090035,12.850908223781898,0.003860776168685076,0.005472265602600108,-0.0021793687579406695,0.007697611465657728,0.0012437034236214561,0.0021173295392553637,2,-5.029797404176861e-05,-0.001920909040518004,-0.0010150531112852468,12.850000381469727,-0.03745318245039286,1
2023-11-24,441.0937331649602,441.51051975063126,440.76417891719865,441.316650390625,29737400,71.87539497482594,4.946537084404916,1.9070531913764421,4.144737370103547,12.259847009907931,0.000615478548583237,0.0016911685357259897,0.003860776168685076,-0.0021793687579406695,0.007697611465657728,0.0012230997179498715,4,0.002312982320090917,0.0018876896253094966,0.002928796790128585,12.460000038146973,-0.0303502203692656,0
2023-11-27,440.6866129172609,441.5008109728584,440.13411187157703,440.5218505859375,50506000,70.17891685329172,3.147925997128583,1.541789975224657,3.9463060651876773,11.078729144984244,-0.001800973980891074,0.0031024547351363504,0.000615478548583237,0.003860776168685076,-0.0021793687579406695,0.0012437034236214561,0,0.0021732010860022744,0.0006146904693224986,0.005192634744831226,12.6899995803833,0.018459032225695893,1
2023-11-28,440.13404650216097,442.2567884526749,439.5718727783306,440.95794677734375,62115000,70.58910721582609,3.348552879506856,1.2119516431475263,3.8562067515560092,10.01834732596089,0.0009899535989559283,0.006088824782423162,-0.001800973980891074,0.000615478548583237,0.003860776168685076,0.007697611465657728,1,-0.003937749501985999,-0.003672444550456122,-0.00528941457244636,12.6899995803833,0.0,0
2023-11-29,443.10976458954195,444.24384395397783,440.2503842780265,440.64776611328125,63146000,69.85312890864321,1.310369975218888,0.8712196840892803,3.8660105318699607,8.820676724111879,-0.0007034245925929827,0.00906270264609646,0.0009899535989559283,-0.001800973980891074,0.000615478548583237,-0.0021793687579406695,2,0.0016471999893818978,-0.0007371962223405859,-0.0011744090933085705,12.979999542236328,0.02285263762351275,1
2023-11-30,441.4911150141487,442.73180192610516,439.41682540648986,442.3828430175781,79752700,71.63470092499871,1.4943885425614056,0.6700594170389627,3.8266509595660563,7.806155623813119,0.003937559742106522,0.00749345633976944,-0.0007034245925929827,0.0009899535989559283,-0.001800973980891074,0.003860776168685076,3,0.010866245241502925,-0.004252091759042509,-0.002609280883311027,12.920000076293945,-0.004622455166284678,1
2023-12-01,441.7722250179134,445.53306586193185,441.1809737453773,444.9999694824219,89183400,74.11915124571131,1.9701073417103303,0.6216882775615593,3.8641824707795207,7.460794259789696,0.00591597641308117,0.009779982955092028,0.003937559742106522,-0.0007034245925929827,0.0009899535989559283,0.000615478548583237,4,0.0030296998781897955,0.004081606343032229,0.004971963247892841,12.630000114440918,-0.022445817348339614,0
2023-12-04,441.60742053346644,445.01930211338146,440.3861087358581,442.6639404296875,72430900,68.36336575274107,1.3088167484738247,0.3541023312939835,3.919111821261223,7.123520259212472,-0.005249503849295567,0.010466615765056402,0.00591597641308117,0.003937559742106522,-0.0007034245925929827,-0.001800973980891074,0,0.011229418353950082,0.01014249102970366,-0.001653748831748958,13.079999923706055,0.03562943825713938,0
2023-12-05,441.27787936550914,443.5363064434526,440.89984300542426,442.57672119140625,69793500,68.15057027695597,0.5151291953836251,0.10585080638303168,3.8274940796017307,6.7150837273262765,-0.00019703262523840248,0.005957076619237973,-0.005249503849295567,0.00591597641308117,0.003937559742106522,0.0009899535989559283,1,0.00044154448855526773,-0.002178115461584751,-0.005989624076367828,12.850000381469727,-0.01758406296467019,0
2023-12-06,444.718815610949,444.7478930540511,440.35702166378525,440.793212890625,69124700,63.77874824794979,0.32872374542660704,-0.22576298316686305,3.867735316077738,6.20751479766469,-0.004029828536801672,0.009961295369026804,-0.00019703262523840248,-0.005249503849295567,0.00591597641308117,-0.0007034245925929827,2,0.007823924958898054,-0.003088006829828349,-0.013705441446397515,12.970000267028809,0.009338512217643702,1
2023-12-07,442.87718005735604,444.80605282503006,442.27622650644105,444.1566467285156,66995400,67.95380079009522,0.7054719606448001,-0.26326249978245997,3.8780999316725473,5.692206210987609,0.007630412037957557,0.00569579750122559,-0.004029828536801672,-0.00019703262523840248,-0.005249503849295567,0.003937559742106522,3,0.007459581578253438,0.003417994916263156,0.020444282358493604,13.0600004196167,0.00693910182998847,1
2023-12-08,443.4102939900714,446.59925845337557,443.167972091833,446.066162109375,83194400,70.06351783112932,1.0762140323837859,-0.20663675225683065,3.846184676663263,4.56813513443722,0.004299193527608214,0.007692326056109168,0.007630412037957557,-0.004029828536801672,-0.00019703262523840248,0.00591597641308117,4,-0.0016479643700112456,-0.00022616321863588862,-0.017568367758098113,12.350000381469727,-0.05436447284339452,1
2023-12-11,445.57182828523526,447.97567223110514,445.3585838256798,447.8011779785156,65002200,71.87527873447833,1.6524327642081549,-0.10464871215022242,3.7583920858605557,4.089932807676817,0.003889593106403799,0.005844308890029147,0.004299193527608214,0.007630412037957557,-0.004029828536801672,-0.005249503849295567,0,0.00783153197605424,0.005430054916611304,-0.016752207959197962,12.630000114440918,0.022672042455262664,1
2023-12-12,447.4521722811235,449.9432481380579,446.45380738636266,449.8463134765625,68327600,73.8818125018069,2.0156948670905392,0.04045477834691802,3.739181276277321,3.407820554034049,0.004567061451868248,0.007756961982699617,0.003889593106403799,0.004299193527608214,0.007630412037957557,-0.00019703262523840248,1,0.0021008724092066444,-0.0012707786956449585,0.014979061306193309,12.069999694824219,-0.044338908514846676,1
2023-12-13,450.22434675999136,456.3017983886153,449.86571511357835,456.0497741699219,93278000,78.81827832034432,3.495310595238804,0.47025802785567894,3.9332029645469966,4.192539261309988,0.013790177906354284,0.014112677254914906,0.004567061451868248,0.003889593106403799,0.004299193527608214,-0.004029828536801672,2,-0.00016013959241512055,-0.0002783466558115011,0.0015826650645449636,12.1899995803833,0.009941995740939458,1
2023-12-14,457.98839971929596,459.18063413890565,454.83821495932193,457.5134582519531,119026000,79.78892358757061,3.420253627190009,0.7524212906851178,3.962432694192476,4.884008708155055,0.0032094831856794848,0.009491347415603979,0.013790177906354284,0.004567061451868248,0.003889593106403799,0.007630412037957557,3,-0.0015298862873313057,0.0007424428330671251,0.002516535765338279,12.479999542236328,0.023789989486111995,0
2023-12-15,456.9158196636758,458.0934340813363,454.9109942306135,456.7601013183594,141553700,77.81247005209812,2.642726436501934,0.7840539071098735,3.906718919658928,5.271557418889556,-0.0016466333831405278,0.00696742084419641,0.0032094831856794848,0.013790177906354284,0.004567061451868248,0.004299193527608214,4,-0.0008243033902447516,0.013327340755358463,-0.007292079173856991,12.279999732971191,-0.016025626330215204,1
2023-12-18,458.3659614924249,460.31239637628556,457.3051580447496,459.3294372558594,70375300,79.66276395303245,3.7648191560385325,0.8672600130946257,3.8814029295351604,5.740545914567215,0.005625132164749136,0.006547018517911485,-0.0016466333831405278,0.0032094831856794848,0.013790177906354284,0.003889593106403799,0,-4.7218525704662007e-05,-0.009491449556314535,0.008697870855482126,12.5600004196167,0.022801359343169958,1
2023-12-19,459.8744287176748,462.2004326198957,459.79658439176796,462.12255859375,55761800,81.47169133303582,4.416372679911137,0.9907343820746659,3.8092309605709582,6.433205997961479,0.006080867262889589,0.005201754780036512,0.005625132164749136,-0.0016466333831405278,0.0032094831856794848,0.004567061451868248,1,-0.006022686716405046,0.00502878651435279,-0.006416948079020823,12.529999732971191,-0.0023885896212750835,0
2023-12-20,461.2661635495232,463.1542078983234,455.29062347154826,455.7188415527344,102921000,66.8013157100807,3.3860840470365647,0.5437965638085203,4.098827636728402,6.449836884415361,-0.013857183385512006,0.01725534191209255,0.006080867262889589,0.005625132164749136,-0.0016466333831405278,0.013790177906354284,2,0.005637013227556054,0.0030862170858230176,0.014054471465899221,13.670000076293945,0.09098167339325469,1
2023-12-21,458.7065536605437,460.31238616429494,456.28325178797456,460.0398864746094,86667500,70.6427327531009,3.576044592168887,0.4459544873647072,4.134164563502127,6.712299307284438,0.00948182196538605,0.008758228351016577,-0.013857183385512006,0.006080867262889589,0.005625132164749136,0.0032094831856794848,3,-0.0006783980381512844,0.010172845681133857,0.013743502594728785,13.649999618530273,-0.0014630912693524012,1
2023-12-22,461.1687838422537,462.6480933014032,459.06666039020405,460.96441650390625,67160400,71.40512028372028,3.3399203212545436,0.35427383605997775,4.094683731194772,6.929993381102573,0.0020096736315229347,0.00776943465259603,0.00948182196538605,-0.013857183385512006,0.006080867262889589,-0.0016466333831405278,4,-0.002726989834162863,-0.0027217231707316047,-0.015900747949116556,13.029999732971191,-0.045421238306660006,1
2023-12-27,462.7064835048319,463.8938099220547,462.1712258143802,463.7478332519531,68000300,73.67307180991217,3.0902820272005873,0.29227389815720173,3.842791724129356,7.224404034204222,0.001808135747239925,0.0037144844334800736,0.004222475885611088,0.0020096736315229347,0.00948182196538605,0.006080867262889589,2,0.0011241861062301073,0.0003638614392287298,0.0015583167078427884,12.430000305175781,-0.04311004432713539,1
2023-12-28,464.1079178321579,464.75995685713684,463.5045277970175,463.9230041503906,77158100,73.82119290409783,1.7263970790905871,0.1927155436551935,3.657980105271499,7.1867959400899615,0.0003777287695538867,0.0027061151287776624,0.001808135747239925,0.004222475885611088,0.0020096736315229347,-0.013857183385512006,3,0.0021483442457437274,0.003572588502760654,0.011270893886186073,12.470000267028809,0.0032180177691847334,0
2023-12-29,463.7283454487912,464.25389115635505,460.62377959337147,462.5799560546875,122283100,70.54407867347591,1.1073986374285518,-0.03415507742602486,3.6559894951080767,7.056007390352241,-0.002894980597400454,0.00784753320041049,0.0003777287695538867,0.001808135747239925,0.004222475885611088,0.00948182196538605,4,-0.0024202222600717693,-0.00029770934466022414,-0.004204631264368874,12.449999809265137,-0.001603885913022296,0
2024-01-04,455.75768568069975,458.34644746704663,454.54116395968543,454.7650146484375,84232200,54.39749699946976,-1.5921196246514522,-1.365742010325281,3.7770875113842224,5.880433906711967,-0.0032210928571738684,0.008367581904476368,-0.00816666048563286,-0.005596385232177203,-0.002894980597400454,0.001808135747239925,3,-0.013773260196470738,-0.005076759089878924,-0.0022495548932739418,14.130000114440918,0.006410267295756666,1
2024-01-05,454.9693723825891,457.8403754637055,453.93776436095277,455.38787841796875,86118900,55.350911401994935,-0.07262441325400565,-1.5906398414999359,3.786053482196261,5.013554982052495,0.0013696387133315113,0.008569861622822608,-0.0032210928571738684,-0.00816666048563286,-0.005596385232177203,0.0003777287695538867,4,0.004770623653110206,0.005310947763826457,-0.005255854325544984,13.350000381469727,-0.05520167916870922,1
2024-01-09,459.2320864754785,462.21012932199153,458.72602412321226,461.1882629394531,65931400,62.46718990392047,0.04856045879736101,-1.1378517191009276,3.95424942365026,3.7631266281591844,-0.001517127745895852,0.0075546267733979265,0.014276025907794754,0.0013696387133315113,-0.0032210928571738684,-0.005596385232177203,1,0.00736761549467313,0.0005982232623062966,0.0026776026948291953,12.760000228881836,-0.02446480861549971,1
2024-01-10,461.4607624691406,464.6626560070687,461.17852110920177,463.7964782714844,67310600,65.45926581223412,0.1913220823300038,-0.868313365851832,3.920669814665735,3.2285848973061033,0.0056554243497164425,0.007512206454977569,-0.001517127745895852,0.014276025907794754,0.0013696387133315113,-0.00816666048563286,2,-0.001681654496588525,-0.0013256992349528485,0.011557447844374513,12.6899995803833,-0.00548594414129322,0
2024-01-11,464.7989126874992,465.3147167416708,459.6116768106503,463.5921325683594,77940700,65.02191690624892,-0.033574428262429894,-0.7181698058565642,4.047981965833932,2.72333902488376,-0.00044059347730840415,0.012301847961536647,0.0056554243497164425,-0.001517127745895852,0.014276025907794754,-0.0032210928571738684,3,8.695713235740143e-05,-0.004190551185905833,0.020097013041435074,12.4399995803833,-0.019700552266877946,1
2024-01-12,465.04220480544996,465.7818595429952,462.502121615046,463.91326904296875,58026400,65.4130085260764,-0.0020984317084477137,-0.6155594635075339,3.993107391699309,2.705661957677447,0.0006927133832712595,0.007069722180430748,-0.00044059347730840415,0.0056554243497164425,-0.001517127745895852,0.0013696387133315113,4,-0.008554995252881059,-0.00982771491031198,0.01765709282438177,12.699999809265137,0.020900340647264315,0
2024-01-16,462.53132242501596,463.8451421871986,460.39023221216354,462.21014404296875,85014900,61.4865229077432,-0.07994553306478108,-0.6759016785426608,3.9595309230640163,2.6664162957665503,-0.003671214241216858,0.00747476017037362,0.0006927133832712595,-0.00044059347730840415,0.0056554243497164425,0.014276025907794754,1,-0.004929183471719889,-0.003934477879608433,0.009126083968141296,13.84000015258789,0.08976380790896399,0
2024-01-17,459.1834252725011,460.1274473065962,457.28563952656407,459.6408386230469,68843900,56.023144739288036,-0.07616272045806967,-0.8889532552053225,4.028457608302635,2.5649070886199397,-0.005558738710163436,0.006182670340053713,-0.003671214241216858,0.0006927133832712595,-0.00044059347730840415,-0.001517127745895852,2,-0.0030405693997010985,-0.004819036212044825,-0.007871735152474302,14.789999961853027,0.06864160395890595,1
2024-01-18,461.314802822399,464.28310409945385,459.7673906749951,463.7283630371094,91856200,61.83338722187505,1.642526586307128,-0.7597021528425669,4.072301027452945,2.609895246783548,0.008892866061047888,0.009737841772031903,-0.005558738710163436,-0.003671214241216858,0.0006927133832712595,0.0056554243497164425,3,-0.008447558546560319,-0.01481814732071618,-0.0039706048466251476,14.130000114440918,-0.04462473624843866,1
2024-01-19,464.85726900395974,469.7914881784232,463.7770119836413,469.5092468261719,110834500,68.22700664970915,3.242165008918422,-0.3128801649401707,4.21450274987158,3.069030187307977,0.012466099229302197,0.0128101336351501,0.008892866061047888,-0.005558738710163436,-0.003671214241216858,-0.00044059347730840415,4,0.008256007797433185,0.0017190139135536686,-0.0003263489088231042,13.300000190734863,-0.058740263056175857,1
2024-01-22,471.0469830334159,472.22456782073624,469.8499148891261,470.5019836425781,75844900,69.18176933486248,3.3189520276903797,0.004710718078374754,4.107418338778208,3.3166586980032378,0.0021144137695201515,0.005047062529313469,0.012466099229302197,0.008892866061047888,-0.005558738710163436,0.0006927133832712595,0,-0.0007375198983599063,0.00037535421845058536,0.014016106897637881,13.1899995803833,-0.00827072246421412,1
2024-01-23,471.04699545665005,472.1175109095896,469.9569966462272,471.87420654296875,49945300,70.50128811378607,2.161817841731505,0.24886058794816357,3.9683537619627947,3.766772923021991,0.0029165082148367993,0.004578580972227139,0.0021144137695201515,0.012466099229302197,0.008892866061047888,-0.003671214241216858,1,0.007745545276217847,0.0034576037344919985,0.016229883853936533,12.550000190734863,-0.04852156254805884,1
2024-01-24,474.745184157241,475.6794645582401,471.8936642634199,472.3900146484375,81765000,71.00385778676797,2.428889156369314,0.3789587188579775,3.9567040657705492,4.167672314844318,0.0010931051079219323,0.008014141233780475,0.0029165082148367993,0.0021144137695201515,0.012466099229302197,-0.005558738710163436,2,-0.0033727938111984823,-0.000267104711437538,-0.0008038675423810426,13.140000343322754,0.04701196363514493,1
2024-01-25,474.52129934846636,475.2317587014155,472.38998069009165,474.9592590332031,72525000,73.43189706530953,2.4068274091517767,0.5609332529052642,3.877066490452929,4.712146440859106,0.005438820265237121,0.005983203732270449,0.0010931051079219323,0.0029165082148367993,0.0021144137695201515,0.008892866061047888,3,0.015807340947507686,0.005610697583948054,-0.007971227035615813,13.449999809265137,0.02359204397585213,0
2024-01-26,474.5310374710035,476.02005880762255,473.50917114792156,474.3558654785156,76641600,71.90897211440306,2.3218109527708766,0.5621346838690835,3.7794822882563617,5.107483193958365,-0.0012704111841418397,0.005293257325211058,0.005438820265237121,0.0010931051079219323,0.0029165082148367993,0.012466099229302197,4,0.0010065175014821737,0.00026568539502225264,0.0002757176827767882,13.260000228881836,-0.014126363054103419,1
2024-01-29,474.6673802745829,478.25855521279726,474.1223808525455,478.112548828125,61322800,75.33827476592816,3.060761726960019,0.7269367584256035,3.804960293398889,5.7152807613580885,0.00791954653247462,0.008651047479070964,-0.0012704111841418397,0.005438820265237121,0.0010931051079219323,0.0021144137695201515,0,0.003221799321029728,0.01399788831026294,-0.013395301866990006,13.600000381469727,0.02564103670581619,0
2024-01-30,477.421527922976,478.4531359964777,476.983568210537,477.7427062988281,58618400,74.37563058661357,3.36049791551425,0.7206392726525745,3.638146542866164,6.153944578021359,-0.000773547003113384,0.003076065351841342,0.00791954653247462,-0.0012704111841418397,0.005438820265237121,0.0029165082148367993,1,-0.0011602637976507735,-0.0003143249352404176,0.007716442929921019,13.3100004196167,-0.02132352600873144,0
2024-01-31,475.5334936248827,475.98116532447904,469.9277517507619,469.9472351074219,126011100,57.653667471168376,2.2422717083299277,0.13190126555854054,3.936489971809025,6.083347782008489,-0.016317300271938007,0.01288104944873956,-0.000773547003113384,0.00791954653247462,-0.0012704111841418397,0.0010931051079219323,2,0.0018078992353838252,0.0044020606751506985,0.0010802462610175478,14.350000381469727,0.07813673396435372,1
2024-02-01,471.65035080339914,476.1271567596163,470.8425637335658,476.09796142578125,91891600,64.44593230419667,2.6674232966168625,0.09867655717174628,4.096735091836554,5.99596021298303,0.01308812108864399,0.011099801835371499,-0.016317300271938007,-0.000773547003113384,0.00791954653247462,0.005438820265237121,3,-0.004040696731055338,-0.004656706356490514,0.006123563012977451,13.880000114440918,-0.03275263097802583,1
2024-02-02,476.5359427757288,482.76452883359946,476.1953107107944,481.1100769042969,99228200,68.83298956081256,2.4708416621281195,0.34249012881818164,4.2802945429781,5.978912338054002,0.010527487795801038,0.013654293348155804,0.01308812108864399,-0.016317300271938007,-0.000773547003113384,-0.0012704111841418397,4,-0.002645606879479123,-0.0011008180531345557,-0.007585421574142881,13.850000381469727,-0.0021613640290952807,0
2024-02-05,480.4774696836803,481.1392504253947,477.1004039249224,479.3582458496094,75757100,65.77792755349327,1.8823007160282248,0.3147249467386901,4.263048254227689,5.691783711711861,-0.0036412271095206394,0.008425528371404017,0.010527487795801038,0.01308812108864399,-0.016317300271938007,0.00791954653247462,0,0.0035098011684200348,-0.0008790369107098961,0.004069776397140901,13.670000076293945,-0.012996411568089838,1
2024-02-06,480.3022070902884,481.0807987761819,478.87157642395977,480.7499084472656,55918600,67.02983142534632,1.8809466127258336,0.31808805920531746,4.116346404084434,5.805121191832301,0.002903178592849054,0.004595367182403658,-0.0036412271095206394,0.010527487795801038,0.01308812108864399,-0.000773547003113384,1,-0.0008363999407073885,-0.0003414217919046614,0.005424540047899606,13.0600004196167,-0.04462323725477424,1
2024-02-07,482.99806143919835,485.1780588645302,482.092946704362,484.75958251953125,70556500,70.3907075543801,2.618507480582425,0.5071358728532296,4.138618119311588,6.026460883948284,0.008340457276874158,0.006364210778739774,0.002903178592849054,-0.0036412271095206394,0.010527487795801038,-0.016317300271938007,2,0.007641932371324822,0.008945355715932246,-0.005322637056346169,12.829999923706055,-0.0176110634395672,1
2024-02-08,484.759615339305,485.3532637246949,483.9421162494583,484.9737243652344,52343600,70.56329045095974,2.108489337046731,0.5592791962318326,3.9437987875919456,6.252314199994166,0.00044174855624334874,0.002909740062894319,0.008340457276874158,0.002903178592849054,-0.0036412271095206394,0.01308812108864399,3,-0.006533066835423651,-0.00679601553345921,-0.0011265911925825156,12.789999961853027,-0.0031176899525243718,1
2024-02-09,485.47977226451565,488.2145108276318,485.13914022884614,487.7765808105469,63979400,72.79815916658325,2.829250423306739,0.6868110058351178,3.8935836215066217,6.520126603100371,0.005779398562223204,0.0063048754691650884,0.00044174855624334874,0.008340457276874158,0.002903178592849054,0.010527487795801038,4,0.002474248745735874,-0.004365012261435819,0.02058031513945524,12.930000305175781,0.010946078478523358,0
2024-02-13,481.285249794803,483.77668422244784,477.57729349036913,480.8472900390625,113099200,59.80787059806427,0.649844298887623,0.12354692162283243,4.280883537621319,6.170854506674592,-0.013772962161111346,0.012892639431481652,-0.00043895368606916563,0.005779398562223204,0.00044174855624334874,0.002903178592849054,1,0.006548879530617668,0.0001452734387215049,0.0009261417823460683,15.850000381469727,0.13783201968635694,1
2024-02-14,483.48468469887587,485.703619202311,481.1586808363787,485.2170104980469,68387800,64.16065905271854,3.249253160758482,0.0011336585061485493,4.3219867965946905,5.457412682529682,0.009087543071375936,0.009366815811480276,-0.013772962161111346,-0.00043895368606916563,0.005779398562223204,0.008340457276874158,2,-0.00918684741691711,-0.008107053229147065,0.028905728931772456,14.380000114440918,-0.09274449411038432,1
2024-02-15,485.9177581862181,488.74982458371477,485.4408614304675,488.5649108886719,61683000,67.10047243754994,2.6185681252563175,0.07994345500565014,4.265617317242777,5.105945924394521,0.00689980012693403,0.006772821951597858,0.009087543071375936,-0.013772962161111346,-0.00043895368606916563,0.00044174855624334874,3,0.003829811112711745,0.007467766078936844,-0.006865679381848122,14.010000228881836,-0.02573017264356725,0
2024-02-16,488.2632150838705,489.401862888149,485.3922116760664,486.1318664550781,75532900,63.05261641803896,1.043792219671215,-0.08836397347077796,4.247334024017053,4.933963918264091,-0.004979981941740763,0.008248073185001056,0.00689980012693403,0.009087543071375936,-0.013772962161111346,0.005779398562223204,4,0.005972624061126197,0.0038449471528636536,0.01205785299495954,14.239999771118164,0.016416812168366768,0
2024-02-20,484.3897857981468,485.06130820828355,481.20737545898015,483.45550537109375,71736700,58.8472395335641,0.8547385086121626,-0.41806323841646087,4.29570237916569,4.64607439734314,-0.005505422023659223,0.007971638975018335,-0.004979981941740763,0.00689980012693403,0.009087543071375936,-0.00043895368606916563,1,-0.0014709961480484646,0.002178482599428877,-0.0004380510463442011,15.420000076293945,0.082865191302115,1
2024-02-21,482.15139479243277,484.0491509708409,480.3411949189208,483.8934326171875,59293400,59.32528398644318,0.6538793070340635,-0.6319369431449298,4.25372049864815,4.390171224847976,0.0009058274054767335,0.007662753412182634,-0.005505422023659223,-0.004979981941740763,0.00689980012693403,-0.013772962161111346,2,-0.0013942028995443945,-0.0012033130216083654,-0.002775369889394419,15.34000015258789,-0.005188062471480959,1
2024-02-22,490.51137826345825,494.87137380271713,489.5478727097178,493.90789794921875,76402500,68.37298110203406,1.8871860938032943,-0.14940921740527013,4.734021976282541,4.660796749001856,0.02069560084307609,0.010778327528479124,0.0009058274054767335,-0.005505422023659223,-0.004979981941740763,0.009087543071375936,3,0.002911190662219454,-0.007345345874943288,-0.002644412775616223,14.539999961853027,-0.05215125050698921,1
2024-02-26,494.6864540722274,495.12441383679885,492.3118009448335,492.4383239746094,50386700,65.59456867386552,0.9557127888993768,0.12293057200120927,4.478374047551879,4.938556397993665,-0.0036624294080084274,0.0057116043878631,0.0006895540105535947,0.02069560084307609,0.0009058274054767335,-0.004979981941740763,0,0.0028140239068910056,0.0028368540162013733,0.021862841194379312,13.739999771118164,-0.0007272893732244157,1
2024-02-27,493.1292368818132,493.5769085410792,491.2314511932456,493.3530578613281,48854500,66.40287494748836,1.187660810942508,0.11625297532353862,4.326022854714859,5.086991405588318,0.0018575603119912465,0.004754115355038196,-0.0036624294080084274,0.0006895540105535947,0.02069560084307609,-0.005505422023659223,1,0.00022391163193447028,-0.002854807178228169,0.0034536012744994515,13.430000305175781,-0.022561824680231046,0
2024-02-28,491.7959655131677,493.2849870375032,491.4358798053579,492.7010803222656,56506600,65.22663355866064,2.465188122873722,0.008223656751788155,4.153962511947385,5.103211184649941,-0.0013215232553515088,0.0037530001576936327,0.0018575603119912465,-0.0036624294080084274,0.0006895540105535947,0.0009058274054767335,2,0.0076483959656052924,-0.0001691506995480374,0.00014805109206350586,13.84000015258789,0.030528655107632474,1
2024-02-29,494.4626085780751,496.0878651256629,491.81545586381117,494.4723205566406,83924800,66.93996881217984,1.9074578710861176,-0.0030425283595434394,4.162422994083411,4.436566792826618,0.003594959104243234,0.008640340589827523,-0.0013215232553515088,0.0018575603119912465,-0.0036624294080084274,0.02069560084307609,3,0.002547802445298508,-0.007549134452687789,-0.0008024634762645588,13.399999618530273,-0.03179194575191846,1
2024-03-01,495.3482154895911,499.54275051356746,494.9394511031337,499.1145324707031,76844800,70.97624919235486,2.1593080769640385,0.2301567760306389,4.227280634286513,4.504081977181761,0.009388213902118192,0.009222932034550511,0.003594959104243234,-0.0013215232553515088,0.0018575603119912465,0.0006895540105535947,4,0.004372921134176533,0.0006557377049181135,-0.0010671243216273663,13.109999656677246,-0.021641788814083185,0
2024-03-04,498.3164953474277,500.4283603101874,498.28727031545634,498.5792236328125,49799300,69.91621442724744,2.560489866361105,0.27341576767152986,4.078267017175407,4.709208090224691,-0.0010725170337972934,0.004294382704378144,0.009388213902118192,0.003594959104243234,-0.0013215232553515088,-0.0036624294080084274,0,0.003217572677667313,0.006880733944954143,0.019012032559570624,13.489999771118164,0.02898551673472971,0
2024-03-05,496.5744479650044,497.0221493633574,491.38721217314117,493.5964050292969,72855600,60.811831890971135,2.0975869641652154,-0.08909670967667083,4.300677334496545,4.443963700174633,-0.009994035786748512,0.011416082315027788,-0.0010725170337972934,0.009388213902118192,0.003594959104243234,0.0018575603119912465,1,-0.0010657071154478448,-0.005493029002603289,0.004971337464288128,14.460000038146973,0.07190513591449865,1
2024-03-06,496.8761267293977,498.3554361707815,494.8031986362925,496.0975646972656,68382400,63.38895818475025,2.5220702033649887,-0.20912230082946426,4.333416892138551,4.287339003519019,0.005067216135458574,0.007160360758184093,-0.009994035786748512,-0.0010725170337972934,0.009388213902118192,-0.0013215232553515088,2,-0.0010030120126618414,0.0007722721327478865,-0.00028924919187967024,14.5,0.0027662490835065334,1
2024-03-07,499.39680772832526,502.0731556685532,496.15597704493354,501.0220642089844,58652100,67.86925602879423,1.4403831745361297,-0.015741350156453393,4.4507150406491975,4.5729112010741035,0.009926473867542196,0.011810215649807271,0.005067216135458574,-0.009994035786748512,-0.0010725170337972934,0.003594959104243234,3,0.0010345876729458414,0.004328896514544711,-0.0001707745928322124,14.4399995803833,-0.004137959973565475,0
2024-03-08,501.6546542384204,504.34068432238394,497.4406063327474,498.0148010253906,86532500,62.813977211512075,0.7620310636253179,-0.1422112871916683,4.625669537005436,4.592353731731676,-0.006002256983116405,0.013855166503946439,0.009926473867542196,0.005067216135458574,-0.009994035786748512,0.009388213902118192,4,0.007119756726854387,0.0017189321485329145,-0.012273901808785515,14.739999771118164,0.020775637081209553,0
2024-03-11,496.8080468189585,498.17054528765857,494.88106560592894,497.58660888671875,62557200,62.104647644943064,1.0454679624762158,-0.2976133838233048,4.530227404485736,4.64999876151095,-0.0008597980176296982,0.006610868586454501,-0.006002256983116405,0.009926473867542196,0.005067216135458574,-0.0010725170337972934,0,-0.0015883025621148406,-0.004263868012674643,0.0022786213645291653,15.220000267028809,0.032564484624427736,1
2024-03-12,499.6985307075949,503.5232683044219,497.1778712794107,502.9393615722656,73114400,67.1054420133475,1.9430919821382806,-0.0933984484424748,4.659882377380413,4.941478417037163,0.010757429138864794,0.012616624408108613,-0.0008597980176296982,-0.006002256983116405,0.009926473867542196,-0.009994035786748512,1,-0.0038305984993579623,0.0012402574197112326,-0.021881488753016765,13.84000015258789,-0.09067017675620026,0
2024-03-13,503.2604220038599,503.4355940031198,500.7105972360643,502.15093994140625,55104100,65.72956429665824,1.9179701438770271,-0.06619033271130448,4.521676262357203,4.662410754026778,-0.0015676276129882316,0.005426648743052119,0.010757429138864794,-0.0008597980176296982,-0.006002256983116405,0.005067216135458574,2,0.012331596979558768,0.01024873616195876,-0.0005918669114498565,13.75,-0.00650290112685159,0
2024-03-14,503.1241533654222,503.27990140830235,498.1121195690471,501.1582946777344,110171800,63.95171669643261,1.3521432531485629,-0.16423517071575944,4.567826660707064,4.531774761722586,-0.0019767866287130342,0.010311675760207398,-0.0015676276129882316,0.010757429138864794,-0.0008597980176296982,0.009926473867542196,3,-0.00020754204982398328,0.0031493315831725432,-0.002617254670508329,14.399999618530273,0.04727269952947433,0
2024-03-15,498.08804798108406,499.54266772632866,496.0477073102581,497.7170715332031,107646300,58.086152027046005,-0.27998802811497536,-0.4915346560058005,4.606595282619152,4.410018781450539,-0.0068665393371252215,0.007021982198248583,-0.0019767866287130342,-0.0015676276129882316,0.010757429138864794,-0.006002256983116405,4,-0.0010768546709427618,-0.00373124717213158,0.0028791153148219895,14.40999984741211,0.0006944603574132735,1
2024-03-18,501.7879780994152,503.2327960119457,500.2650442068728,500.675048828125,88893300,61.36628031104545,0.42035951278547606,-0.5358666037030195,4.671533082342255,4.173033365019373,0.005943089888015951,0.005927500905066466,-0.0068665393371252215,-0.0019767866287130342,-0.0015676276129882316,-0.0008597980176296982,0,-0.00030033776296156667,-0.0020405378358052673,-0.0025700854853131228,14.329999923706055,-0.005551694972461885,1
2024-03-19,499.9819506807113,503.7404554386333,498.9763936514032,503.4573669433594,60755300,64.20396931688244,1.997778309077679,-0.4105048369672142,4.67814227554853,3.685793763327805,0.005557133557477334,0.009462691580330133,0.005943089888015951,-0.0068665393371252215,-0.0019767866287130342,0.010757429138864794,1,-0.0002213737257807935,-0.0006211409721456063,0.026682090785532075,13.819999694824219,-0.03558968817844477,1
2024-03-21,510.95482005912316,511.6576850178866,509.5099427799561,509.7930908203125,60256100,69.76166497941011,1.750626816241288,0.2110073403606414,4.645541110059328,3.829355523301877,0.00330452832092476,0.004212968509389887,0.009249336754743487,0.005557133557477334,0.005943089888015951,-0.0019767866287130342,3,0.0015366582352427383,-0.00011629199778551147,0.006621973660529523,12.920000076293945,-0.009202445238506662,0
2024-03-22,509.7052719913618,510.1933925850028,508.59234273745244,508.8266906738281,79070800,67.93311408329456,2.1709976543219787,0.25924374749901347,4.428077448451545,4.096525498697736,-0.0018956713299690398,0.0031465524055550925,0.00330452832092476,0.009249336754743487,0.005557133557477334,-0.0068665393371252215,4,0.009110072078082787,0.018766019224173425,0.020299637083457833,13.0600004196167,0.010835939821674634,0
2024-03-25,507.45012416941677,508.5728252956552,507.2646359725173,507.4208679199219,48512100,65.25361829594898,1.9763914176078652,0.13367872683185134,4.223361537941495,4.08625086664363,-0.0027628714838927593,0.0025781149452930555,-0.0018956713299690398,0.00330452832092476,0.009249336754743487,0.005943089888015951,0,0.001468127294855348,0.0061273950332532134,0.0017828826232730854,13.1899995803833,0.009953993613303291,0
2024-03-26,508.84619067556724,509.1879108526766,506.0834709315648,506.48370361328125,65463700,63.456737972453226,0.7047255219665981,-0.06463532944687422,4.143438565310802,4.003303944114418,-0.001846917156723138,0.006129397449443226,-0.0027628714838927593,-0.0018956713299690398,0.00330452832092476,0.005557133557477334,1,0.0030413752551778916,-0.0016769603514438236,-0.011600068708312428,13.239999771118164,0.003790765149775055,1
2024-03-27,509.31480779780867,510.7791695687557,507.14752139258985,510.7400817871094,82999800,67.79439463305317,1.7104701320892386,0.03343594369614333,4.154297664608207,4.035136303665243,0.008403781095942309,0.007110560352848202,-0.001846917156723138,-0.0027628714838927593,-0.0018956713299690398,0.009249336754743487,2,0.006737690714156086,0.0016924196951695336,-0.00039812430196550785,12.779999732971191,-0.0347432058987206,0
2024-03-28,510.7792051650659,512.1459071621757,510.359428578344,510.64251708984375,96294900,67.59632944421334,1.892460428737017,0.0342000714816173,3.9851677302670274,4.060938527025843,-0.00019102612217991588,0.0034984916532466823,0.008403781095942309,-0.001846917156723138,-0.0027628714838927593,0.00330452832092476,3,0.005044520820454146,0.00012608750472820063,0.009027648315163894,13.010000228881836,0.017996909289228258,0
2024-04-02,505.9272809933223,506.6496900205949,504.20908677438206,506.5130615234375,74230300,59.23229375213927,1.166028287005093,-0.4015229900511281,4.05305765363645,4.118949124252924,-0.006357843770263161,0.004818440888517764,-0.001740002560251086,-0.00019102612217991588,0.008403781095942309,-0.0027628714838927593,1,0.0008334857250373862,0.002597087450359359,-0.014029214741928975,14.609999656677246,0.0703296750897886,1
2024-04-03,505.41954702145455,508.5728465002203,505.370746880242,507.06939697265625,59155800,59.96228419992501,0.7174450641623525,-0.6003268795519787,3.9922749369465818,3.7196700033924475,0.0010983634805892262,0.006314913972516807,-0.006357843770263161,-0.001740002560251086,-0.00019102612217991588,-0.001846917156723138,2,-0.011321318672962155,-0.002200538161746257,0.0008999379857346224,14.329999923706055,-0.019164937683158856,0
2024-04-04,511.08186037390533,511.4235209921689,500.5774945359362,500.880126953125,96858100,49.37076743309782,-1.423673924376632,-1.1387937559911343,4.481828616895592,3.4695043225982034,-0.012205962451062757,0.021653936486179956,0.0010983634805892262,-0.006357843770263161,-0.001740002560251086,0.008403781095942309,3,0.004626660739925903,0.00028982680233347047,-0.009715591923371902,16.350000381469727,0.14096304734949738,1
2024-04-05,502.23705258109646,508.0749556966803,501.79773213862893,506.1127014160156,74546500,56.38494957243298,-0.7219378745158606,-1.1304165161593716,4.675614340228429,3.4163173897884187,0.010446759975726305,0.012402817673788478,-0.012205962451062757,0.0010983634805892262,-0.006357843770263161,-0.00019102612217991588,4,0.0019278470542061221,0.0048504548685561755,0.00814382721660123,16.030000686645508,-0.019571846321599473,1
2024-04-08,506.8156796872345,507.8211772121714,505.58560615213537,506.3958435058594,48401800,56.73424562237177,-0.47773578165674285,-1.0930118905059887,4.5013255345004,3.190197062357577,0.0005594447423500348,0.004414671029996626,0.010446759975726305,-0.012205962451062757,0.0010983634805892262,-0.001740002560251086,0,-0.012394184371014472,-0.008111900578420927,-0.019637938762850693,15.1899995803833,-0.05240181349224815,1
2024-04-09,508.13358597756917,508.3776462974431,502.1296782746543,506.98162841796875,68049200,57.492716788973304,-0.0865631529412076,-1.0175691209783153,4.626085712235287,2.8798799866860185,0.0011567727492665103,0.01232385489447724,0.0005594447423500348,0.010446759975726305,-0.012205962451062757,-0.006357843770263161,1,0.007919192917828166,0.004082794505268383,0.009103411630487335,14.979999542236328,-0.013824887685854326,0
2024-04-10,501.2802817017724,503.8966008078219,499.9233518012494,501.90509033203125,82652800,49.40893728862257,-0.9040001185795186,-1.2812765940900306,4.79981363398415,2.91638852181308,-0.010013258472064912,0.007916335345282232,0.0011567727492665103,0.0005594447423500348,0.010446759975726305,0.0010983634805892262,2,-0.013225702138312312,-0.0010952596855919872,0.010829019257921457,15.800000190734863,0.05473969783420429,1
2024-04-11,503.4281061989144,507.13781122017554,499.9136613545702,505.6929931640625,70099000,54.54466887401445,-0.9881912156545101,-1.1751046883916163,4.9729805076713784,2.845924885015393,0.007547050039929726,0.014285643588622164,-0.010013258472064912,0.0011567727492665103,0.0005594447423500348,-0.012205962451062757,3,0.0011402158663205153,0.0033271653066033746,-0.0048102907103678705,14.90999984741211,-0.05632913497334324,0
2024-04-12,502.14918793409277,503.56474960986543,496.9848635757255,498.71282958984375,92561100,45.398811008312016,-2.336211165491545,-1.527179801143066,5.239776870576065,2.9989482805434027,-0.013803164506086318,0.013193737244641193,0.007547050039929726,-0.010013258472064912,0.0011567727492665103,0.010446759975726305,4,-0.007891801889482353,-0.004697833204473478,-0.0035162538662262266,17.309999465942383,0.16096577083110009,0
2024-04-15,502.8911540643935,503.05709839116423,491.61554988176164,492.46490478515625,92101400,39.08192596870337,-3.391654227745496,-2.0978083888401695,5.682760559063674,3.5281536769511512,-0.012528101211725318,0.02323322616135277,-0.013803164506086318,0.007547050039929726,-0.010013258472064912,0.0005594447423500348,0,-0.0013456338261667034,0.009061346164535244,0.0020516349250538912,19.229999542236328,0.11091855202373435,0
2024-04-16,492.94324564322153,494.4661795680653,490.27809637848605,491.5667419433594,73484000,38.257820692125804,-2.950826092248072,-2.429318126949231,5.575997889814785,4.2025430258814795,-0.001823810860570263,0.008519866850678442,-0.012528101211725318,-0.013803164506086318,0.007547050039929726,0.0011567727492665103,1,0.005368546905316185,-0.0037645826815517758,-0.0073563734596926444,18.399999618530273,-0.04316172352906522,0
2024-04-17,494.0268893119992,494.1928634388067,487.2615443714678,488.6575622558594,75910300,35.636602484758825,-3.6310285784787233,-2.716376003951795,5.672806545352222,5.067068700662821,-0.005918178426796872,0.01418440970265736,-0.001823810860570263,-0.012528101211725318,-0.013803164506086318,-0.010013258472064912,2,-0.014442540306962126,-0.0182160690046137,-0.019412367899667826,18.209999084472656,-0.010326116195473745,0
2024-04-18,490.0536135988177,492.15252641432477,486.7148552774961,487.65203857421875,74548100,34.750367698110466,-2.640968899958813,-2.832846217949521,5.656011159029111,5.773434869713181,-0.002057726635803392,0.011150719584249368,-0.005918178426796872,-0.001823810860570263,-0.012528101211725318,0.007547050039929726,3,0.0002132732943358473,0.003529243772812496,-0.013241033496344201,18.0,-0.011532075509642303,0
2024-04-19,487.57394131853926,488.56969668668467,482.1264983587833,483.3956298828125,102212600,31.211949958534476,-4.488540095841242,-3.03729708563893,5.7122388139485585,6.595425085349252,-0.00872837259914061,0.013329037189399845,-0.002057726635803392,-0.005918178426796872,-0.001823810860570263,-0.013803164506086318,4,0.0037918280988102904,0.003707963513793322,0.0031057124549853654,18.709999084472656,0.039444393581814285,1
2024-04-22,486.00217973304706,490.44409539983275,483.65920663681294,487.8472900390625,67961000,38.28934182080302,-3.6628565784391665,-2.723523645609456,5.807683578453679,6.90935997406695,0.009209144396545632,0.013907812755250796,-0.00872837259914061,-0.002057726635803392,-0.005918178426796872,-0.012528101211725318,0,-0.005608497507158083,0.0023866403186998397,-0.026558709154720028,16.940000534057617,-0.09460174436266822,1
2024-04-23,489.8583644626642,494.0659621350047,487.66182151013055,493.63641357421875,64633600,46.061390128233185,-2.6322876600861482,-2.0098245218033144,5.850287653198,6.917045880586789,0.01186667150429943,0.012973395901863112,0.009209144396545632,-0.00872837259914061,-0.002057726635803392,-0.001823810860570263,1,0.006959401545642896,0.016210945121278186,0.009988515725489311,15.6899995803833,-0.07378990048797274,0
2024-04-24,494.5247405147149,495.3154935043147,491.17624034467946,493.4020690917969,55928100,45.80987678196496,-1.6941492333957542,-1.462695874987154,5.7280709036578035,6.919153785579588,-0.0004747309476728079,0.008389209164149538,0.01186667150429943,0.009209144396545632,-0.00872837259914061,-0.005918178426796872,2,0.015500402964330195,0.002604706264798473,0.003032986084302136,15.970000267028809,0.017845805872141796,0
2024-04-25,487.3200821932215,492.28914639879576,485.6702321576898,491.5276794433594,69122400,43.7520345500146,-2.8011686758941226,-1.149981835173815,5.871197048689895,6.74136052514525,-0.0037989091774335293,0.013466005105962107,-0.0004747309476728079,0.01186667150429943,0.009209144396545632,-0.002057726635803392,3,-0.002698870626611116,-0.000546925026174816,0.024177516419089162,15.369999885559082,-0.03757046784203688,1
2024-04-26,494.3197628446228,497.7658932650639,493.6852119906925,496.18438720703125,64306100,49.786976724789184,-0.5069936510139444,-0.5811668961404706,5.897412532476653,6.379027268497777,0.00947394817916547,0.00822412268419227,-0.0037989091774335293,-0.0004747309476728079,0.01186667150429943,-0.00872837259914061,4,-0.009476630674322473,0.0047883190472624015,-0.021622360036482657,15.029999732971191,-0.022121025056567434,1
2024-04-30,496.47721220645434,497.45345338662946,490.0535583496094,490.0535583496094,77483600,43.16643441032757,-0.3078287167613866,-0.22521900614392298,5.87507427096346,5.873996957634799,-0.015841338037677177,0.015100176115323551,0.00354149125067571,0.00947394817916547,-0.0037989091774335293,0.01186667150429943,1,-0.0023506101079138197,0.0008845666337338187,0.0081396125005464,15.649999618530273,0.06680296776684846,0
2024-05-02,492.172061308757,493.87074148445214,487.68134522543,493.0311584472656,62550200,47.37686634526064,1.1030651873770838,-0.17533672147721946,6.046578800899682,5.622230419774503,0.009353531593566,0.012553762886943709,-0.003247089081350074,-0.015841338037677177,0.00354149125067571,-0.0037989091774335293,3,-0.010274152758883104,-0.0028118394996570206,-0.00342682236067704,14.680000305175781,-0.04613385460092079,1
2024-05-07,505.2633981790086,506.2494113345479,504.1797847364997,504.8533935546875,52561300,59.04495548881161,2.2723161565920957,1.477054873659212,5.785668839052581,5.01159094971558,0.001103553446940353,0.004099460604742924,0.010326672372253709,0.012395233987872345,0.009353531593566,-0.015841338037677177,1,0.009644216730305688,0.005053694684473031,-0.0009923294758391599,13.229999542236328,-0.01927355324634561,1
2024-05-08,503.01802238309904,505.439081357784,502.90087821239047,504.90216064453125,42047200,59.089846571098235,2.3307748939728903,1.6774225521101118,5.55370700379122,5.1794577129955135,9.659653766092013e-05,0.005027118802885302,0.001103553446940353,0.010326672372253709,0.012395233987872345,-0.003247089081350074,2,0.014021286719935855,0.0121994515508006,0.01566665311325588,13.0,-0.017384697671535276,1
2024-05-09,505.08770969254925,507.8504891521531,504.4336447297941,507.8114013671875,43643700,61.78117967304717,3.3128799465106344,1.9089062388030098,5.401073962260348,5.336726151413551,0.00576198905336911,0.00672856972718573,9.659653766092013e-05,0.001103553446940353,0.010326672372253709,0.009353531593566,3,0.003707536074426754,0.0048593782688095555,-0.01629274659502833,12.6899995803833,-0.023846186124361513,1
2024-05-10,509.4124405414531,510.22273745681827,507.2452135831723,508.46551513671875,52233200,62.380430283822776,2.475113737217056,1.9994903620687159,5.227963241645035,5.82025733768183,0.0012881037483014612,0.0058559013050184,0.00576198905336911,9.659653766092013e-05,0.001103553446940353,0.012395233987872345,4,0.010174877003065408,0.0032679501713581693,-0.003360802518904471,12.550000190734863,-0.011032261172400193,1
2024-05-13,510.1445741767588,510.2519464031073,507.391566976992,508.53375244140625,36716400,62.446580908187826,2.127183618645877,1.9550662889691264,5.058850111964339,6.23016751404694,0.00013420242407025107,0.005624758263110299,0.0012881037483014612,0.00576198905336911,9.659653766092013e-05,0.010326672372253709,0,0.004615607001967836,0.006251868616265144,0.0040744073600953445,13.600000381469727,0.08366535257186958,1
2024-05-14,508.72906418826113,511.3844713761404,508.19214341702855,510.8670349121094,57535900,64.73034614858054,4.247184049146613,1.9684443766451678,4.925527101046306,6.670620769235634,0.004588254878857834,0.0062488431254153895,0.00013420242407025107,0.0012881037483014612,0.00576198905336911,0.001103553446940353,1,-0.001631553380937123,-0.0022291025543493825,-0.0012987076683630416,13.420000076293945,-0.013235316185802093,1
2024-05-15,513.336889820599,517.4859146210695,512.7023092523975,517.1930541992188,59504900,70.04857832012486,5.881875177160869,2.26767109037129,5.046480858754434,7.332057688149194,0.012382907595902548,0.009249167849089742,0.004588254878857834,0.00013420242407025107,0.0012881037483014612,9.659653766092013e-05,2,-0.0013766128175888293,0.0015566974896019659,0.004625462275098524,12.449999809265137,-0.07228019832446109,0
2024-05-16,517.2906967075278,518.8917465910545,515.9825072697596,516.1289672851562,50244800,68.18609167397287,4.684857831426724,2.2535884320743396,4.893820748935894,7.64266043653857,-0.0020574269229312048,0.005636651894578802,0.012382907595902548,0.004588254878857834,0.00013420242407025107,0.00576198905336911,3,0.008171405309529867,0.0021001407354999113,0.0007735903032757285,12.420000076293945,-0.0024096171430353364,1
2024-05-17,516.246162943074,516.9393157213522,514.7915729298934,516.8709716796875,59187600,68.80887776010728,3.5518074275102474,2.1539919094880826,4.697672323401813,7.534611747551985,0.0014376336953807467,0.004155278414028938,-0.0020574269229312048,0.012382907595902548,0.004588254878857834,0.0012881037483014612,4,-0.0069185617556239976,-0.0008406082951504246,0.013925259294861325,11.989999771118164,-0.034621602458483336,1
2024-05-20,516.9881429675341,518.9308537358257,516.5976225904213,517.4664916992188,37764200,69.32784593332755,2.6114809256390394,1.991760293865728,4.528783667830568,7.557021779845349,0.001152163793598282,0.004508951174292858,0.0014376336953807467,-0.0020574269229312048,0.012382907595902548,0.00013420242407025107,0,-0.0018352618974385448,-0.0021804768742964553,-0.0034142322438696082,12.149999618530273,0.01334444123990064,1
2024-05-21,516.7049957755823,518.8917666350982,516.4999636631139,518.7355346679688,33437000,70.45593807458513,2.749737109923475,1.8372177012830235,4.376142189555831,7.797688571147436,0.002452415739196523,0.004610833097283742,0.001152163793598282,0.0014376336953807467,-0.0020574269229312048,0.004588254878857834,1,0.0034505756337046556,0.00046321279710603847,0.007278160814432111,11.859999656677246,-0.023868310366918943,0
2024-05-22,518.0424683735625,518.7551054535538,515.0648847480338,517.241943359375,48390000,67.31781175774583,2.4439948324030616,1.5151035611183143,4.327147797838987,7.820687447866846,-0.0028792924501495065,0.007134418917292005,0.002452415739196523,0.001152163793598282,0.0014376336953807467,0.012382907595902548,2,-0.00224845541612706,-0.0009140565435261649,-0.0031418225330184235,12.289999961853027,0.03625635055846632,0
2024-05-23,520.2976177568495,520.404990006262,512.253338882305,513.4639282226562,57211200,60.033880552252256,1.1131153889515626,0.9556047574553572,4.600326606847416,7.48729632650101,-0.00730415463251366,0.015875800958742588,-0.0028792924501495065,0.002452415739196523,0.001152163793598282,-0.0020574269229312048,3,-0.0024863108972256187,-0.0054892408141745674,-0.008468655363759181,12.770000457763672,0.03905618367782915,1
2024-05-24,515.3088952889863,517.6714419020187,514.3619699226733,516.8611450195312,41291100,63.82437717884084,1.6511699678502367,0.7323762202434256,4.572268540598492,7.4223549758698715,0.006616271582376543,0.006403019478704177,-0.00730415463251366,-0.0028792924501495065,0.002452415739196523,0.0014376336953807467,4,0.0005953412819514892,-0.003715471381035118,0.012588132403288821,11.930000305175781,-0.06577917952048329,1
2024-05-28,517.6715045678355,517.9057929513657,514.5865486245773,517.222412109375,36269600,64.21308051667191,1.7085708915594282,0.5362009288725185,4.482766811040629,7.366618803385883,0.0006989635288412455,0.006417441025518631,0.006616271582376543,-0.00730415463251366,-0.0028792924501495065,0.001152163793598282,1,0.004351371668910531,-0.0025902467181015965,0.006570135011165101,12.920000076293945,0.08298405245544349,0
2024-05-29,513.1905202395113,514.7817983278129,512.8878878194378,513.6005249023438,45190300,57.53811416574693,0.5350687759104774,0.11184820859330191,4.472178059533244,6.58574379969839,-0.007002572050697098,0.003687516691567346,0.0006989635288412455,0.006616271582376543,-0.00730415463251366,0.002452415739196523,2,-0.005158097890155644,-0.007622320986819364,-0.0011477741666461316,14.279999732971191,0.10526313070017856,0
2024-05-30,512.0581358054062,512.7219727781743,508.9439234921737,510.1934814453125,46377600,52.05627717683865,-1.35337717648661,-0.4198205312687149,4.485351156007299,5.344872241803729,-0.00663364481116735,0.007405130452270458,-0.007002572050697098,0.0006989635288412455,0.006616271582376543,-0.0028792924501495065,3,-0.010953073746513775,-0.008613808239910092,-0.007682335584436428,14.470000267028809,0.01330535977664793,1
2024-05-31,511.15011057316815,514.967187107586,506.04432903435765,514.8402709960938,90785800,57.94175412877319,-0.24968493743745016,-0.47594825601608104,4.802315935808805,4.303703983615714,0.009107896748538513,0.01733131337213534,-0.00663364481116735,-0.007002572050697098,0.0006989635288412455,-0.00730415463251366,4,0.001272106982167287,0.005865687960055377,-0.013038977832967702,12.920000076293945,-0.10711818674023643,1
2024-06-03,516.4511159966606,516.7342044816085,510.18360486685094,515.2600708007812,46835700,58.43813930472083,-0.31166402587308556,-0.4997456053990499,4.927193341447999,3.6640815236227047,0.0008153981503336016,0.012713190844726297,0.009107896748538513,-0.00663364481116735,-0.007002572050697098,0.006616271582376543,0,6.219407169072433e-05,0.0053821218734302345,0.011398750772054989,13.109999656677246,0.014705849788028802,1
2024-06-04,513.9519821715993,516.5780734778808,512.4876203186922,515.8361206054688,34632700,59.1505917836321,-0.3150679551049395,-0.490920874174817,4.867426185572332,3.364459492849133,0.0011179787399249186,0.007929753260371602,0.0008153981503336016,0.009107896748538513,-0.00663364481116735,0.0006989635288412455,1,0.005958539512160632,-0.0015226557438567934,0.011305704654324122,13.15999984741211,0.003813897181103032,1
2024-06-05,518.1595530381444,521.9864018010747,516.1679828855217,521.9668579101562,47610400,65.85841948482692,0.6229230554362927,-0.10650577435120478,4.959058686289022,3.306789364786706,0.011885048486894423,0.011147104126205887,0.0011179787399249186,0.0008153981503336016,0.009107896748538513,-0.007002572050697098,2,-0.010883372109304346,-0.003727526433597861,-0.0021984493435361907,12.630000114440918,-0.04027353640702469,0
2024-06-06,522.2695576901561,522.6991062505612,520.0242145910106,521.9571533203125,30808500,65.83998907296632,0.9116062650126994,0.10154450905388401,4.795903898664846,3.1137170126839657,-1.8592348722257235e-05,0.005124734171253013,0.011885048486894423,0.0011179787399249186,0.0008153981503336016,-0.00663364481116735,3,0.009252534676445157,0.0018221574344023939,-0.008942115527554195,12.579999923706055,-0.00395884325271656,0
2024-06-07,520.980911626184,524.1342115774243,519.8875261250549,521.3226318359375,43224500,64.56767964367288,1.5305269136400632,0.14804060764003246,4.756674009643737,3.0037184357354523,-0.0012156581825512047,0.008145983299082574,-1.8592348722257235e-05,0.011885048486894423,0.0011179787399249186,0.009107896748538513,4,0.004130637319508024,0.004644089327937362,0.005542709563439718,12.220000267028809,-0.028616825028659476,1
2024-06-10,520.5123511854081,523.2555869709606,519.9168582676467,522.9334106445312,35686100,66.3456264596864,1.1748349984347422,0.23379267546323845,4.655392202048749,2.9464288697352865,0.0030897925971888895,0.0063846153933802404,-0.0012156581825512047,-1.8592348722257235e-05,0.011885048486894423,0.0008153981503336016,0,-0.005114570247829131,-0.00481568742267191,-0.0005059497286008519,12.739999771118164,0.042553149977613725,1
2024-06-11,521.3811087600108,524.2512600728273,519.4090826052437,524.1926879882812,36383400,67.70977122133897,1.3476360876319244,0.3166894960823381,4.668734006729811,2.8689480227696236,0.0024081026725715216,0.009237399869438586,0.0030897925971888895,-0.0012156581825512047,-1.8592348722257235e-05,0.0011179787399249186,1,-0.0033614269677419983,-0.0020496749489831156,0.00915704458186073,12.850000381469727,0.008634270983343129,1
2024-06-12,528.7615289974312,531.1923600659605,527.4631115100716,528.4979248046875,63251300,71.90292171298564,2.9005811287237973,0.5871153329587671,4.835229583226202,3.2156639811089396,0.008213080638207026,0.007056316365418333,0.0024081026725715216,0.0030897925971888895,-0.0012156581825512047,0.011885048486894423,2,-0.006755983282545119,-0.009807400536245958,0.002475242323491722,12.039999961853027,-0.06303505023896772,1
2024-06-13,530.2453313113303,530.4210475438873,526.769915680151,529.5619506835938,44760900,72.8415928227026,3.7962988440018615,0.7527198903813712,4.750651174691208,3.738729684404722,0.0020133019052051004,0.006894626509746703,0.008213080638207026,0.0024081026725715216,0.0030897925971888895,-1.8592348722257235e-05,3,0.014203635376196733,0.008309015554549104,-0.006594596040567335,11.9399995803833,-0.008305679550378975,1
2024-06-14,528.0293950539849,529.9135335983043,527.0238379218912,529.88427734375,40089900,73.13439722345578,2.922072571857999,0.7948941237335703,4.617725781957058,4.143390385642876,0.0006086665776121603,0.005453446724063657,0.0020133019052051004,0.008213080638207026,0.0024081026725715216,-0.0012156581825512047,4,-0.019600796729216885,-0.006305131116487117,-0.004018914762392911,12.65999984741211,0.060301532021133974,1
2024-06-17,529.2008114818414,535.49757872361,528.7419471638832,534.1015014648438,55839500,76.67735688888354,3.656683630614044,1.0042453104671942,4.770433337512039,4.782870924854053,0.00795876439707599,0.012648591215711965,0.0006086665776121603,0.0020133019052051004,0.008213080638207026,0.0030897925971888895,0,-0.014434730092767079,-0.002057926254861342,0.0024299768775397634,12.75,0.0071090168777756535,1
2024-06-18,534.16013957423,535.585473259027,533.7403629842298,535.4585571289062,41376400,77.69664168031427,3.8040059118786473,1.1225870904262223,4.561481690175266,5.3756316198451195,0.002540819788636739,0.0034458507576955494,0.00795876439707599,0.0006086665776121603,0.0020133019052051004,0.0024081026725715216,1,0.003676887814453078,-0.0005768705995636836,-0.01834665170235028,12.300000190734863,-0.03529410268746169,0
2024-06-20,536.3860596417427,537.0498966218076,532.2272618802663,534.0040283203125,70328200,73.96538072715971,2.3061177597272184,0.9956949099820918,4.580135479558559,5.757248431067984,-0.0027164171516705915,0.00903108307386889,0.002540819788636739,0.00795876439707599,0.0006086665776121603,0.008213080638207026,3,-0.0035330162354585415,0.0016846904662923823,0.002303728802548255,13.279999732971191,0.07967475829590032,0
2024-06-21,533.1803062748603,534.4045446160707,531.828742363983,533.2880249023438,64338600,72.12909066269432,2.1708432406668767,0.7666083068982967,4.436968820453496,5.98416634752434,-0.0013408202560211135,0.004830039550502476,-0.0027164171516705915,0.002540819788636739,0.00795876439707599,0.0020133019052051004,4,0.010309412081372704,0.008214451235666775,0.0016141193413283794,13.199999809265137,-0.006024090761646117,0
2024-06-24,533.1117619254674,535.6777608035513,531.4369822915095,531.5545043945312,45528700,67.74396568566938,1.962675689440194,0.41879449885162057,4.422955226995521,5.914743871578332,-0.0032506271036742973,0.007978068997594758,-0.0013408202560211135,-0.0027164171516705915,0.002540819788636739,0.0006086665776121603,0,-0.004966542337264346,-0.0042066853656693715,-0.0009461021088562616,13.329999923706055,0.009848493660558288,1
2024-06-25,532.7787259572508,533.9638101987721,531.260682360104,533.6014404296875,37936200,70.05870490987672,2.0400359908171826,0.25510314077544827,4.300110413543557,6.002283631679677,0.0038508488183874867,0.00506581810665898,-0.0032506271036742973,-0.0013408202560211135,-0.0027164171516705915,0.00795876439707599,1,0.008922309720656108,0.005329086155317908,0.005393749590109742,12.84000015258789,-0.03675917283740937,1
2024-06-26,532.4849577215607,534.9823921713983,531.8385861304241,534.2674560546875,38550600,70.79311918000295,1.921958908864345,0.12668859261941723,4.217517244074313,6.062631020101097,0.0012481518499345423,0.005884330039844953,0.0038508488183874867,-0.0032506271036742973,-0.0013408202560211135,0.002540819788636739,2,-0.008074011129209469,-0.004081313548319532,0.009496284977134062,12.550000190734863,-0.022585666542580096,1
2024-06-27,534.1303504208262,535.6876080791019,533.3860038559784,535.1097412109375,35041500,71.73727562279319,1.2510581585904,0.038076929062845544,4.080666314006397,5.894404224780418,0.0015765234185698418,0.004301181693898953,0.0012481518499345423,0.0038508488183874867,-0.0032506271036742973,-0.0027164171516705915,3,-0.0012311241685103447,-0.0027280002585916563,0.012608684639888956,12.239999771118164,-0.024701228279307874,0
2024-06-28,535.8833782760337,538.9391321933387,531.7601817698417,533.0039672851562,76144500,65.99350293764684,0.6499743036899301,-0.2091669161445857,4.301972321827153,5.249795925719118,-0.003935218822621267,0.013468849885044586,0.0015765234185698418,0.0012481518499345423,0.0038508488183874867,-0.0013408202560211135,4,0.0030465334614673267,-0.005543823381247814,-0.00820658665828966,12.4399995803833,0.01633985400367921,1
2024-07-01,534.3848928648134,534.6297405125247,531.339002473828,534.1008911132812,40297800,67.45528377317078,0.7957612538852178,-0.3380119863973192,4.229741301603545,4.852918074412909,0.002058003120900098,0.0061612667071897645,-0.003935218822621267,0.0015765234185698418,0.0012481518499345423,-0.0032506271036742973,0,0.0013672534015629623,-0.001907172302621829,0.006139542790033703,12.220000267028809,-0.017684832859754307,1
2024-07-02,532.4948105764632,537.6953735351562,532.4458529900177,537.6953735351562,40434800,71.7418425477156,0.6728818511941704,-0.22573397439429055,4.302582676141761,4.4890451403054294,0.006729968965943245,0.009763001140636277,0.002058003120900098,-0.003935218822621267,0.0015765234185698418,0.0038508488183874867,1,0.0030276708205922986,0.0003306802953120247,0.001212145973046308,12.029999732971191,-0.015548324869538943,1
2024-07-03,537.381917105902,540.457218430894,537.3427629954197,540.0948486328125,32789900,74.18609761171271,0.8658544050104907,-0.04395856697127787,4.217716444665521,4.116961618004836,0.0044625176554533574,0.005766497205737596,0.006729968965943245,0.002058003120900098,-0.003935218822621267,0.0012481518499345423,2,-0.006921544017192804,-0.005583534611541152,0.011194069203338541,12.09000015258789,0.004987566163634494,1
2024-07-05,540.3984429341523,543.6108134486142,539.7618150479054,543.2092895507812,41488400,76.97052131887466,1.7238186871779821,0.21757513311392174,4.1913794415257515,4.284391885044812,0.005766470326189266,0.00708566380352546,0.0044625176554533574,0.006729968965943245,0.002058003120900098,0.0015765234185698418,4,0.0041335029947089375,0.008591218586514016,0.008203067282401166,12.479999542236328,0.03225801362500036,1
2024-07-08,543.9927968223914,544.786100933334,542.7685583933277,543.8361206054688,36110500,77.49664046822443,1.9779359765403655,0.3561404094386802,4.036105377131503,4.341052563020127,0.0011539402339857396,0.003709835488235106,0.005766470326189266,0.0044625176554533574,0.006729968965943245,-0.003935218822621267,0,0.0013532845414128136,-0.004538047995927497,-3.122048017667467e-05,12.369999885559082,-0.008814075377564845,1
2024-07-09,544.795863484972,545.6968861634513,544.0711239537649,544.3649291992188,27289700,77.95421129386561,2.409992709831187,0.4033003587998678,3.880723961478004,4.22320284871827,0.000972367545504893,0.0029865300324875025,0.0011539402339857396,0.005766470326189266,0.0044625176554533574,0.002058003120900098,1,-0.00018394342999528135,-0.0012677373114969859,-0.003218387775625997,12.510000228881836,0.01131773198205055,1
2024-07-10,545.5892370725392,550.0944108163902,545.2954317896393,549.7516479492188,38701200,81.97489000976329,3.0266424143319677,0.6997982916730958,4.012778079741823,4.476811486589604,0.009895418424408886,0.00872935814681573,0.000972367545504893,0.0011539402339857396,0.005766470326189266,0.006729968965943245,2,-0.012768551305868514,-0.006553999549948175,0.019604191972324436,12.850000381469727,0.02717826909410692,0
2024-07-11,549.869152242232,550.7408243676441,544.3747844096212,545.0113525390625,53054200,69.89446283619542,2.010958437130645,0.4891561635405006,4.180868213904761,4.283351295470178,-0.00862261246117102,0.01168056395222828,0.009895418424408886,0.000972367545504893,0.0011539402339857396,0.0044625176554533574,3,0.00937867258067393,0.00659723784380728,0.006056165592749796,12.920000076293945,0.00544744690631771,1
2024-07-12,546.1376877405125,552.0531865568831,545.667599292853,548.4490356445312,53084400,73.00175505850133,2.4928147268273086,0.4924752763068341,4.385222914184466,4.459417589346277,0.00630754403454814,0.011642991142332654,-0.00862261246117102,0.009895418424408886,0.000972367545504893,0.005766470326189266,4,0.006917928882570701,0.003637005515042313,0.009371566260830022,12.460000038146973,-0.035603717912586985,1
2024-07-16,551.2695891404957,553.5123721227574,550.5154392403327,553.2185668945312,36475300,76.77226230597452,3.5794128224353026,0.6345771025935019,4.373512433871114,4.978156885500259,0.00593008157149999,0.005417267354651137,0.0027500089307683773,0.00630754403454814,-0.00862261246117102,0.000972367545504893,1,-0.008389564486885548,-0.008469796958219034,-0.024472796650381046,13.1899995803833,0.0053353426398474735,0
2024-07-17,547.2835053633577,548.9582849622979,545.1386373621594,545.4618530273438,57119000,61.405557246919095,1.4444013979747778,0.12509878896004611,4.63825651233545,4.959992334489233,-0.014021065689695633,0.0070025934516578054,0.00593008157149999,0.0027500089307683773,0.00630754403454814,0.009895418424408886,2,-0.003919195136731113,-0.002211914659202008,0.00204896928480669,14.479999542236328,0.09780136488947022,0
2024-07-18,546.9994907975359,547.9886849352189,539.0859974733345,541.27001953125,56270400,54.99876963577038,0.21758602242037836,-0.5307062453892168,4.942858723017517,4.890993336100082,-0.007684925119563979,0.016447774937903066,-0.014021065689695633,0.00593008157149999,0.0027500089307683773,-0.00862261246117102,3,-0.004359455011696212,0.002767957712471514,-0.004297671302106121,15.930000305175781,0.1001381774018697,0
2024-07-19,541.0350233261719,542.6608454522978,536.6179614633988,537.6757202148438,65509100,50.16558454281312,-1.0186809103565968,-1.204504827613464,5.021431956294767,4.789395775811716,-0.006640492151253841,0.011238900626727945,-0.007684925119563979,-0.014021065689695633,0.00593008157149999,0.00630754403454814,4,-0.004476849220192869,0.0021252385496182136,-0.023634900416870663,16.520000457763672,0.037037045906157084,1
2024-07-22,541.6030975244146,543.8263337080781,539.6639229224022,543.2191162109375,43346700,56.51286383300576,-0.1134541033876751,-1.2683681043033763,5.102087780361879,4.627048945803685,0.010309924342275956,0.007662489521189055,-0.006640492151253841,-0.007684925119563979,-0.014021065689695633,0.0027500089307683773,0,-0.009960908258107914,-0.00599644029423152,-0.0015591375134754726,14.90999984741211,-0.09745766136434542,0
2024-07-23,543.1112299862826,545.2659012148495,541.8772480700306,542.366943359375,34439600,55.345840074329395,-0.3670305952264159,-1.3518473245701097,4.979699592108803,4.322486799655908,-0.0015687460660562813,0.006247897638874868,0.010309924342275956,-0.006640492151253841,-0.007684925119563979,0.00593008157149999,1,0.012939771892346075,0.005284599524608691,-0.011601225779591773,14.720000267028809,-0.012743097406287318,0
2024-07-24,537.5483785668235,537.8519873002513,529.1549928867055,530.0756225585938,74515300,41.90435897045772,-3.5790752904559735,-2.1701838842580123,5.567717512148854,4.537799216972607,-0.022662370838181678,0.01640708239244567,-0.0015687460660562813,0.010309924342275956,-0.006640492151253841,-0.014021065689695633,2,0.008183209152393456,-0.003829816935620012,-0.0001164012980126028,18.040000915527344,0.22554351822499452,0
2024-07-25,530.193193121847,536.1773164246895,526.3736048145187,527.3137817382812,61158300,39.578384320586,-3.2471930572332095,-2.7931207952406254,5.870288519150422,4.9658659573179875,-0.00521027699214216,0.01859179856413582,-0.022662370838181678,-0.0015687460660562813,0.010309924342275956,-0.007684925119563979,3,-0.00917345837128336,-0.0016773645462515585,-0.011101043747910988,18.459999084472656,0.023281493771090345,1
2024-07-26,531.1040247828195,535.9128068838628,530.3302678617441,533.219482421875,53763800,46.42625084579649,-2.7768401862095806,-2.7014212726024316,6.065198278181216,5.039468343244817,0.011199594791787337,0.01046949559450242,-0.00521027699214216,-0.022662370838181678,-0.0015687460660562813,-0.006640492151253841,4,-0.0048261276897682,0.004010413217062858,-0.03282709019336483,16.389999389648438,-0.11213433355830271,1
2024-07-29,534.7668786438925,535.775619885458,531.534841817287,533.5328369140625,39515800,46.77096626621408,-2.9864935353199047,-2.517341902355611,5.934882548894775,5.01649683264248,0.0005876651219949292,0.007948485594063092,0.011199594791787337,-0.00521027699214216,-0.022662370838181678,0.010309924342275956,0,0.006493900860769175,0.012129909869211364,-0.00533678817939276,16.600000381469727,0.012812751655983723,0
2024-07-30,535.0019870020752,536.059745722708,527.4215123549488,530.8297729492188,46853600,44.13295434530938,-4.047006967063856,-2.4717736257107394,6.127979035956519,5.169725546556384,-0.00506634976860687,0.016273076243946034,0.0005876651219949292,0.011199594791787337,-0.00521027699214216,-0.0015687460660562813,1,-0.0052602466270178505,0.0008086456370084427,0.021270874389198058,17.690000534057617,0.06566265828551643,1
2024-07-31,537.6658891932146,542.0927543010554,536.2947780748914,539.4581909179688,65663400,53.20594787174676,-1.1006566409831118,-1.7866278068139767,6.494764915662242,5.145582977275234,0.01625458557234216,0.010747776794894658,-0.00506634976860687,0.0005876651219949292,0.011199594791787337,-0.022662370838181678,2,0.004940308733848875,-0.0021706621909320933,0.0014900534313218028,16.360000610351562,-0.07518371303299154,0
2024-08-01,541.1819427118934,543.4345294348678,528.3127341764186,531.8189697265625,76428700,46.07193424092089,-1.7460878052828948,-1.7706142919468406,7.110981368718454,5.362873639955011,-0.014160914265491042,0.028434102804238342,0.01625458557234216,-0.00506634976860687,0.0005876651219949292,-0.00521027699214216,3,0.005294104168195979,0.011311950710174656,0.014947615968660788,18.59000015258789,0.13630803539367387,0
2024-08-02,524.7086595069954,525.9230946235249,517.7059908635142,521.9174194335938,82789100,38.808536710527875,-2.930818742373808,-2.3151803668274953,7.6111240468848695,6.145918121998946,-0.018618272112519207,0.015744068801014942,-0.014160914265491042,0.01625458557234216,-0.00506634976860687,0.011199594791787337,4,-0.022994632260738723,-0.010109895957815529,-0.024947487858721362,23.389999389648438,0.2582032919667483,0
2024-08-05,501.0954700551791,512.7893973566776,499.75367969518885,506.7171630859375,146267400,30.784866926603144,-6.719563438711152,-3.515434092130571,8.650596596279158,8.100515841812923,-0.02912387243972847,0.02572582618299413,-0.018618272112519207,-0.014160914265491042,0.01625458557234216,0.0005876651219949292,0,-0.023327373418781105,-0.013122653763727898,-0.05813906072944175,38.56999969482422,0.648995327118046,1
2024-08-06,508.5192484468351,518.8322619792666,507.1970948142372,511.388916015625,84826300,35.218028665993074,-5.711636323533053,-3.7875432574937653,8.89806104606844,9.093401500299086,0.009219646126127357,0.022752091022391122,-0.02912387243972847,-0.018618272112519207,-0.014160914265491042,-0.00506634976860687,1,-0.018244531821517085,-0.020367719429695286,-0.12395757674714236,27.709999084472656,-0.2815660019776688,0
2024-08-07,517.5784914408358,520.6342449293306,507.3732587228776,507.9706726074219,70698300,33.52602097685781,-4.170150259782684,-3.971297071100058,9.209698557524481,9.8961511669218,-0.0066842344469169035,0.02610581067285669,0.009219646126127357,-0.02912387243972847,-0.018618272112519207,0.01625458557234216,2,0.000883575321529495,0.0023101320582405993,0.10226327398560753,27.850000381469727,0.005052374652567915,1
2024-08-08,513.1126009988247,520.3405097902447,511.08531467340157,519.7137451171875,63276600,43.558323814604904,-1.4412740353647413,-3.113427631782569,9.435422745045793,9.994733371281447,0.02311761907333798,0.017808255417135897,-0.0066842344469169035,0.009219646126127357,-0.02912387243972847,-0.014160914265491042,3,0.015029691363776854,0.017466667948196735,0.011943897645556811,23.790000915527344,-0.1457809483063327,1
2024-08-09,518.8909769209239,523.4941251002426,517.6667385635127,522.0054321289062,45619600,45.29350989002511,-2.10308337610522,-2.243729061670204,9.177705873023232,9.78439044828681,0.004409517803309226,0.011163459569690632,0.02311761907333798,-0.0066842344469169035,0.009219646126127357,-0.018618272112519207,4,0.00370419772485886,-0.0026815441116726513,-0.007366071453420164,20.3700008392334,-0.1437578791374391,1
2024-08-13,525.4726249427702,531.1041225821112,525.2277772193205,530.8690185546875,52333100,51.91047906254357,0.007393256269464069,-0.43233106568310786,8.854249020793526,8.494363941974703,0.01644577424108906,0.011069294227772667,0.0005254581184506169,0.004409517803309226,0.02311761907333798,0.009219646126127357,1,0.00020255418848003082,0.00516640424660797,0.005565465716637075,18.1200008392334,-0.12506027811373066,1
2024-08-14,531.6622256176499,533.728785456597,528.9885080949739,532.543701171875,42446900,53.06807599640149,-1.2817471052441918,0.4210052962044819,8.560393902281357,8.040588407995577,0.0031546060490530436,0.008901198814655144,0.01644577424108906,0.0005254581184506169,0.004409517803309226,-0.0066842344469169035,2,0.004827812572409718,0.003032823553018593,0.03447570931477517,16.190000534057617,-0.10651215318914042,1
2024-08-15,538.1751381862979,541.9555715802455,537.567920792545,541.6715698242188,60846800,58.878378003172564,1.852622914658726,1.5474911618476526,8.621213652716298,8.059085323709182,0.01714013072027254,0.008100205054373422,0.0031546060490530436,0.01644577424108906,0.0005254581184506169,0.02311761907333798,3,0.004129161152090388,0.005573563844704754,0.005793635571816225,15.229999542236328,-0.05929592094835401,1
2024-08-16,540.0555939415091,543.5814362683599,539.8989177341498,542.8860473632812,44430700,59.595129900575856,4.017614118425769,2.277588415044801,8.26844971568014,8.271148020737009,0.002242092084427938,0.006783225599728613,0.01714013072027254,0.0031546060490530436,0.01644577424108906,0.004409517803309226,4,0.0166413556995868,0.00800627747249183,0.007798901992462026,14.800000190734863,-0.028233707447526624,1
2024-08-19,543.2973511166235,548.0767822265625,542.4452860411917,548.0767822265625,39121800,62.59595848078923,8.162269240840882,2.969528429305897,8.080095892086614,8.54727950357871,0.00956137091474707,0.01027501322441143,0.002242092084427938,0.01714013072027254,0.0031546060490530436,0.0005254581184506169,0,0.007653210014072265,-0.004312719926605091,0.0363777145762294,14.649999618530273,-0.01013517366699046,0
2024-08-20,547.6263456901657,549.2815184001456,545.8438474042439,547.1856079101562,33732300,61.74804953879456,6.9998959252839015,3.206378195143214,7.748494113787694,8.794750106301231,-0.0016260026793798454,0.006282458723706355,0.00956137091474707,0.002242092084427938,0.01714013072027254,0.01644577424108906,1,0.005418998623717641,0.005474408386259677,-0.017708971757516734,15.880000114440918,0.08395908040535782,1
2024-08-21,548.2335818085938,550.5253226989936,543.2974141481618,549.0660400390625,41514600,62.8903222181856,8.090106308834214,3.3151396176023,7.711309430719415,9.37607951343154,0.0034365526097956955,0.013164005827636991,-0.0016260026793798454,0.00956137091474707,0.002242092084427938,0.0031546060490530436,2,-0.003483389622775057,-0.010003779156119386,0.01803491975698246,16.270000457763672,0.024559215397492062,0
2024-08-22,550.9660160166799,551.5732334533072,543.5422179587766,544.7566528320312,56121500,58.57353929075712,4.8185963812053805,2.935340611185246,7.7341455781345,9.651087480742476,-0.007848577207078211,0.014742390850629717,0.0034365526097956955,-0.0016260026793798454,0.00956137091474707,0.01714013072027254,3,0.004980503348742671,0.001220865455858089,-0.0029194052446873675,17.549999237060547,0.07867232595473528,1
2024-08-23,547.9984691071246,551.4850973665338,545.8045838781815,550.5448608398438,50639400,62.3151333585313,5.4672666134037184,2.906945786217994,7.6623097893036425,10.158062731252356,0.010625309443622832,0.010317984768192722,-0.007848577207078211,0.0034365526097956955,-0.0016260026793798454,0.002242092084427938,4,0.002408885499280089,0.0005552803387611771,0.006830003640514004,15.859999656677246,-0.09629627657273676,0
2024-08-27,547.9592873998898,550.476328645617,546.8134170306081,549.9866333007812,32693900,61.48480227072326,3.6011923992366768,2.364739508926908,7.184126670132254,10.890724252971552,0.0013732099485432858,0.006660001158620247,-0.0023838910472102626,0.010625309443622832,-0.007848577207078211,-0.0016260026793798454,1,-0.000862984606002426,0.004802099986426223,-0.006622067469395199,15.430000305175781,-0.044582001879948985,0
2024-08-28,549.6439450462528,550.0748793992682,543.601060631449,546.7938842773438,41066000,58.0002424510588,2.675871120832128,1.8402757496156976,7.13339039139561,11.060362077774501,-0.005805139307251905,0.011839596151253955,0.0013732099485432858,-0.0023838910472102626,0.010625309443622832,0.0034365526097956955,2,0.0034802034512690927,0.002125434776006241,0.004681220669981112,17.110000610351562,0.10887882514248881,1
2024-08-29,548.7624007293272,552.0629426061665,545.6969030561269,546.8427734375,38715200,58.03945758626951,0.9546751022874229,1.3901151706014598,7.078579617013042,11.236717797290357,8.941058333311602e-05,0.01164144404802535,-0.005805139307251905,0.0013732099485432858,-0.0023838910472102626,-0.007848577207078211,3,0.005378414226655748,-0.0001916732820083089,0.0021714186258217083,15.649999618530273,-0.0853302711712346,1
2024-08-30,549.212926690368,552.5722295246512,545.657733766081,552.0629272460938,62700100,62.10775484309124,1.6903878682060947,1.3369742220936116,7.06685934140998,11.325341774055815,0.009545986638498372,0.012524832618379934,8.941058333311602e-05,-0.005805139307251905,0.0013732099485432858,0.010625309443622832,4,0.006936388294657592,0.004278480935619777,-0.00024055368678810307,15.0,-0.041533522963198455,0
2024-09-03,548.9190687874888,549.2520879225416,538.18498513228,540.7020263671875,60600100,50.60764762018611,-1.345569835929748,0.4742518142873071,7.553365253724538,10.124690730533978,-0.020578996194471677,0.020468025364391785,0.009545986638498372,8.941058333311602e-05,-0.005805139307251905,-0.0023838910472102626,1,0.0012656576321727897,-0.0015280430346908958,0.0013744938256432526,20.719999313354492,0.38133328755696616,0
2024-09-04,538.860854815549,543.0036589607188,538.136115154692,539.5953979492188,47224900,49.64339404742788,-1.3871362570968342,-0.1973524370187021,7.36152086460327,9.040578086268457,-0.0020466511387128294,0.009020728910080274,-0.020578996194471677,0.009545986638498372,8.941058333311602e-05,0.0013732099485432858,2,-0.0097058630841379,-0.007807432771274936,-0.00037628351994256626,21.31999969482422,0.028957548327861904,0
2024-09-05,539.5365467142444,542.3865472945482,535.8246177750381,538.2828979492188,44264300,48.46395331938169,-1.9639062159219682,-0.726649363065003,7.30440719709662,7.300256459015932,-0.0024323780465664857,0.012190484863089978,-0.0020466511387128294,-0.020578996194471677,0.009545986638498372,-0.005805139307251905,3,-0.008281797610464992,-0.003482604160390479,-0.042358634832756814,19.899999618530273,-0.06660413211162819,0
2024-09-06,538.6061519080256,540.2319142524223,528.3225490242058,529.2235717773438,68493800,41.18975508873451,-2.8513797810335193,-1.6317323625105895,7.6333327707480345,6.679600464539158,-0.016830046442845803,0.022503467085224528,-0.0024323780465664857,-0.0020466511387128294,-0.020578996194471677,8.941058333311602e-05,4,-0.0008256095922408724,-0.003373732149120179,-0.01054101837711352,22.3799991607666,0.12462309496363155,1
2024-09-09,533.4251872668898,536.4221205223048,531.4957564364314,535.1488647460938,40445800,46.812805682633304,-2.796501645708536,-1.7649024112952585,7.602276768906107,5.933955735685827,0.011196200027240755,0.00920559569571496,-0.016830046442845803,-0.0024323780465664857,-0.0020466511387128294,0.009545986638498372,0,-0.014782096163163172,-0.007304341808834436,-0.007246104229282846,19.450000762939453,-0.13092039802055044,1
2024-09-10,537.0586665381934,537.8324234437913,532.1813200114981,537.4797973632812,36394600,48.88335655574611,-2.1398271557962643,-1.63263249399145,7.462907244862328,4.988197734459124,0.0043556714229291416,0.010514075989489974,0.011196200027240755,-0.016830046442845803,-0.0024323780465664857,-0.020578996194471677,1,0.0077401883534764515,0.010914845039112553,-0.0048285698828794965,19.079999923706055,-0.019023178648836292,1
2024-09-11,537.3917487162622,543.9144652005341,528.8318826121556,542.9938354492188,75248600,53.49545867950124,-1.271448691324507,-1.1340643015985044,8.007169769399198,4.568359941165577,0.01025906110887842,0.027776710532819736,0.0043556714229291416,0.011196200027240755,-0.016830046442845803,-0.0020466511387128294,2,-0.009631579788973998,-0.007834768851589735,-0.0015625755023711552,17.690000534057617,-0.07285112134206173,1
2024-09-12,543.5716957640475,547.87123570908,541.348459526308,547.567626953125,51819600,56.96409533227583,0.14150536390944596,-0.4894627935834972,7.901141656068681,4.231959969001496,0.008423284400866926,0.0119122750537083,0.01025906110887842,0.0043556714229291416,0.011196200027240755,-0.0024323780465664857,3,0.00352293285255989,-0.0014744832287351128,-0.014917122595469623,17.06999969482422,-0.035048096128643014,1
2024-09-13,548.1747815451495,551.4263657909838,547.9201304028155,550.4273681640625,39310500,59.02210830413947,0.6555073781133531,0.10460739067582514,7.612398597625121,4.329375284498726,0.005222626521677709,0.006370023714233673,0.008423284400866926,0.01025906110887842,0.0043556714229291416,-0.016830046442845803,4,0.010262865662137965,0.005748130576360033,0.03406815978793376,16.559999465942383,-0.029876991095463934,1
2024-09-17,553.4536471249235,554.9031859740162,549.2324757022386,551.4655151367188,49321000,59.78646126298288,1.9906507178913049,0.7243582279902334,7.1773203261492,4.546326396683574,0.00040856905497976825,0.010282982554895936,0.0014769019367719682,0.005222626521677709,0.008423284400866926,0.0043556714229291416,1,-0.003545087769671773,0.0006407249398996395,-0.006828278230544216,17.610000610351562,0.027421309068831112,0
2024-09-18,552.1217580784818,556.969754476821,549.2717571625421,549.8300170898438,59044900,57.847358905473385,1.8967209838190981,0.6983463100030205,7.214511539587031,4.5983438748723255,-0.002965730407402778,0.014000685802901449,0.00040856905497976825,0.0014769019367719682,0.005222626521677709,0.01025906110887842,2,0.004989543143547381,0.003805082928300063,-0.01034786054483472,18.229999542236328,0.03520720672322497,1
2024-09-19,559.2418737919741,561.0733295553275,556.3722663136862,559.2124633789062,75315500,64.88384162451933,3.8882092500850702,1.2214538199676346,7.50228303429394,5.085437119636815,0.01706426713245346,0.008406578088829263,-0.002965730407402778,0.00040856905497976825,0.0014769019367719682,0.008423284400866926,3,-0.000779118944762125,-0.00676304079118728,0.0048877732729220025,16.329999923706055,-0.10422378860340853,0
2024-09-20,557.843033129673,559.2871245583524,555.219996107625,558.2457885742188,77503100,63.70393913295627,5.483923684541644,1.3980759179951399,7.256914849753474,5.456252276403798,-0.0017286360158116354,0.007285551515068322,0.01706426713245346,-0.002965730407402778,0.00040856905497976825,0.005222626521677709,4,0.015546096080877758,0.009086833568608954,0.021307107967037275,16.149999618530273,-0.011022676424785383,1
2024-09-24,560.4364946014963,561.3010067117204,557.6071931426925,561.2420654296875,46805700,65.86137535140385,4.421053253159838,1.5487022903453247,6.666388539892857,6.246090782772224,0.002861223307927485,0.0065814980675049095,0.002498934268385433,-0.0017286360158116354,0.01706426713245346,0.00040856905497976825,1,0.006772394804398063,0.0036087722129405364,0.01530283972562807,15.390000343322754,-0.031466330345934046,0
2024-09-25,561.0850037974096,561.8217999280521,558.8942225290759,560.0043334960938,38428600,64.10786769153282,3.1327239714981694,1.386030088075227,6.39933060125595,6.547099282084037,-0.0022053441996479073,0.005227776329335451,0.002861223307927485,0.002498934268385433,-0.0017286360158116354,-0.002965730407402778,2,0.00795052124678075,0.0027966643859675955,0.005743828956291219,15.40999984741211,0.0012995129072905787,1
2024-09-26,564.2679463720303,564.5921534543987,559.8668367278948,562.2245483398438,48336000,65.86355916275616,2.676732638172101,1.3142866628237098,6.279758181630806,6.917221362119243,0.003964638683935373,0.00840467877195511,-0.0022053441996479073,0.002861223307927485,0.002498934268385433,0.01706426713245346,3,-0.004112879802390945,-0.0017022757651369291,-0.0018536381561180537,15.369999885559082,-0.002595714617073419,0
2024-09-27,563.2952985697877,564.1106429805404,560.377555197848,561.4090576171875,42100900,64.61335783251488,1.9951205351133185,1.1065693798825729,6.097853153135209,7.186891822046519,-0.0014504715688140601,0.0066494968900875145,0.003964638683935373,-0.0022053441996479073,0.002861223307927485,-0.0017286360158116354,4,0.01690722705288472,0.0019592190948807264,0.02786796656801238,16.959999084472656,0.10344822451218505,1
2024-09-30,560.3775886747461,564.2678934162012,558.078818569817,563.6588134765625,63557400,66.50243232742355,2.252832053427103,1.0176099808389267,6.104368988367279,7.5202735959964215,0.004007338016461137,0.010980179318426528,-0.0014504715688140601,0.003964638683935373,-0.0022053441996479073,0.002498934268385433,0,0.012229290439429663,0.004333113540281319,0.0232219674517542,16.729999542236328,-0.013561294495994303,0
2024-10-01,563.3051282373419,563.9534823374194,556.0353836889657,558.6092529296875,72668800,58.90193256196571,1.295409703215564,0.5396044618954416,6.233921106944878,7.459365306477429,-0.0089585409225309,0.014174664323811934,0.004007338016461137,-0.0014504715688140601,0.003964638683935373,0.002861223307927485,1,-0.007636027043380622,-0.010071123768690127,-0.04795453125608362,19.260000228881836,0.15122538887453651,1
2024-10-02,557.7153138155387,559.8667605957481,555.3182683616095,558.8450317382812,38097800,59.136773143393036,1.639600307046245,0.17887835367453508,6.11353333031586,7.299844248390704,0.0004220818172222529,0.008139093981010419,-0.0089585409225309,0.004007338016461137,-0.0014504715688140601,-0.0022053441996479073,2,-0.005784707334397621,0.004819739627595077,0.01931504866645617,18.899999618530273,-0.018691620253031727,0
2024-10-03,557.3715630826164,559.7686090671853,555.5344893933645,557.823486328125,40846500,57.60102654795305,-0.2483809181198666,-0.1700766275741783,5.979289497709064,6.980551965019489,-0.001827958292800358,0.007590429190588266,0.0004220818172222529,-0.0089585409225309,0.004007338016461137,0.003964638683935373,3,-0.002518621288652545,0.0017156831801812267,-0.021815370821182345,20.489999771118164,0.08412699389840173,1
2024-10-04,562.2736036088263,563.2658318866675,558.0984259775333,562.8925170898438,42939100,62.76793739044961,0.8323803977980602,-0.10428691611367924,5.9409363591971625,5.926211060303316,0.009087159085189533,0.009180093449899857,-0.001827958292800358,0.0004220818172222529,-0.0089585409225309,-0.0014504715688140601,4,-0.0077924232640654845,-0.0010132060728288428,0.019659381614483884,19.209999084472656,-0.06246953152482426,0
2024-10-07,561.2420924631317,561.8905065573382,556.6543259021896,557.8037109375,49964700,55.46094648185938,-0.3282636186213452,-0.4300038019094359,5.962168846944089,4.989338044735881,-0.009040457987704142,0.00938713843683138,0.009087159085189533,-0.001827958292800358,0.0004220818172222529,0.004007338016461137,0,0.005549158833963785,-0.00022944649864176103,0.0021675236822125132,22.639999389648438,0.17855286145995874,1
2024-10-08,560.377637870892,563.67853004462,559.5033520489247,563.0792236328125,37398700,60.583768397068205,0.32733793781449183,-0.3216281391829856,5.955929579813793,4.106940294812185,0.009457650768306847,0.007414903303940526,-0.009040457987704142,0.009087159085189533,-0.001827958292800358,-0.0089585409225309,1,-0.0008801914132868793,0.002777576635146106,0.018043379859441933,21.420000076293945,-0.05388689691892423,1
2024-10-09,563.0693978961492,567.5393423690588,562.4701514366566,566.9793701171875,37912200,63.890442340045645,1.2455326153547353,-0.03389251102327773,5.8925911049986786,3.699332642961791,0.006926461358692126,0.008940697315590964,0.009457650768306847,-0.009040457987704142,0.009087159085189533,0.0004220818172222529,2,-0.00196967703369455,-0.013608497162022393,-0.010047589769217602,20.860000610351562,-0.026143765823892218,0
2024-10-10,565.6334128471475,567.411544847049,564.375918856187,565.987060546875,44138100,62.45484271771402,0.6692187699988069,0.03903102374888778,5.688522168274626,3.4567274835977475,-0.0017501687408968403,0.005363419417978964,0.006926461358692126,0.009457650768306847,-0.009040457987704142,-0.001827958292800358,3,0.009884314056303634,0.006483053381088011,0.008742768115200583,20.93000030517578,0.0033556899700895038,1
2024-10-11,565.9084000028585,570.113077691751,565.7708503676648,569.3762817382812,42268000,65.32100855801492,1.4191477698826913,0.25302182535417383,5.592358250832591,3.5060619866007356,0.005988160203046933,0.007626287682425945,-0.0017501687408968403,0.006926461358692126,0.009457650768306847,0.009087159085189533,4,-0.002286650618287256,-0.0007278285063558876,0.002620545594609336,20.459999084472656,-0.022455863060207304,1
2024-10-15,574.2981924836022,574.6027324678581,568.3546560789198,569.5728759765625,54203600,62.31705423784438,1.962664060678386,0.49203665493037363,5.639032425693619,3.6945430011640217,-0.007769627818527525,0.010969757606918476,0.008178451334012404,0.005988160203046933,-0.0017501687408968403,0.009457650768306847,1,0.006940237621203105,0.0047251534556767005,0.0057111495621489095,20.639999389648438,0.047715664482478326,1
2024-10-16,569.57286786976,572.5691599226542,568.767296964022,572.0484619140625,30725400,64.33718786151849,2.3626281752406615,0.4921083624146032,5.507806035189234,3.428953801246632,0.00434639014938254,0.006646050486546667,-0.007769627818527525,0.008178451334012404,0.005988160203046933,0.006926461358692126,2,-0.0011328317570135082,-0.0052335656182931345,0.007694579934974355,19.579999923706055,-0.051356564791082526,1
2024-10-17,575.5948569414992,575.8011814159861,571.9108767867559,572.0975341796875,34393700,64.37795374895529,2.5588825500198045,0.4192823283165392,5.392270220477873,3.6272353260582078,8.578340628839776e-05,0.006800072359704114,0.00434639014938254,-0.007769627818527525,0.008178451334012404,-0.0017501687408968403,3,-0.0027393198849064992,0.009673524611404583,-0.018297166681625288,19.110000610351562,-0.024004050826652468,1
2024-10-18,573.7872313147403,575.0839994048337,572.3234729286785,574.298095703125,37416800,66.24152590171481,2.026244490200035,0.44093045202946346,5.220427006525608,3.8477373603333973,0.003846479650699397,0.004806783266058733,8.578340628839776e-05,0.00434639014938254,-0.007769627818527525,0.005988160203046933,4,0.007748754497542976,0.0067234158103917085,-0.006868486704644794,18.030000686645508,-0.05651490786039204,0
2024-10-21,573.5710785054149,574.5534731315854,570.3782959703608,573.35498046875,36439000,64.67977495595068,2.7879465887942914,0.3190312410000278,5.1457663032898235,3.9811971014092578,-0.0016422050524481646,0.007282010802123264,0.003846479650699397,8.578340628839776e-05,0.00434639014938254,0.008178451334012404,0,0.0037776152782531547,-0.003196122399969581,0.001813323910166087,18.3700008392334,0.018857467534081795,0
2024-10-22,570.8204209471064,574.2096946097226,570.1622332957213,573.0504760742188,34183800,64.15385734789089,1.7708436083069843,0.15357701475501884,5.067315946912075,4.092869036495733,-0.0005310922637880022,0.0070630101238710625,-0.0016422050524481646,0.003846479650699397,8.578340628839776e-05,-0.007769627818527525,1,-0.009979956427361603,-0.004797579688695985,-0.0006964396801066863,18.200000762939453,-0.009254222565459602,0
2024-10-23,571.0268424499369,571.4689321263772,564.3072352656649,567.8143920898438,49314600,55.75818363836107,0.1472755476947356,-0.34557518872305515,5.3298820084579175,3.9866253023713925,-0.009137212519646942,0.012612742756226567,-0.0005310922637880022,-0.0016422050524481646,0.003846479650699397,0.00434639014938254,2,-0.002018339987368667,-0.0014065777497268561,-0.013930077660513907,19.239999771118164,0.05714280025176999,1
2024-10-24,569.7693209618997,569.8479293354313,566.4193810527883,569.0423583984375,34979900,57.17367781952716,0.5398176150193915,-0.6144082119555678,5.194072456614,3.9506141068423974,0.0021626192039165826,0.0060251196278123895,-0.009137212519646942,-0.0005310922637880022,-0.0016422050524481646,8.578340628839776e-05,3,-0.0022804665076028297,-0.005766615376512352,-0.007994946235618694,19.079999923706055,-0.008316000484173136,0
2024-10-25,571.2723713678375,574.1704478252901,567.9027646254573,568.8458251953125,47268200,56.860120401904595,-0.0931644959549929,-0.8142968340811123,5.270758938272489,3.8700284144270958,-0.00034537534899536926,0.01101824593277246,0.0021626192039165826,-0.009137212519646942,-0.0005310922637880022,0.003846479650699397,4,0.0033740398601358468,0.0013078223622489116,0.0010085245853239666,20.329999923706055,0.06551362709634656,1
2024-10-28,572.3236221809337,572.451338311336,570.2998911399899,570.6044311523438,30174700,59.025584590823286,-0.5972596360110176,-0.8338655885559039,5.151812808111849,3.8675410382576083,0.0030915335564385416,0.0037704704938958692,-0.00034537534899536926,0.0021626192039165826,-0.009137212519646942,-0.0016422050524481646,0,0.0010589849174509336,-0.002491182548235882,-0.006013303863863673,19.799999237060547,-0.026069881388808724,1
2024-10-29,569.6415908764491,572.6477165136779,568.2466070737139,571.52783203125,42899700,60.156514849413995,0.34323194399586276,-0.790787805462692,5.098191138958431,3.644444826549733,0.0016182855030435483,0.007700603878418549,0.0030915335564385416,-0.00034537534899536926,0.0021626192039165826,-0.0005310922637880022,1,0.0034952080998997825,0.004461231398365184,0.01824156776184216,19.34000015258789,-0.023232277888761477,0
2024-10-30,571.0563234826817,573.0506139584433,569.0915336357257,569.7988891601562,41435800,56.985056002487404,-0.3932486325335489,-0.8781666112572175,5.0168260806555125,3.3374240907052646,-0.0030251245419649075,0.0069482064602705285,0.0016182855030435483,0.0030915335564385416,-0.00034537534899536926,-0.009137212519646942,2,-0.0027416481828493877,-0.00796562748763796,0.007722946112806106,20.350000381469727,0.05222338267389759,0
2024-10-31,565.4271221936206,565.4958970216722,558.4324763422399,558.6289672851562,60182500,41.692282399555694,-2.3542431298613096,-1.6432322430550501,5.470367990459861,3.2751088843084792,-0.019603270710941034,0.01264420768181687,-0.0030251245419649075,0.0016182855030435483,0.0030915335564385416,0.0021626192039165826,3,-0.011332255465180574,-0.007299566228300969,0.00960605630371969,23.15999984741211,0.13808350925148427,1
2024-11-01,561.2617936558026,565.4173043933644,560.5741053167588,560.9866943359375,45667500,45.04473510270185,-2.317855738471512,-1.9259046337238694,5.564508641727593,3.3687494876409687,0.004220559958140857,0.008633358198162978,-0.019603270710941034,-0.0030251245419649075,0.0016182855030435483,-0.00034537534899536926,4,-0.009336740313504621,-0.006066473774152037,-0.00499372850077151,21.8799991607666,-0.055267732948130144,0
2024-11-05,560.6920242782184,566.5863933486033,560.4759261934032,566.547119140625,39478300,52.477029337841245,-1.134866334663243,-1.7205832717459515,5.584641378137648,3.120021068399188,0.012091927433606653,0.010785452698919156,-0.0021540154795790523,0.004220559958140857,-0.019603270710941034,0.0016182855030435483,1,-0.005563295597879825,0.0008560387214211485,-0.02629337917799457,20.489999771118164,-0.06778888999770039,1
2024-11-06,578.8270705681771,581.5089893813079,575.0841485043231,580.6346435546875,68182000,64.81833708305683,2.257824324892286,-0.5110147183779534,6.25444343974802,3.593063023274754,0.02486558299940067,0.011065204166343528,0.012091927433606653,-0.0021540154795790523,0.004220559958140857,-0.0030251245419649075,2,0.00566225054441194,-0.00144183825995714,0.011069275098698927,16.270000457763672,-0.20595409275225196,1
2024-11-07,582.6387178727699,586.145874462509,582.5601095007273,585.1241455078125,47233200,67.69735186545577,2.8261142377233543,0.5349629025504417,6.201356830324699,4.267209996943944,0.007732060087975334,0.006128212259416715,0.02486558299940067,0.012091927433606653,-0.0021540154795790523,-0.019603270710941034,3,-0.0112669270661645,-0.0006974336913707635,0.026141029043489583,15.199999809265137,-0.06576525005492273,1
2024-11-08,585.6742957423695,589.0832369047557,585.6742957423695,587.6587524414062,46444900,69.2283526570928,3.3072102163418977,1.2975968992016602,6.041195013654594,5.005453867502462,0.004331742166261199,0.005800885544925341,0.007732060087975334,0.02486558299940067,0.012091927433606653,0.004220559958140857,4,0.016975876494017772,-0.0031836603987156487,-0.002514185145183756,14.9399995803833,-0.017105278430553206,1
2024-11-11,589.2501914582232,589.6038391769904,586.4896646144927,588.2186889648438,37586800,69.57146097815223,3.0869472529205138,1.7136817289404878,5.832122124286248,5.619816025564411,0.0009528259744473466,0.00529424620625045,0.004331742166261199,0.007732060087975334,0.02486558299940067,-0.0021540154795790523,0,-0.007594004605789406,-0.008389977683747385,0.0030207383897125073,14.970000267028809,0.002008078145122605,0
2024-11-12,588.1401110548398,588.7393574916656,583.9059918696842,586.3914794921875,43006100,66.94812946486428,2.600686550663868,1.7344964923444204,5.760782374121619,6.005488380879739,-0.003106343791748234,0.008242557729807256,0.0009528259744473466,0.004331742166261199,0.007732060087975334,0.012091927433606653,1,0.012131840315110498,0.006540842080112963,0.0008341496000581206,14.710000038146973,-0.017368084451840793,1
2024-11-13,586.8531544283672,588.6803942959151,584.4856094336134,586.6763305664062,47388600,67.15604726820315,2.961999703285868,1.6373059931152971,5.648925408991627,6.353472154904455,0.0004857694632012244,0.007150083689675836,-0.003106343791748234,0.0009528259744473466,0.004331742166261199,0.02486558299940067,2,-0.021336188348233254,-0.012233592802100457,-0.0039771632513316835,14.020000457763672,-0.04690683742990798,0
2024-11-14,586.804069200042,587.2854330583992,582.2163022724781,582.9039306640625,38904100,61.62698941538816,4.345453744885184,1.208590937581521,5.607511507343738,6.497647169794921,-0.00643012118573405,0.008696340030073671,0.0004857694632012244,-0.003106343791748234,0.0009528259744473466,0.007732060087975334,3,-0.0016040677977232631,0.0005606917826896929,-0.016619976490730104,14.3100004196167,0.020684732695029018,0
2024-11-15,579.3377611991996,579.8093514182389,573.580942771995,575.4376831054688,75988800,52.42694536679611,2.575994923843509,0.35606931334319913,5.872902677681153,6.500173145423583,-0.012808710262234735,0.010823776108354614,-0.00643012118573405,0.0004857694632012244,-0.003106343791748234,0.004331742166261199,4,0.013713010781952528,0.005093258236899878,-0.004802504250840722,16.139999389648438,0.1278825238553527,1
2024-11-18,575.8993966406199,579.1118465214918,575.0349444617987,577.7954711914062,37001700,54.72552444415133,3.218622484137659,-0.09126001528879879,5.744616919253436,6.519381868838886,0.004097382140865635,0.00705596056557279,-0.012808710262234735,-0.00643012118573405,0.0004857694632012244,0.0009528259744473466,0,-0.0027455096383316446,-0.0009416316622481435,0.0027821199478283987,15.579999923706055,-0.03469637466662756,1
2024-11-19,574.4161003090796,580.6346163861505,573.7480790226593,579.9076538085938,49412000,56.74192575700096,2.3582389207511754,-0.2766388875319903,5.826182665270414,6.5646143891126885,0.0036555887377105467,0.011875231027325125,0.004097382140865635,-0.012808710262234735,-0.00643012118573405,-0.003106343791748234,1,-0.001125464940547105,0.005667407420729242,-0.010922018865645367,16.350000381469727,0.04942236595213734,1
2024-11-20,579.9862433981077,580.3889988810581,574.3374733314436,580.1041259765625,50032600,56.93406306427234,-0.09136857127179543,-0.40974007116460864,5.84227858558071,6.509222964216106,0.00033879905995104487,0.010431791946708284,0.0036555887377105467,0.004097382140865635,-0.012808710262234735,0.0004857694632012244,2,-0.006716224599523812,-0.0012701225673696914,0.005064725590518515,17.15999984741211,0.049541250583724494,1
2024-11-21,582.9529949078541,584.6426848830619,577.107734892484,583.2182006835938,46750300,59.969025719746895,-0.32573340868793493,-0.3159687698824225,5.963183685937648,6.524576793005228,0.005368130595156506,0.012919607072869262,0.00033879905995104487,0.0036555887377105467,0.004097382140865635,-0.00643012118573405,3,-0.0029134493828645303,-0.001716249209007259,-0.0016163156463625539,16.8700008392334,-0.016899709251596895,1
2024-11-22,583.2084735757152,585.654687007179,582.7075025920674,585.0259399414062,38226400,61.65823328447526,-0.44801723603402127,-0.16756095665972914,5.7477551665929285,6.544730193323943,0.0030995933523569885,0.00503769869658556,0.005368130595156506,0.00033879905995104487,0.0036555887377105467,-0.012808710262234735,4,0.007439740435357223,0.00794049625308424,-0.00850451289488019,15.239999771118164,-0.0966212796103989,1
2024-11-25,588.9653319760873,590.281707390563,584.7213793724078,587.0103759765625,42441400,63.48004339883191,-0.20541900673160482,0.01897046180909978,5.734367513133094,6.627988860122885,0.0033920479412503646,0.009472282340674081,0.0030995933523569885,0.005368130595156506,0.00033879905995104487,0.004097382140865635,0,0.009214371469326466,0.013841656018424686,0.00677637728949021,14.600000381469727,-0.041994711237550164,1
2024-11-26,588.2579731618996,590.7434606979054,587.5408441710033,590.075439453125,45621300,66.15497612945401,0.6282424096829977,0.2885386135325536,5.591418742290941,6.793794005976064,0.0052214809175450405,0.005427469629765128,0.0033920479412503646,0.0030995933523569885,0.005368130595156506,0.0036555887377105467,1,0.004275274467243406,0.003582695360379473,0.01296340473188251,14.100000381469727,-0.0342465744476691,0
2024-11-27,589.8887226529953,590.2718110026187,586.7647148108081,588.2874145507812,34000200,63.24475557400554,0.2746120646830221,0.2856509725095986,5.4425385601137775,6.7819696023831035,-0.003030163234722827,0.005961535305814241,0.0052214809175450405,0.0033920479412503646,0.0030995933523569885,0.00033879905995104487,2,-0.0056283240779341215,-0.003992014322492299,-0.008719427509811917,14.100000381469727,0.0,1
2024-11-29,589.1028202958577,592.7278593888155,588.8277809402925,591.9419555664062,30177400,66.48955286203287,1.550517062399519,0.4588254795638571,5.3709604371081,6.142859900699076,0.00621216929893964,0.0065886163530868005,-0.003030163234722827,0.0052214809175450405,0.0033920479412503646,0.005368130595156506,4,0.008513269497838927,0.0007734798153513633,0.005614003387638844,13.510000228881836,-0.041843981320970114,1
2024-12-02,592.3545765627109,593.6808455477146,591.8633791521069,593.0029907226562,31746000,67.38968217254187,3.0525125713687493,0.5667169952036497,5.11713943414379,5.4771241606257615,0.0017924648629352724,0.0030648519890143088,0.00621216929893964,-0.003030163234722827,0.0052214809175450405,0.0030995933523569885,0,0.010332623029177368,0.0007365610335627881,-0.003677465599455032,13.34000015258789,-0.012583277084667777,1
2024-12-03,592.7671496331845,593.5235527754064,591.735647195163,593.2779541015625,26906600,67.6323241642753,2.6795784463716172,0.5765776179443041,4.8793370160080505,4.323462890640785,0.00046367958207294,0.003013605288858185,0.0017924648629352724,0.00621216929893964,-0.003030163234722827,0.0033920479412503646,1,0.01565081479850905,0.003089134765345447,0.007982308202545862,13.300000190734863,-0.002998497855734139,1
2024-12-04,594.9677449089698,597.2075737883222,594.2997236656325,596.9619750976562,42787600,70.7704149570828,2.940868460186164,0.7407214219793969,4.8115000639188805,3.6987510439779165,0.006209603728951407,0.004871080980013754,0.00046367958207294,0.0017924648629352724,0.00621216929893964,0.0052214809175450405,2,0.004170384654614834,0.005593715528269927,0.019106262056469703,13.449999809265137,0.01127816664504766,0
2024-12-05,596.961947940629,597.7675188046404,595.6259055147337,595.9795532226562,28762200,68.85333777656365,2.736651324340891,0.6934725093208689,4.620793865775151,3.8767278094826154,-0.00164570260080521,0.003593434167877521,0.006209603728951407,0.00046367958207294,0.0017924648629352724,-0.003030163234722827,3,0.010760519315073713,-0.0028232390882925174,0.0007014535056153459,13.539999961853027,0.006691461253842901,1
2024-12-06,596.7458327264936,598.3471408675985,596.3332437457798,597.1093139648438,31241500,69.86431655559447,2.3818038025850594,0.6494175993341162,4.459850564287083,4.1544113783671,0.0018956367480704728,0.003372744445144002,-0.00164570260080521,0.006209603728951407,0.00046367958207294,0.00621216929893964,4,0.006260343806304469,0.0016315874008696607,0.0030351805652966135,12.770000457763672,-0.056868501200791455,0
2024-12-09,596.9915028268559,597.1584931551176,593.445071963169,594.0344848632812,34742700,63.7950438273177,1.5398539290030897,0.33986680431070315,4.406534180548625,4.269237976653912,-0.0051495246006889595,0.006251187913448027,0.0018956367480704728,-0.00164570260080521,0.006209603728951407,0.0017924648629352724,0,0.001267687327328737,-0.004886672017287874,-0.007727504478311609,14.1899995803833,0.1111980479026784,0
2024-12-10,594.7122615181331,595.1346840344664,591.5293123546073,592.1875,37234500,60.40074132578131,0.8819476171651532,-0.04228097813625009,4.34930828764223,4.319915336910783,-0.003109221619863267,0.006088226583403237,-0.0051495246006889595,0.0018956367480704728,-0.00164570260080521,0.00046367958207294,1,-0.0018959616438566362,0.005235539326135852,0.0017734982522827902,14.180000305175781,-0.0007046705780979767,1
2024-12-11,595.115147903942,597.7184581352288,594.8400485801485,596.7655639648438,28677700,65.32542117158854,1.1337744404205468,-0.03977035461051859,4.433711848184131,4.503796065972793,0.007730767645118819,0.0048233506235790605,-0.003109221619863267,-0.0051495246006889595,0.0018956367480704728,0.006209603728951407,2,-0.0008257551118676654,-0.00858457419132308,0.00528793363210367,13.579999923706055,-0.04231314305760081,0
2024-12-12,595.9010621562538,596.4708079758578,593.690673828125,593.690673828125,31543800,59.93407539105505,0.9184726961173735,-0.28459791270928037,4.336653154508032,4.559113663742275,-0.005152593115945736,0.004682799090992111,0.007730767645118819,-0.003109221619863267,-0.0051495246006889595,-0.00164570260080521,3,0.003443329653659122,0.002560168319155398,0.00011817703733840723,13.920000076293945,0.02503683022813319,0
2024-12-13,595.7242008087076,596.4413297893211,592.1973772710232,593.57275390625,35904700,59.73048687079749,0.27549970474441243,-0.48226239885853506,4.330031680493021,4.513555185755731,-0.00019862181953211877,0.007149843874013415,-0.005152593115945736,0.007730767645118819,-0.003109221619863267,0.0018956367480704728,4,0.00132894564248498,0.0012287023938111208,0.01211285595385636,13.8100004196167,-0.00790227414327227,1
2024-12-16,595.3312295236393,597.0799209921157,594.5551592425911,596.1072998046875,43695200,62.66598516666971,0.5234896165107396,-0.4696307406540523,4.271255638019642,4.0609952941299365,0.004269983555946322,0.004235414916663208,-0.00019862181953211877,-0.005152593115945736,0.007730767645118819,-0.0051495246006889595,0,-0.0009962469820476993,-0.0013835751907204097,-0.009503322099559064,14.6899995803833,0.06372187791657047,0
2024-12-17,593.5529686107689,594.5156960873188,592.275867681332,593.6511840820312,55773500,58.235733933399914,0.06290980102807886,-0.6432736877861762,4.2398396726864895,3.5825308058303453,-0.004120257751349388,0.0037729705019460148,0.004269983555946322,-0.00019862181953211877,-0.005152593115945736,-0.003109221619863267,1,-0.004513855555282276,-0.004602266931482024,-0.00032817279307018055,15.869999885559082,0.0803267759620312,0
2024-12-18,593.3467745348553,595.7339866328443,575.5752867073982,575.9584350585938,108248700,37.60933806915985,-3.5184050099047863,-1.8954674894313026,5.376901119312181,3.8996494920826263,-0.029803274208567432,0.03500026859298514,-0.004120257751349388,0.004269983555946322,-0.00019862181953211877,0.007730767645118819,2,-0.0033199781052587474,-0.008097144457879568,-0.0023521161075552577,27.6200008392334,0.7403907396600702,0
2024-12-19,580.948961299734,582.5601031255708,575.5359564813775,575.7815551757812,85919500,37.46646698330685,-3.389042113552021,-2.6358920013359057,5.494561513946543,4.214857143569596,-0.00030710529101718453,0.01219932556201603,-0.029803274208567432,-0.004120257751349388,0.004269983555946322,-0.005152593115945736,3,-0.0001876300930114816,0.00047581681588826363,-0.007188392036881042,24.09000015258789,-0.1278059587033482,1
2024-12-20,573.4513839180992,587.231466902458,572.6036351958548,582.697265625,125716700,46.08958575270008,-2.413636498842538,-2.558094884179231,6.146937956279158,4.236840518897421,0.012010996856451017,0.02510365599693243,-0.00030710529101718453,-0.029803274208567432,-0.004120257751349388,-0.00019862181953211877,4,-0.013472149696898805,-0.011440256754564615,-0.006860825845849017,18.360000610351562,-0.23785801186974165,1
2024-12-23,582.440932357683,586.7878476994515,579.2570769218985,586.1865844726562,57635800,49.8473845736107,-1.3211186539837358,-2.1843644465946377,6.245783157798719,4.204403263984188,0.005988219017835306,0.012847054124119591,0.012010996856451017,-0.00030710529101718453,-0.029803274208567432,0.004269983555946322,0,-0.00426189155375567,-0.0025538484115391613,-0.0028773355329502204,16.780000686645508,-0.08605663786390261,1
2024-12-27,588.9959292183847,589.2325480652515,582.3129057333863,586.5021362304688,64969300,49.319711679317464,-1.2108220517099364,-0.9761283086292507,6.43699987637428,4.211945912471933,-0.010526410089174876,0.01179815367142353,6.672962043419162e-05,0.011114962483136148,0.005988219017835306,-0.00030710529101718453,4,-0.001809450395403478,0.004233132642294191,0.01118385128261945,15.949999809265137,0.08282418906603617,0
2024-12-30,579.4838439796579,583.2787692142718,576.0535631828352,579.80908203125,56578800,43.312936049968314,-2.318784308144619,-1.4005566613620841,6.723540817178512,4.526076320493106,-0.011411815551493065,0.012461353668563654,-0.010526410089174876,6.672962043419162e-05,0.011114962483136148,0.012010996856451017,0,0.0068291780524021295,0.0015730373218016958,0.01802215190342027,17.399999618530273,0.0909090800379102,0
2025-01-06,587.7440065436294,591.1249540533898,585.1121413237427,586.8469848632812,47679400,51.5560652921658,1.921810378959051,-1.0049542760751238,7.060755283790724,4.99633365821622,0.005760562085250331,0.010245963402279379,0.012503473922702568,-0.0024571493834200098,-0.0036379457138790983,-0.010526410089174876,0,-0.005921702400926376,-0.004370360054015365,-0.009598062524770912,16.040000915527344,-0.005579556721748813,0
2025-01-07,588.8776099950986,589.2029082453815,578.3897946667151,580.2133178710938,60393100,45.51472590635225,-0.4262844362658837,-1.0316974966771784,7.328780876281843,4.8930199196909125,-0.011303912541585137,0.018636444986029677,0.005760562085250331,0.012503473922702568,-0.0024571493834200098,-0.011411815551493065,1,0.015578625916449651,0.003125023749088074,-0.014726032561239055,17.81999969482422,0.11097248614080613,1
2025-01-08,580.282291853868,582.1354148697908,576.8323377526707,581.0609741210938,47304700,46.37936762450901,-0.8743991226229767,-0.9396269468190976,7.184087750627432,4.834735312992134,0.0014609389751862878,0.009126541539192975,-0.011303912541585137,0.005760562085250331,0.012503473922702568,-0.0036379457138790983,2,0.0061525372851991555,-0.0005334000655563553,0.019748365358672082,17.700000762939453,-0.006733946910202238,0
2025-01-10,577.5025797313914,577.5715860296085,570.2773736421228,572.1896362304688,73105000,39.342587223162084,-3.460826726448717,-1.3960146186382256,7.441195802651968,5.170369503642,-0.015267481874933542,0.012747893225643282,0.0014609389751862878,-0.011303912541585137,0.005760562085250331,-0.0024571493834200098,4,-0.0006315731426355109,0.008326287154587275,-0.009403671719156903,19.540000915527344,0.1039548063998117,1
2025-01-14,576.0042498383493,576.635112947905,570.0801769152397,573.8652954101562,48420600,41.22227036860683,-2.154611217877439,-1.4996038984099183,7.30276453549544,5.131906889239423,0.0013758227325151307,0.011422429767216215,0.0015505471876331445,-0.015267481874933542,0.0014609389751862878,0.005760562085250331,1,-0.004053440917521356,-0.0029459665014851533,-0.01047065939973979,18.709999084472656,-0.025013102460996528,1
2025-01-15,581.8889144514343,585.4472807831376,580.7750674581439,584.3038940429688,56900200,51.66565089342676,0.7752227674620131,-0.7126428554091395,7.60842316674443,4.86739459019839,0.01818998067369071,0.007996204325569797,0.0013758227325151307,0.0015505471876331445,-0.015267481874933542,-0.011303912541585137,2,0.0068783342366753875,-0.0027601705665479814,-0.01827227292399225,16.1200008392334,-0.13842856076827315,0
2025-01-16,585.6740294157521,585.8514484014332,582.4803673486446,583.1802368164062,43319700,50.62296803567484,0.948670754766518,-0.2391983612529398,7.305755872890447,4.383917577226699,-0.001923069892256879,0.00578051319295639,0.01818998067369071,0.0013758227325151307,0.0015505471876331445,0.0014609389751862878,3,0.01496446499592774,0.012144072349570267,-0.0007725327204513022,16.600000381469727,0.029776644990494594,1
2025-01-17,588.4242703969026,590.7899174222187,587.0935375428814,589.035400390625,58070600,55.64607319697926,2.213354775626958,0.4588385123567995,7.3274647823848715,4.141273314854285,0.01004005829515453,0.006275310239224854,-0.001923069892256879,0.01818998067369071,0.0013758227325151307,-0.015267481874933542,4,0.003922828385466204,0.010938404009446234,0.0033300778352605143,15.970000267028809,-0.03795181325081021,1
2025-01-21,592.0810894520482,594.4369296257112,590.1096871636119,594.4270629882812,42532900,59.71056986506485,1.8751586717380258,1.2304279566801546,7.189897957577822,4.444236565946997,0.009153376170737193,0.007279686157533896,0.01004005829515453,-0.001923069892256879,0.01818998067369071,0.0015505471876331445,1,0.004158173352558636,0.0017988764915766176,0.01173008909162454,15.0600004196167,-0.05698183044435312,1
2025-01-22,597.2560318658977,599.1288881406504,596.7040416210903,597.7686157226562,48196000,62.03274107437683,1.8610696043568207,1.8740331174667477,7.012178471491485,4.838990186566038,0.0056214680360890945,0.004056496871500443,0.009153376170737193,0.01004005829515453,-0.001923069892256879,0.0013758227325151307,2,0.002462538751371479,0.0032626964013262594,0.003225511695906347,15.100000381469727,0.0026560398896751103,1
2025-01-23,597.1377185948221,601.03125,596.8617535693179,601.03125,41152100,64.20226017299015,3.587979022144986,2.394373670652109,6.809129754290815,5.472947585721205,0.0054580220365023635,0.006937237341123448,0.0056214680360890945,0.009153376170737193,0.01004005829515453,0.01818998067369071,3,0.010087897122421863,-0.0003743662933703984,0.015841699309679935,15.020000457763672,-0.005298008058610915,0
2025-01-24,601.0903888692611,602.0465502262632,598.1234189150732,599.2766723632812,34604700,62.14564144134674,3.134903057246335,2.484533239044374,6.602987008355042,5.886047287808769,-0.0029192785511880093,0.006546444225367395,0.0054580220365023635,0.0056214680360890945,0.009153376170737193,-0.001923069892256879,4,0.007398972963704065,0.00235229392942915,0.007885262635179968,14.850000381469727,-0.011318247078086707,0
2025-01-27,586.3049484329972,591.1151752666312,586.1373960687419,590.7997436523438,70361100,53.26759901347981,3.252436997020189,1.8656698918621313,7.0698648145110665,5.837549296260193,-0.014145267289494612,0.008425493157997316,-0.0029192785511880093,0.0054580220365023635,0.0056214680360890945,0.01004005829515453,0,-0.0007752650053549637,-0.007331971612510424,-0.0006729575752255634,17.899999618530273,0.20538714873478559,1
2025-01-28,592.0318399526346,596.7139205737208,588.7100317776161,595.8760986328125,44433300,57.20988504196873,3.9783941087777555,1.6955332197106185,7.136580813196323,5.94840980000444,0.008592344588856049,0.013432136000200226,-0.014145267289494612,-0.0029192785511880093,0.0054580220365023635,0.009153376170737193,1,-0.005269940198301959,0.00015287502679051101,-0.009170085810959572,16.40999984741211,-0.08324021245093771,0
2025-01-29,595.0874967960807,595.4916679771449,590.6518414168764,593.204833984375,37177400,54.59970795886644,3.370048464142841,1.317269131636152,6.999986270534876,6.058297217009408,-0.004482919611252245,0.00815877801898678,0.008592344588856049,-0.014145267289494612,-0.0029192785511880093,0.0056214680360890945,2,0.006972988331273244,0.0035514181613724993,-0.013873842476610165,16.559999465942383,0.009140744663317601,1
2025-01-30,595.3240359730432,597.9262410572588,592.130313990855,596.3885498046875,39281300,57.111271284037876,2.0682141407789527,1.1990328923144942,6.913982041668371,6.176687072478918,0.005366975516582384,0.009718374151049557,-0.004482919611252245,0.008592344588856049,-0.014145267289494612,0.0054580220365023635,3,0.009656725016101708,0.002800526484789456,0.010198412765952014,15.84000015258789,-0.04347822080763086,0
2025-01-31,598.8134974486875,601.2383441338676,592.4557124803268,593.2147216796875,66566900,53.90953982610466,1.7206489914781278,0.8415187693468758,7.04745701394497,6.084458145088862,-0.0053217455734846375,0.014805147836980073,0.005366975516582384,-0.004482919611252245,0.008592344588856049,-0.0029192785511880093,4,0.004144184885653823,0.010411623077311916,0.0025165051499556057,16.43000030517578,0.03724748402174094,0
2025-02-03,584.1954227420036,591.7064599079472,582.0466016788057,589.2225341796875,65857200,50.10455854069686,0.03176953183771303,0.2986276106101391,7.341790084440459,5.8339127943778335,-0.006729751225148517,0.01639424439628721,-0.0053217455734846375,0.005366975516582384,-0.004482919611252245,-0.014145267289494612,0,0.00022329442700619317,0.0031340258532850385,0.001480983386413115,18.6200008392334,0.1332927871807601,1
2025-02-04,589.281761222817,593.6878166788046,588.7396375989994,593.17529296875,33457800,53.59683464911421,-0.2105842915762279,0.17435224742334787,7.1708178698236535,5.835438617736071,0.0067084311270706465,0.008341849599028847,-0.006729751225148517,-0.0053217455734846375,0.005366975516582384,0.008592344588856049,1,-0.013979837887049373,-0.010421995691145991,-0.026594194179056507,17.209999084472656,-0.07572511768043466,1
2025-02-05,592.0516161255263,595.7282625539741,590.0210739471236,595.5803833007812,30653100,55.63170259045125,-0.3660667964693321,0.21980590551345758,7.06627292246843,5.919847416604579,0.004054603016241831,0.00958256646268398,0.0067084311270706465,-0.006729751225148517,-0.0053217455734846375,-0.004482919611252245,2,0.0036148084736673525,-0.0014911931206017526,0.0072243146661599145,15.770000457763672,-0.08367220821110855,1
2025-02-06,597.3250923662002,597.7785366008171,594.0131505968404,597.650390625,35771500,57.36464327194716,-0.5625097488691312,0.34737447321240644,6.830495285433306,5.887389324538058,0.003475613674087885,0.0063003154737989705,0.004054603016241831,0.0067084311270706465,-0.006729751225148517,0.005366975516582384,3,0.003730660785958184,0.0061254493391955656,0.0008533702335078441,15.5,-0.01712114457363567,0
2025-02-07,598.2122352633725,599.4344951653416,591.4700123634921,592.1797485351562,50788500,51.625746868387566,-1.1842483038990792,0.03770535434340028,6.9114943937487485,5.733528472702502,-0.009153582388062631,0.013449434604190399,0.003475613674087885,0.004054603016241831,0.0067084311270706465,-0.0053217455734846375,4,0.014661876461048218,0.01206034839974679,0.00605309863061132,16.540000915527344,0.06709683325982874,1
2025-02-10,595.3930719758379,596.8420237335293,594.1214790365186,596.2012939453125,26048700,55.17580863495577,0.9142776974776912,0.07590078378997189,6.750835879793344,5.040565174844203,0.006791089057172517,0.004563131151574236,-0.009153582388062631,0.003475613674087885,0.004054603016241831,-0.006729751225148517,0,-0.005269733768537788,-0.003070801426244718,-0.007154761628599959,15.8100004196167,-0.04413545680190001,1
2025-02-12,590.6322360789388,595.9057140143801,589.9520997695843,594.7327270507812,45076100,53.418004879390324,0.2575658489065001,-0.03204218305182893,6.523879195595705,3.018067543788165,-0.0032212886156959275,0.010010571091857047,0.0007605320222985323,0.006791089057172517,-0.009153582388062631,0.004054603016241831,2,0.005754442248826486,0.0010949823389405644,0.0003648731952348161,15.890000343322754,-0.008114863341212808,1
2025-02-13,595.8366046698266,601.2185545419917,594.5749384975967,601.0115356445312,40921300,59.00719276347835,0.7751634134085473,0.26345457419815776,6.532431827652798,2.8253520906009655,0.010557361833585244,0.011054057452109163,-0.0032212886156959275,0.0007605320222985323,0.006791089057172517,0.003475613674087885,3,0.005000456867093606,0.0034178684650232327,0.004188722553885471,15.100000381469727,-0.04971679954588537,0
2025-02-14,601.2184922163688,602.253466271534,600.3609371281675,600.98193359375,26910400,58.97126747003357,1.3093424067544446,0.4096538665764631,6.2010102073466316,2.3734525365956114,-4.92537148217842e-05,0.003149061623282949,0.010557361833585244,-0.0032212886156959275,0.0007605320222985323,-0.009153582388062631,4,0.020949504272168795,-0.00484821779624689,0.012775212344583231,14.770000457763672,-0.021854299031079605,1
2025-02-18,602.145135650955,602.7463989257812,599.6808827255115,602.7463989257812,26749000,60.514423593408196,2.295204945771737,0.5681718969325407,5.97704634969828,2.3872599063457494,0.002935970672995225,0.00508591375366671,-4.92537148217842e-05,0.010557361833585244,-0.0032212886156959275,0.006791089057172517,1,0.012644454856829856,0.004065273403950798,0.0006339891206110781,15.350000381469727,0.03926878170143766,1
2025-02-19,601.3566689008733,604.4615919136522,600.8440849703791,604.1658935546875,31011100,61.76048500848395,1.8528419366442683,0.7027910934682042,5.808507820667914,2.641930221623589,0.0023550445617528393,0.005987605361151869,0.002935970672995225,-4.92537148217842e-05,0.010557361833585244,0.0007605320222985323,2,0.002035703717639503,-0.00014824414775316264,0.002454378513947253,15.270000457763672,-0.005211721284556381,0
2025-02-20,602.7957307474628,602.9337433637311,598.3404019341449,601.65234375,36554000,58.2548135924307,1.019503096385946,0.5627744927273488,5.809720949230392,2.7390148129121825,-0.0041603636211549055,0.0076345442302387595,0.0023550445617528393,0.002935970672995225,-4.92537148217842e-05,-0.0032212886156959275,3,-0.0179854731171617,-0.0061825081393203085,-0.0026938627238113355,15.65999984741211,0.025540234312838583,0
2025-02-21,601.4354715890964,601.5734842084402,590.8983224108222,591.3616333007812,76519800,46.59390982068558,-1.0522468357532917,-0.23964150396471462,6.162885262798065,2.7688081912297657,-0.017104081046337205,0.018051833592979027,-0.0041603636211549055,0.0023550445617528393,0.002935970672995225,0.010557361833585244,4,-0.005303665264701385,-0.005681492109038788,-0.012423724384459045,18.209999084472656,0.1628352019097845,0
2025-02-25,588.6114660308307,589.3408752561445,581.129967827771,585.7430419921875,58266500,41.51219971889787,-1.7541478120448861,-1.5259638769023667,6.327985326527108,3.2182747973431605,-0.004973156979543036,0.01401793421300772,-0.0045505827357145145,-0.017104081046337205,-0.0041603636211549055,0.002935970672995225,1,0.006208357363022499,-4.623768470546352e-05,0.002557067166465865,19.43000030517578,0.023709208313628327,1
2025-02-26,587.4088964020577,591.0067297705009,583.3970853838995,586.0387573242188,43321600,41.884183380628336,-1.779247924754626,-1.823149602647243,6.419532402246702,3.5062394890388053,0.0005048550487694037,0.01298488246979794,-0.004973156979543036,-0.0045505827357145145,-0.017104081046337205,0.0023550445617528393,2,-0.0006983057767602219,0.0011202442906224075,-0.013903941987108315,19.100000381469727,-0.016984041097423352,0
2025-02-27,588.3156475632774,589.468961108592,576.2901428845248,576.6843872070312,74196700,34.425471023287315,-3.0346976083273356,-2.5289487051357087,6.902338532376737,4.423594449398865,-0.015962033227799433,0.02285273975925406,0.0005048550487694037,-0.004973156979543036,-0.0045505827357145145,-0.0041603636211549055,3,0.017127854853095537,0.007244431491754577,-0.0024953840451925613,21.1299991607666,0.1062826564792283,1
2025-02-28,577.1871598716435,586.2161558854355,574.1117771132394,585.6838989257812,88744100,44.63961527765086,-2.5503065764474018,-2.276793754372571,7.273912835220971,4.583918056958924,0.015605610136830705,0.02066708474383022,-0.015962033227799433,0.0005048550487694037,-0.004973156979543036,-0.017104081046337205,4,-0.010670245807750445,0.002828860483593987,0.0029835791007928325,19.6299991607666,-0.07098911782188544,0
2025-03-03,587.6553155599406,588.798762606637,571.6081318173137,575.4227905273438,74249200,37.47256790978344,-4.252897073555566,-2.661408646914818,7.9822498319425605,5.318734138153649,-0.017519874487343268,0.029874782633424968,0.015605610136830705,-0.015962033227799433,0.0005048550487694037,-0.0045505827357145145,0,2.3904266530427876e-05,0.006109956237483116,-0.0287710928996342,22.780000686645508,0.16046875499488777,0
2025-03-04,571.420918082598,577.0196942059655,564.0675647801556,568.6116333007812,109648200,33.61459615974873,-5.663205236204681,-3.1987426800179004,8.33724123150451,6.399693045719022,-0.011836787382579095,0.022778516420114303,-0.017519874487343268,0.015605610136830705,-0.015962033227799433,-0.004973156979543036,1,0.026410292030404126,0.00699224809123189,0.016954925919446584,23.510000228881836,0.032045633021612785,1
2025-03-05,568.4439889843314,576.5168836727693,564.8856223320056,574.722900390625,71230500,39.62115117295708,-4.873329242541461,-2.971660661505063,8.57252838216588,6.8767428861621225,0.010747699716180614,0.020238033551226494,-0.011836787382579095,-0.017519874487343268,0.015605610136830705,0.0005048550487694037,2,-0.03543475579081201,-0.01265877686020278,-0.012022851046409211,21.93000030517578,-0.06720544059225653,0
2025-03-06,567.2512863712917,571.8742272350298,561.9679425734266,564.5209350585938,80094900,34.07791771693982,-6.1715721840244635,-3.3116608524107227,8.871273341811058,7.864305256340984,-0.017751102879487224,0.017548126289727385,0.010747699716180614,-0.011836787382579095,-0.017519874487343268,-0.015962033227799433,3,0.03378085501359562,-0.00036536080745519506,0.0023320611477797293,24.8700008392334,0.1340629499838053,1
2025-03-07,562.7368186254731,569.1340095542192,557.5421542389136,567.6849975585938,81158800,37.02084028430728,-4.003749044393108,-3.128737198416034,9.065600625632102,8.38382421557777,0.005604862997103277,0.02041952027120326,-0.017751102879487224,0.010747699716180614,-0.011836787382579095,0.015605610136830705,4,0.014663608261214822,-0.008337330869638948,0.007661809305267608,23.3700008392334,-0.06031362884530711,0
2025-03-10,559.4742288830657,561.396298293426,547.6458132504099,552.564453125,99326600,30.104369940735552,-6.133504977148776,-3.787394042738186,9.849428031528657,9.868318333344227,-0.026635448353614644,0.02488485273573226,0.005604862997103277,-0.017751102879487224,0.010747699716180614,-0.017519874487343268,0,-0.01752989423368334,-0.0003339261675634475,-0.021688352671059508,27.860000610351562,0.1921266414154501,0
2025-03-11,551.4011666406667,555.9551004739012,544.1266884057775,547.9708862304688,88102100,28.370289218558284,-6.448588041823047,-4.258570008385004,9.99078403414259,11.248810458352617,-0.008313178432945767,0.021585840352746157,-0.026635448353614644,0.005604862997103277,-0.017751102879487224,-0.011836787382579095,1,-0.016862586611844255,-0.009182155523188129,0.003825114506694538,26.920000076293945,-0.03374014764767641,1
2025-03-12,554.1315858671662,555.0581473332891,545.7728595599632,550.8787841796875,69588200,31.076855400485115,-5.999598611031698,-4.099104664678143,9.940391444084254,12.07918021019672,0.005306665047886794,0.016855410010303048,-0.008313178432945767,-0.026635448353614644,0.005604862997103277,0.010747699716180614,2,-0.012916331877789622,-0.012116019737458461,-0.006350827603529674,24.229999542236328,-0.09992572535044164,0
2025-03-13,550.5041922476157,551.1153221105548,541.8201680493273,543.5352783203125,74079400,28.180915654669576,-5.748223746313793,-4.197602955863447,9.894303059594481,13.165708803649931,-0.01333052945633073,0.017101289340320756,0.005306665047886794,-0.008313178432945767,-0.026635448353614644,-0.017751102879487224,3,0.015569179686030665,0.005296610169491567,0.000706123216855703,24.65999984741211,0.017746608060236646,1
2025-03-14,548.1583018697701,555.7679467233177,543.604366956188,554.7625122070312,62660300,37.73426350939852,-5.279535048763293,-3.257916000442596,10.061329155552388,13.175430647123695,0.020655943292980483,0.02192574209590858,-0.01333052945633073,0.005306665047886794,-0.008313178432945767,0.005604862997103277,4,-0.004818643272770595,0.00018728595890404875,-0.000789226291940337,21.770000457763672,-0.1171938121464231,1
2025-03-17,554.742702735982,561.5637976935186,554.3089918436672,559.0404052734375,49008700,40.95700833802325,-2.8470171017892225,-2.152839835053319,9.860863205145177,12.845611597414857,0.007711215109664327,0.01297724776494996,0.020655943292980483,-0.01333052945633073,0.005306665047886794,-0.026635448353614644,0,0.018596936779623485,0.010500339406526615,0.007150586818270188,20.510000228881836,-0.0578778228014456,0
2025-03-18,556.7239657249663,556.9408512500528,551.0660510727529,552.998046875,66041400,37.967817357986206,-2.7459139967194544,-1.6557384166569964,9.726112561969424,12.421228603210082,-0.010808446655089399,0.010623545979047275,0.007711215109664327,0.020655943292980483,-0.01333052945633073,-0.008313178432945767,1,0.007297660038207976,0.005560511229456555,0.009268265118663077,21.700000762939453,0.05802050320710772,1
2025-03-19,554.7821274868575,562.7860150364035,553.5992742185309,559.0206298828125,66556000,42.47440240904041,-2.7321463086193454,-0.7920325316043382,9.730530819071856,11.437298455815634,0.010890785314426,0.016433634693943853,-0.010808446655089399,0.007711215109664327,0.020655943292980483,0.005306665047886794,2,0.009766059278928818,0.002868609516407883,0.012003853550458965,19.899999618530273,-0.08294935857713559,0
2025-03-21,552.9413292589383,558.4877328401925,551.7054963570508,557.5880126953125,83763000,41.74756915080261,-1.7786245729065768,0.23012760849748481,9.395611885562229,9.691413501590775,0.0003298107530131933,0.012163526346911887,-0.0028915839446995717,0.010890785314426,-0.010808446655089399,0.020655943292980483,4,-0.012405934606210423,-0.0005398365864291987,-0.002471711613070804,19.280000686645508,-0.02626255406322109,1
2025-03-24,564.3307537296456,568.6314886589248,563.7375780431137,567.5736083984375,58766800,49.212333912484375,2.7162723169313536,1.226214076293049,9.513316462565806,8.96203038807763,0.017908555198050014,0.00862251264575291,0.0003298107530131933,-0.0028915839446995717,0.010890785314426,0.007711215109664327,0,-0.00467281187781643,-0.006343391784934482,-0.0019818963894698838,17.479999542236328,-0.09336105188294774,1
2025-03-25,568.7797678649376,569.8771730865459,567.1880294433175,568.93798828125,38355700,50.152259692143076,3.8263167948602996,1.9533308055957175,9.025875546898845,8.32264709341895,0.0024038818271738815,0.0047266023690072274,0.017908555198050014,0.0003298107530131933,-0.0028915839446995717,-0.010808446655089399,1,-0.001704528972214625,-0.0010176949722751072,-0.0018199486652966668,17.149999618530273,-0.018878714665219953,0
2025-03-26,568.6710483477373,569.7981425644431,560.7617168790538,562.1458740234375,51848300,45.62540648746566,2.0452938409177985,1.948765416146073,9.026629128219593,7.492369079664943,-0.011938232984461727,0.016074876829946367,0.0024038818271738815,0.017908555198050014,0.0003298107530131933,0.010890785314426,2,0.011251596290844823,0.0029867798897313946,0.004574785882467403,18.329999923706055,0.06880468404796991,0
2025-03-27,560.7517966033342,564.4296669577193,558.5371935416607,560.6529541015625,42164200,44.670968991156116,3.1493219417419906,1.8195757470168017,8.802760863065235,7.131724864822998,-0.002655751809027329,0.010510019385345385,-0.011938232984461727,0.0024038818271738815,0.017908555198050014,-0.0028915839446995717,3,-0.011716236997782015,0.0029778856009046173,0.00653114026752788,18.690000534057617,0.019639967913255507,0
2025-03-28,559.1204968505267,559.8521002775326,548.7790253468997,549.3623046875,71662700,38.16805681935547,-0.9734268990252087,0.9896309415907494,9.022129998179343,6.204569078870852,-0.02013839279979468,0.02015623357509336,-0.002655751809027329,-0.011938232984461727,0.0024038818271738815,0.0003298107530131933,4,-0.007018208191621023,-0.0027043823716165205,-0.005977820615253093,21.649999618530273,0.15837340823392898,1
2025-03-31,543.5984615291653,554.3551567474991,540.6719872727307,553.0501098632812,95328200,41.179963656528145,-1.0715317450491402,0.7176078811612143,9.355061389364279,5.734674650533029,0.006712883545730408,0.02474128334980535,-0.02013839279979468,-0.002655751809027329,-0.011938232984461727,0.017908555198050014,0,-0.009578164434184466,-0.0008307334411679079,-0.017979925578642142,22.280000686645508,0.029099357007656312,1
2025-04-01,551.1321177898429,556.5598868781194,547.4048260096515,554.6121826171875,54609600,42.45854236939067,0.29188814523107354,0.6722444094959092,9.340775637871682,5.53055728100478,0.002824468752555598,0.016507139863508984,0.006712883545730408,-0.02013839279979468,-0.002655751809027329,0.0024038818271738815,1,-0.013268438783064607,-0.008788712481309302,-0.040483735116498276,21.770000457763672,-0.02289049430718948,1
2025-04-02,548.7592465118332,560.9890444564371,548.52197624234,558.1219482421875,76014500,45.3338367598172,-0.16076001359974687,0.8940898329635552,9.564082250459213,4.80352817418627,0.00632832407041195,0.022337534392550474,0.002824468752555598,0.006712883545730408,-0.02013839279979468,-0.011938232984461727,2,0.016986956043190116,0.006058629023550033,0.0001943388394176626,21.510000228881836,-0.011943051144452932,0
2025-04-03,538.9319060881811,541.7594774009829,530.6172485351562,530.6172485351562,125986000,31.886815711724182,-4.805655838318272,-0.7095214221057313,10.845554925928644,6.206531122481604,-0.049280806450378245,0.020998617923910886,0.00632832407041195,0.002824468752555598,0.006712883545730408,-0.002655751809027329,3,-0.006616714917156763,-0.0030457920603118582,0.002846094137118449,30.020000457763672,0.395629945993925,0
2025-04-04,517.7349036725598,519.9099817661254,499.3358369172059,499.5533447265625,217965100,23.43282071749023,-10.4081627738404,-3.5987525544460652,12.305258975358766,10.5316435350163,-0.05854295896778716,0.04118508076486015,-0.049280806450378245,0.00632832407041195,0.002824468752555598,-0.02013839279979468,4,-0.03007699681876741,-0.015542754799035885,-0.027709370714915416,45.310001373291016,0.5093271379872046,0
2025-04-07,483.6457288710085,517.2405945444942,476.3394695378794,498.66357421875,256611400,23.24273706820351,-12.141162513552349,-5.208482069075693,14.347820834734202,13.550703590212557,-0.0017811321197329644,0.08202148125756754,-0.05854295896778716,-0.049280806450378245,0.00632832407041195,0.006712883545730408,0,-0.04953034830237579,-0.049523898856580595,-0.027503267397613107,46.97999954223633,0.03685716438600095,0
2025-04-08,515.9454474877983,519.0300819148135,483.6160734043612,490.8531188964844,165816600,21.587339396185428,-13.724671404111794,-6.3616508293546925,15.852548525856927,16.514128331995202,-0.015662774916941125,0.07214787305430316,-0.0017811321197329644,-0.05854295896778716,-0.049280806450378245,0.002824468752555598,1,-0.04128054897918454,-0.04381128520716948,-0.07826976901020699,52.33000183105469,0.11387829589075582,1
2025-04-09,487.84755542038147,542.4021606445312,487.46196103833506,542.4021606445312,241867300,47.940954523101595,-3.512204623613955,-3.3655212244349553,18.64452360302402,16.521664084185268,0.1050192812545172,0.10129052498779002,-0.015662774916941125,-0.0017811321197329644,-0.05854295896778716,0.00632832407041195,2,0.024792828073825435,0.027057542709314486,0.060250613335437686,33.619998931884766,-0.35753873962348437,0
2025-04-10,526.1385878330984,527.4535310578508,503.5475844453038,518.6346435546875,162331200,41.084766300948814,-7.4945311960780945,-2.7246099824097865,20.088098788467125,17.13066523155698,-0.04381899412347667,0.04609400260788059,0.1050192812545172,-0.015662774916941125,-0.0017811321197329644,-0.049280806450378245,3,-0.030047884656926094,-0.029201693951077634,-0.039334971755557224,40.720001220703125,0.21118389394369697,1
2025-04-11,517.0823135223206,530.3501968917485,514.1756325109097,527.888427734375,97866300,44.41774437883342,-3.9088733919121426,-1.4799493679249256,19.808560616493672,17.291403458481597,0.01784258783073711,0.030640119258264088,-0.04381899412347667,0.1050192812545172,-0.015662774916941125,-0.05854295896778716,4,0.045338570029005654,0.030444664976561064,0.0912835980576665,37.560001373291016,-0.07760313734483593,1
2025-04-14,537.8839447885014,538.111379094838,527.8094317224818,533.0098266601562,68034000,46.23072416837037,-3.6235926628925412,-0.18246357839321448,19.12951681334099,17.20080020161339,0.009701669248105338,0.019327875129260253,0.01784258783073711,-0.04381899412347667,0.1050192812545172,-0.0017811321197329644,0,-0.009173434416293591,0.006432258587605766,-0.029570975035395408,30.889999389648438,-0.17758258093104407,0
2025-04-15,533.5535570239268,537.0732068479572,530.7259857198238,531.5169067382812,56892900,45.76213134863902,-4.164220801988298,0.6584211531845856,18.216495692969016,17.21313365642135,-0.0028009238239182777,0.011941710691921086,0.009701669248105338,0.01784258783073711,-0.04381899412347667,-0.015662774916941125,1,0.02850336848666335,0.02135802782495544,0.011814036623792656,30.1200008392334,-0.024927114458703215,0
2025-04-16,525.6541223320015,531.7937621429162,514.3931980244283,519.7023315429688,83484800,42.12336421710791,-6.883731560857237,0.50883201906864,18.158214866220362,17.321948164976337,-0.02222803272207108,0.03348178959833894,-0.0028009238239182777,0.009701669248105338,0.01784258783073711,0.1050192812545172,2,0.014262541834543008,0.014113053052377644,0.008391991984811886,32.63999938964844,0.08366528818726215,1
2025-04-17,521.6599483491107,525.1499093262158,517.9721816819745,520.44384765625,79868100,42.43275730977816,-1.9172767012364107,0.5464154470962672,17.37389435036472,17.338249679090527,0.0014268092873082061,0.013791550570854702,-0.02222803272207108,-0.0028009238239182777,0.009701669248105338,-0.04381899412347667,3,0.00269695698193706,0.003212471815697615,-0.010130305078717705,29.649999618530273,-0.09160538685752617,0
2025-04-22,514.2449494916972,523.3011070538847,513.305704354498,521.2743530273438,75948100,44.323227568363166,4.534275206288683,0.3907723564206691,17.24656413680466,16.935646693642447,0.026017758916625056,0.019174936655405445,-0.02380270230206527,0.0014268092873082061,-0.02222803272207108,0.009701669248105338,1,-0.004934543656899937,1.2154519581475398e-05,-0.012967340280320983,30.56999969482422,-0.09609698490025054,1
2025-04-23,534.3049123051696,539.2482437222484,527.8291602174767,529.3516845703125,90590700,47.48818437433343,7.843194673058003,1.32718994087187,17.2985160338118,15.786562064611282,0.015495355748962103,0.0215718280259009,0.026017758916625056,-0.02380270230206527,0.0014268092873082061,-0.0028009238239182777,2,0.004134231031370339,0.006392137561056499,-0.0017304681357299678,28.450000762939453,-0.06934900075395489,1
2025-04-24,530.6369834977514,541.2256220112762,529.3814182452572,540.4940185546875,64150400,51.57735463433624,-0.3517947066391334,2.661475207635677,16.91104613432265,14.960865104376692,0.021049019601060648,0.021913662981305586,0.015495355748962103,0.026017758916625056,-0.02380270230206527,-0.02222803272207108,3,0.0313917621137656,0.008957158398336995,0.01893676072778705,26.469999313354492,-0.0695958311594923,1
2025-04-25,540.454522631326,544.804618673288,537.5280483044934,544.3992919921875,61119600,52.95998338780379,4.967783922205968,3.7072724538417585,16.222869293927793,14.234689738251369,0.0072253777163768795,0.013366237752012103,0.021049019601060648,0.015495355748962103,0.026017758916625056,0.0014268092873082061,4,0.004668937222715108,0.0004998328273606578,0.004890342310518436,24.84000015258789,-0.06157911609556577,1
2025-04-28,545.1407299494361,547.2762226232229,538.8429303961163,544.6068115234375,47613800,53.03672089714851,3.1670297946889114,4.272996938463841,15.666470932011991,14.062920348977256,0.00038118993595781525,0.015485102368653776,0.0072253777163768795,0.021049019601060648,0.015495355748962103,-0.02380270230206527,0,0.008064509704277079,0.0009395786682537821,0.019024145091282918,25.149999618530273,0.01247984959895776,1
2025-04-30,541.3640295279456,550.2126052496137,535.382610300473,548.2550048828125,93101500,54.44997185063546,3.149118670043187,4.812501691537069,15.020087764771306,13.534997931409512,0.000396812712974981,0.027049447459783108,0.006299453156047408,0.00038118993595781525,0.0072253777163768795,0.015495355748962103,2,0.00692180500118611,0.0054887192311685595,0.003759899849781201,24.700000762939453,0.021928038269446892,1
2025-05-02,558.3295262045715,561.9381825044319,556.006184429092,560.3365478515625,60717300,59.36857468277983,7.665130517915429,5.326398992214865,14.275761257533933,14.222121667139263,0.014844129127253636,0.0105864914542597,0.007087027044478056,0.000396812712974981,0.006299453156047408,0.0072253777163768795,4,0.003172698195657908,0.00022359462444043743,0.011289155152408359,22.68000030517578,-0.07804878237889012,0
2025-05-07,553.8015556830171,557.4299447866338,549.7380905688717,554.7902221679688,55588000,55.99757886062098,4.805602464135979,3.9657384127702553,12.717014562549917,10.918341002282748,0.004205658327270934,0.013864437242070328,-0.008358538991013353,-0.00573418554043692,0.014844129127253636,0.000396812712974981,2,-0.0040647053094925445,0.00011632775982506338,0.010380431876460205,23.549999237060547,-0.048869183385945925,1
2025-05-08,558.8337754612519,563.8463212534109,555.333918196641,558.6558227539062,65130800,57.80937672372461,3.360222976710172,3.7034474158573785,12.455520599899362,11.399441053791124,0.006967679730965237,0.015237294072776056,0.004205658327270934,-0.008358538991013353,-0.00573418554043692,0.007087027044478056,3,-0.005750170470473326,-0.004431640287341554,-0.0013855631825402392,22.479999542236328,-0.04543523267467309,0
2025-05-09,560.0597310271954,561.0681900796083,556.3819209310694,557.9440307617188,37603400,57.34118831067623,2.4880155005281726,3.2966893908029613,11.900574067659324,11.238659901537961,-0.0012741154091596707,0.008399174272267091,0.006967679730965237,0.004205658327270934,-0.008358538991013353,0.014844129127253636,4,0.01024091173475572,-0.003236268847287005,0.004050302514138071,21.899999618530273,-0.025800708875297285,1
2025-05-12,574.8798371188,576.3925257137258,570.5000520977247,576.3826293945312,78993600,65.20301530884967,5.83463467564916,4.035324528019743,12.368282702255593,12.351156824049053,0.03304739833427317,0.010223197777821522,-0.0012741154091596707,0.006967679730965237,0.004205658327270934,-0.00573418554043692,0,0.00627897097973773,0.002719325375631465,0.01556243044411354,18.389999389648438,-0.16027398584573105,1
2025-05-13,576.7978469712151,582.4036289948938,576.234360216526,580.1890258789062,67947200,66.57259766968924,5.866658232215513,4.5101591564828825,11.925495993406459,13.523730888697136,0.006603940317170043,0.01063320487494939,0.03304739833427317,-0.0012741154091596707,0.006967679730965237,-0.008358538991013353,1,0.002860455073002477,0.005868073649718086,0.0037578956534274344,18.219999313354492,-0.009244158887228515,1
2025-05-14,581.1479585868793,582.3046813078995,578.9036666864055,580.9304809570312,66283500,66.84633472688839,5.959904749287791,4.588880155559363,11.316604466841286,14.378824297693606,0.0012779543304903829,0.005854426188639919,0.006603940317170043,0.03304739833427317,-0.0012741154091596707,0.004205658327270934,2,0.003056090849148152,-0.00024399876525271758,0.014318251318806707,18.6200008392334,0.021953981391520827,1
2025-05-15,578.9234551699535,584.2721134769878,578.4686469334371,583.7679443359375,71268100,67.92870912410976,5.728150939558514,4.53850148786946,10.92280890089196,14.570640145606916,0.004884342398821628,0.00994139297962381,0.0012779543304903829,0.006603940317170043,0.03304739833427317,0.006967679730965237,3,-0.004719017514996149,-0.0020807390312814755,-0.001443900023683109,17.829999923706055,-0.0424275445714678,1
2025-05-16,584.5489982766968,587.7621640177526,582.6013544692614,587.465576171875,76052100,69.33373688601922,4.8415596705819715,4.4543963616155615,10.511237518577621,14.637971910785122,0.006334078244299102,0.008784871416842501,0.004884342398821628,0.0012779543304903829,0.006603940317170043,-0.0012741154091596707,4,0.0071653847983397245,0.005684310388759384,-0.009772763526272099,17.239999771118164,-0.03309030595134499,1
2025-05-19,581.4346564328234,588.7903364922698,581.4346564328234,588.108154296875,68168500,69.5831217306993,5.561546338477664,4.148442213210032,10.285840557211104,13.315461509112447,0.0010938140906693317,0.012507359412896827,0.006334078244299102,0.004884342398821628,0.0012779543304903829,0.03304739833427317,0,0.003031781197417649,0.005883829349381031,-4.748892726857967e-05,18.139999389648438,0.05220415490016572,0
2025-05-20,586.3681900028125,587.3172711404261,582.9176935296509,586.130859375,60614500,67.75714804231554,6.0934208978176825,3.5428267013761676,9.921884857926315,12.436994329447423,-0.003362128049795521,0.0075061354310307134,0.0010938140906693317,0.006334078244299102,0.004884342398821628,0.006603940317170043,1,0.007049596168075434,0.0016926739255349599,-0.006756681254081798,18.09000015258789,-0.0027562976153725494,0
2025-05-21,581.7708648204313,585.8639582409971,575.2258980125081,576.2540893554688,95197700,59.375556827756476,3.8688257885341,2.268935753402646,9.992104608252431,11.398185376492398,-0.01685079340484308,0.01846071103874952,-0.003362128049795521,0.0010938140906693317,0.006334078244299102,0.0012779543304903829,2,0.004225150982765102,0.00940303317784541,0.0008229467556575276,20.8700008392334,0.1536761007847649,1
2025-05-22,576.0562657117097,579.971405887537,574.8204328669485,576.4814453125,70860400,59.49975211577407,3.1908058293784443,1.2826125284041385,9.646309494847864,10.848704812959841,0.0003945411602814808,0.008935193079451556,-0.01685079340484308,-0.003362128049795521,0.0010938140906693317,0.004884342398821628,3,0.0035900575371299315,0.0006150016359265376,-0.006142045177183086,20.280000686645508,-0.02827025054444432,0
2025-05-23,569.4519785383726,575.215919785119,569.0762805285291,572.5465087890625,76029000,56.292142179635476,2.6171940593052123,0.25968475870260654,9.486227729785226,10.294352819471314,-0.006825781740996795,0.010723389562841428,0.0003945411602814808,-0.01685079340484308,-0.003362128049795521,0.006334078244299102,4,-0.005108549180615207,-0.005371899540488223,-0.008394582668615591,22.290000915527344,0.09911243396581493,1
2025-05-27,579.4276923460704,584.6082943415249,571.8742669840636,584.4501342773438,72588500,62.82167897968328,1.3996786980355596,0.27762568525001896,9.718213417476372,9.907121302833085,0.0207906699378142,0.021788047620532342,-0.006825781740996795,0.0003945411602814808,-0.01685079340484308,0.0010938140906693317,1,0.016846271122207268,-0.002437243848308679,0.009985409562413006,18.959999084472656,-0.14939442325168273,0
2025-05-28,584.8554566278126,586.0517646206928,580.3372442209068,581.06884765625,68445500,60.076232654019535,0.15164398809697263,-0.0290576949599739,9.432235344784203,9.425027955802683,-0.005785415081261958,0.009834497964975434,0.0207906699378142,-0.006825781740996795,0.0003945411602814808,-0.003362128049795521,2,0.008275459336114732,0.006893738171025454,0.005131102264845699,19.309999465942383,0.018459936622906348,1
2025-05-29,586.3385054465637,586.4769332279744,579.4277368161022,583.3626098632812,69973300,61.31143230491811,0.4186609217411495,-0.1608978654401536,9.262018278147634,8.847251650184113,0.003947487834330188,0.012083730243740345,-0.005785415081261958,0.0207906699378142,-0.006825781740996795,-0.01685079340484308,3,-0.00777251592898176,-0.005935180926787131,-4.5353953435745e-05,19.18000030517578,-0.0067322198012426115,0
2025-05-30,582.2552747565533,584.430352826958,576.6297607292682,582.7100830078125,90601200,60.735747579657,-0.18121264423457942,-0.36389698586411257,9.157630693829216,8.315475090078877,-0.0011185613277848727,0.013386746385827004,0.003947487834330188,-0.005785415081261958,0.0207906699378142,0.0003945411602814808,4,-0.004366343171546827,-0.00108870043548015,0.018837138164141898,18.56999969482422,-0.03180399377715093,1
2025-06-02,581.0985213264464,586.0714814983527,578.4291102147669,585.992431640625,61630500,62.63623449116576,-0.250762698446011,-0.3489116522869917,9.04939787881183,8.181403622190265,0.005632901726823958,0.01304175765920591,-0.0011185613277848727,0.003947487834330188,-0.005785415081261958,-0.006825781740996795,0,0.00268455192807715,0.006413169348362224,-0.012173890771506324,18.360000610351562,-0.01130851308151537,1
2025-06-03,585.6266079138771,590.3128764026674,585.1421107506463,589.3341064453125,63606200,64.51912897406842,0.2084569206327725,-0.19350214402544985,8.772352719755343,7.876873267397998,0.0057025903821517065,0.008773912107699905,0.005632901726823958,-0.0011185613277848727,0.003947487834330188,0.0207906699378142,1,-0.0027840650589132654,0.00021652158792595522,-0.013023267873682465,17.690000534057617,-0.03649237766997637,0
2025-06-04,590.1943197189499,591.1730898063917,588.7409487228937,589.1759643554688,57314200,64.35384990760008,0.5195264729305995,-0.18113341423600637,8.319480460022675,7.021039635176998,-0.0002683402981673577,0.0041280385328662066,0.0057025903821517065,0.005632901726823958,-0.0011185613277848727,-0.005785415081261958,2,0.006725646180213207,0.0014474312019421287,-0.0006368522381879904,17.610000610351562,-0.004522324550077617,0
2025-06-05,590.8566609128592,592.2111289512687,584.3512195951713,586.3285522460938,92278700,61.30849743698434,1.7482674876794593,-0.43027835281719007,8.286653952599442,5.95985771382598,-0.004832872149647116,0.013405298660602277,-0.0002683402981673577,0.0057025903821517065,0.005632901726823958,0.003947487834330188,3,0.007673262932057279,0.0016273818922840633,0.008028471217976563,18.479999542236328,0.04940368550432428,1
2025-06-06,591.8749474768216,594.0203968199735,590.0953601848463,592.3495483398438,66588700,65.0723695329983,2.752578275739984,-0.26333261829126364,8.244167568405178,5.122347393595641,0.010268979858962801,0.0066262169797001455,-0.004832872149647116,-0.0002683402981673577,0.0057025903821517065,-0.0011185613277848727,4,0.0019401333498745288,0.0011021321313624544,-0.005111893425745806,16.770000457763672,-0.0925324202830431,1
2025-06-09,592.9229477814916,594.4356362447949,591.7069074945726,592.8834228515625,53016400,65.39383055143723,3.552010841095273,-0.19391597429108032,7.85020765282068,3.7102390238654097,0.0009012828881442836,0.004602470983415228,0.010268979858962801,-0.004832872149647116,-0.0002683402981673577,0.005632901726823958,0,-0.0007860331646736274,0.0030530462631936928,0.0049826559304610996,17.15999984741211,0.0232557769232431,1
2025-06-10,593.4173023897237,596.6304681071312,592.3001649023746,596.2449340820312,66247000,67.42666266269961,2.0181019924431087,-0.008372466717942117,7.598785906530385,3.9494069188147165,0.005669767615193333,0.007262624732272836,0.0009012828881442836,0.010268979858962801,-0.004832872149647116,0.0057025903821517065,1,-0.005354598291015922,-0.0006337009572364716,0.009193061537270397,16.950000762939453,-0.012237708994171426,0
2025-06-11,597.3423765043648,598.2025114763902,592.4781545343917,594.54443359375,73658200,65.33579735942476,2.3191031479064796,-0.08279606763456826,7.464898123349537,4.128727310987615,-0.0028520166647609813,0.009628139830352763,0.005669767615193333,0.0009012828881442836,0.010268979858962801,-0.0002683402981673577,2,-0.0077255436020855495,0.0023549704094578683,0.003227776869578536,17.260000228881836,0.01828905321468688,1
2025-06-12,593.2096852350186,596.9072875976562,592.7252483956809,596.9072875976562,64129000,66.87296681018455,2.32182822576671,-0.05675810767304057,7.23040820039424,4.386402041405863,0.003974226097154476,0.0070061788302277815,-0.0028520166647609813,0.005669767615193333,0.0009012828881442836,-0.004832872149647116,3,-0.001611675192000117,0.0012764773637057303,0.00548734342266588,18.020000457763672,0.04403245763636199,0
2025-06-13,591.7168864341237,595.0288949944265,588.7310943639458,590.23388671875,89506000,58.92533725421966,1.2911744502688873,-0.5456610535774935,7.297964274202542,4.40225297621796,-0.011179962144145295,0.01067000857150329,0.003974226097154476,-0.0028520166647609813,0.005669767615193333,0.010268979858962801,4,-0.007409574927476181,0.0023126211696935517,-0.006457414604265521,20.81999969482422,0.15538286159444614,1
2025-06-16,593.5952983788304,597.5993850121447,593.4172853343232,595.8494262695312,79984100,62.918967086337844,1.68210271953671,-0.5461947419834043,7.302788132716267,4.607386369293626,0.009514092086442716,0.0070187189807408385,-0.011179962144145295,0.003974226097154476,-0.0028520166647609813,0.0009012828881442836,0,-0.010736356359741572,-0.0038605701518267255,-0.008876406000586812,19.110000610351562,-0.08213252207192667,0
2025-06-17,593.4074922933922,594.9300168530282,589.9965810836336,590.7578735351562,82209400,57.463530110379644,0.2415891213952453,-0.9226567918638402,7.199220779372079,4.637194797492344,-0.0085450325365789,0.00835102838303684,0.009514092086442716,-0.011179962144145295,0.003974226097154476,0.005669767615193333,1,0.0077771253397960205,0.0027795389039451113,0.012609688972293531,21.600000381469727,0.130298257016767,0
2025-06-18,591.6574895866379,594.4059506456396,589.7097855095001,590.6688232421875,76605000,57.36983835527988,0.2533808194894489,-1.193657752529484,7.020431090569751,4.660441385555184,-0.00015073907087492788,0.007950589148013913,-0.0085450325365789,0.009514092086442716,-0.011179962144145295,-0.0028520166647609813,2,-0.01115943375071049,-0.004642170813708546,0.00588364244420192,20.139999389648438,-0.06759263731651588,0
2025-06-20,593.3471688844512,594.4181022000307,587.8735769623825,589.2816772460938,94051400,55.84246518364706,0.503663856840544,-1.4644722751451882,6.986437815361073,4.321911080914551,-0.002348432728309091,0.011105937093162252,-0.00015073907087492788,-0.0085450325365789,0.009514092086442716,0.003974226097154476,4,-0.011168702437841072,-0.005846123742013876,-0.010204631065965697,20.6200008392334,0.023833240522920462,1
2025-06-23,590.0351069773628,595.4888465716903,586.9116378864132,595.1021728515625,87426000,60.584366573430984,0.46469597544784647,-1.25766072003377,7.100064306069355,4.034024310140504,0.009877272330390152,0.014413001794595101,-0.002348432728309091,-0.00015073907087492788,-0.0085450325365789,-0.011179962144145295,0,0.012714797212355577,-0.0019449498117419806,-0.0022113028347160446,19.829999923706055,-0.03831236097838653,1
2025-06-24,599.2470472798032,602.737399696003,598.3347417480489,601.6764526367188,67735300,65.1381375397463,1.4830959082756678,-0.7113525874667301,7.138290201667291,3.564921177541612,0.011047312688599487,0.007317318018114746,0.009877272330390152,-0.002348432728309091,-0.00015073907087492788,0.009514092086442716,1,-0.0034920382130975147,-0.0019032211859980608,-0.0012795961277264345,17.479999542236328,-0.11850733184624906,1
2025-06-25,602.7968833801484,603.4910078317407,600.4468221319722,602.0135498046875,62114800,65.35913283766038,0.9674909408727329,-0.3773140593269737,6.845854165817377,3.81534448622324,0.0005602631887811071,0.005056673061189607,0.011047312688599487,0.009877272330390152,-0.002348432728309091,-0.0085450325365789,2,0.016011438228471286,0.00011418131993612413,0.011379979339312118,16.760000228881836,-0.041189893147009715,1
2025-06-26,603.8679120398481,607.1599955272326,603.2531315625092,606.7236938476562,78548400,68.37572624232914,2.0485029487683835,0.08610475187733968,6.724467848440784,4.092733043838035,0.007823983437742932,0.0064392803583245934,0.0005602631887811071,0.011047312688599487,0.009877272330390152,-0.00015073907087492788,3,-0.006059239675462513,-0.004589587317330723,0.0039058916458709625,16.59000015258789,-0.010143202504316884,1
2025-06-27,607.7252035075089,611.2056913389495,605.692457719191,609.7380981445312,86258400,70.16628024108418,2.1495483157048625,0.497909038962117,6.637951117820618,4.53925743160691,0.0049683312642012645,0.009041970046706215,0.007823983437742932,0.0005602631887811071,0.011047312688599487,-0.002348432728309091,4,0.00642474178475938,0.0019268483121344104,0.016499066622396752,16.31999969482422,-0.01627489181918751,1
2025-06-30,612.1873024714439,614.0117925800773,609.8669572755672,612.6533203125,92502500,71.82757225240664,3.798398244869494,0.8483104738892475,6.469075640515293,4.956337386331966,0.004781105489127135,0.006765384544714384,0.0049683312642012645,0.007823983437742932,0.0005602631887811071,0.009877272330390152,0,0.01623388046125185,0.00724630066401688,0.014303826498087702,16.729999542236328,0.02512254013963844,0
2025-07-01,611.1758893553448,613.625146088841,610.3429883405835,612.455078125,70030100,71.53584875473888,2.7868872777863882,0.9412296757140366,6.241438648211167,5.309323441270733,-0.0003235797161743603,0.00535901793533281,0.004781105489127135,0.0049683312642012645,0.007823983437742932,0.011047312688599487,1,-0.0051433525973040295,-0.004307400804921202,0.008383435801872618,16.829999923706055,0.005977309277102272,1
2025-07-02,612.0484833566157,615.2711481262035,611.4237773441516,615.2315063476562,66510400,73.17883138903822,4.142751863135949,1.05558428737025,6.070433800628357,5.807875686687336,0.0045332765158159205,0.00625353341361186,-0.0003235797161743603,0.004781105489127135,0.0049683312642012645,0.0005602631887811071,2,-0.009883905202863641,0.002773633681942611,-0.012375766683531464,16.639999389648438,-0.011289396014196651,1
2025-07-03,617.2147368961759,621.0125406459644,617.1948857443227,620.0804443359375,51065800,75.80545070726251,4.979375910228222,1.307236382298548,6.049762407605482,6.446344785447986,0.007881485161686852,0.006156709079464773,0.0045332765158159205,-0.0003235797161743603,0.004781105489127135,0.007823983437742932,3,0.004934688719914648,-0.0012065165231293085,-0.005598104820983774,16.3799991607666,-0.015625014328040088,0
2025-07-07,618.1169852960921,618.7813935886118,612.6731706581298,615.4595336914062,74814500,68.88246055593507,4.442333345175467,1.0244287886011705,6.14672749833421,6.488602094951212,-0.007452114780816754,0.00992465401233774,0.007881485161686852,0.0045332765158159205,-0.0003235797161743603,0.0049683312642012645,0,-0.00612855513688082,-3.397913238545325e-05,0.0006278724304602523,17.790000915527344,0.08608069761920256,0
2025-07-08,616.1238907210633,616.8775081543645,614.3093261623386,615.1224365234375,59024600,68.39176815974693,3.364172504352239,0.6925055455319811,5.8911171050264715,6.639052252366618,-0.0005477162177452977,0.004175074488488467,-0.007452114780816754,0.007881485161686852,0.0045332765158159205,0.004781105489127135,1,0.012032425187455287,-0.0018588434527070374,-0.00560648809777875,16.809999465942383,-0.055087206247954934,1
2025-07-09,617.5319680301938,619.4655183729625,615.6875662931247,618.8110961914062,66113300,70.83965584688129,2.8478168755979363,0.602533565993344,5.780543158204937,6.879335868190953,0.005996626767211355,0.006105178305770355,-0.0005477162177452977,-0.007452114780816754,0.007881485161686852,-0.0003235797161743603,2,0.005534687266519622,0.0054164759339692115,0.002554555029451011,15.9399995803833,-0.05175490262933857,1
2025-07-10,618.9499049744066,621.5974308254256,617.7699115690501,620.5562744140625,57529000,71.94661706747743,3.080117484962067,0.5435266895101591,5.641041450931404,7.192044405647168,0.002820211585405019,0.00616788422611545,0.005996626767211355,-0.0005477162177452977,-0.007452114780816754,0.0045332765158159205,3,0.014155065161694402,0.0014456195257790405,0.003337783645913195,15.779999732971191,-0.010037631845926431,0
2025-07-11,617.5022136064131,619.6043777491163,616.3024294765994,618.3748168945312,63670200,68.44879872519684,1.9203342748965575,0.2551938506989355,5.541955985683667,7.262094429554616,-0.0035153258608029425,0.005339719830602532,0.002820211585405019,0.005996626767211355,-0.0005477162177452977,0.007881485161686852,4,-0.003778071702053576,0.012258959660820912,-0.004392673201593644,16.399999618530273,0.03929023422374556,1
2025-07-14,617.9186632768227,619.9018415613931,616.5701165685465,619.5548095703125,51898500,69.31774199725673,1.6099881991389546,0.05217708543871602,5.384082343338163,7.368304431892471,0.0019082159291465839,0.005377611377365136,-0.0035153258608029425,0.002820211585405019,0.005996626767211355,-0.007452114780816754,0,-0.008239013816368046,-0.0038549177428597314,-0.0019340915208561071,17.200000762939453,0.048780558720578515,0
2025-07-15,622.2420420602726,622.5791484786782,616.8279435196437,616.9072875976562,74317300,64.99274929136453,0.6943514617673828,-0.3311047086857215,5.410305387316477,7.022150763577467,-0.004273265144196681,0.009322640653882943,0.0019082159291465839,-0.0035153258608029425,0.002820211585405019,-0.0005477162177452977,1,-0.003903059566771727,0.006375054802010505,-0.002781387027117277,17.3799991607666,0.010465022665288926,1
2025-07-16,618.4937831556223,619.4754466932056,612.8516386863737,618.9697265625,88987500,66.73402462908476,1.0636940847064675,-0.5059475072867539,5.496984145853296,6.900059208196197,0.0033431911185151097,0.01070134406026256,-0.004273265144196681,0.0019082159291465839,-0.0035153258608029425,0.005996626767211355,2,-0.004153514141349457,-0.006645826039222258,0.005534732251511354,17.15999984741211,-0.012658188951534366,1
2025-07-17,619.1482908768893,623.1146474859103,618.9301097920578,622.7576293945312,68885700,69.71363204649984,1.22329935466961,-0.42971100349391733,5.4032379707103795,6.518893629518622,0.006119689977517551,0.006719368011469935,0.0033431911185151097,-0.004273265144196681,0.0019082159291465839,0.002820211585405019,3,-0.0021158599962268765,-0.001308995622004594,-0.00036849353679269115,16.520000457763672,-0.03729600205940298,0
2025-07-18,624.007017899032,624.175571102461,621.1909387049365,622.301513671875,65621600,68.91320431689985,0.3581905148316859,-0.4699632517391219,5.230480429768538,5.914326037339455,-0.0007324129021104575,0.004796119456489574,0.006119689977517551,0.0033431911185151097,-0.004273265144196681,-0.0035153258608029425,4,0.01505864854419281,0.005153138038328731,0.005995274689452268,16.40999984741211,-0.006658632403358511,1
2025-07-22,623.8087114591411,624.4334174667899,620.9232136557434,623.5707397460938,60046300,69.95264953583494,1.3734344125706999,-0.5278595126433672,5.021125202755252,4.165982871718123,0.0001431211632245688,0.005629199042398596,0.001896175165666536,-0.0007324129021104575,0.006119689977517551,-0.004273265144196681,1,0.00075304177817892,0.0023243059499928886,-0.0020571323400920827,16.5,-0.00900898630432001,1
2025-07-23,626.238071576001,628.875732421875,624.4333721871909,628.875732421875,70511000,74.12415631956344,1.6264472780810686,-0.2724650282012995,5.041401450828538,3.9847807950285223,0.00850744324203112,0.007063971474262542,0.0001431211632245688,0.001896175165666536,-0.0007324129021104575,0.0033431911185151097,2,-0.010938891305629972,0.0011982474966714118,-0.0011097058847765462,15.369999885559082,-0.06848485542066174,1
2025-07-24,629.2624631630094,630.7994747941685,628.6576082944551,629.083984375,71307100,74.27513957205554,1.374204131444723,-0.16228991574491047,4.83429181146317,3.632351618471679,0.00033114960935609616,0.003404738561006841,0.00850744324203112,0.0001431211632245688,0.001896175165666536,0.006119689977517551,3,0.00827388511902205,0.004177862555518663,0.035107509246364854,15.390000343322754,0.0013012659669868754,1
2025-07-25,629.748350781943,632.2173979677802,629.5004535059064,631.7413940429688,56865400,76.18474485485248,2.1615655720852676,0.007758361495186605,4.712800510128675,3.6353027469436694,0.004224252618048929,0.004300722554344802,0.00033114960935609616,0.00850744324203112,0.0001431211632245688,-0.0007324129021104575,4,0.002273412132492103,0.008486496785852227,0.015909607131329384,14.930000305175781,-0.02988954047337322,0
2025-07-28,632.1182610848412,632.6735486135409,630.1945756243812,631.5828247070312,54917100,75.8230542442117,1.9413964593480744,0.026692882537242113,4.553241401488036,3.669653660140489,-0.0002510035553040524,0.003925016470024555,0.004224252618048929,0.00033114960935609616,0.00850744324203112,0.001896175165666536,0,-0.0032280998714098175,-0.001980717101875862,-0.008848715340204594,15.029999732971191,0.0066978851809362805,0
2025-07-29,632.9809077241022,633.2982235137306,629.0046860832861,629.9169311523438,60556300,71.95795412250692,2.1088490630981687,-0.14633509886157725,4.534691117842071,3.662116196100186,-0.0026376486020820433,0.006816037509247627,-0.0002510035553040524,0.004224252618048929,0.00033114960935609616,0.0001431211632245688,1,-0.01020504284092083,-0.004265146420132759,-0.011046854292389496,15.979999542236328,0.0632069079270261,0
2025-07-30,630.5713386132512,632.3165451544952,626.2281734095909,629.1236572265625,80418900,70.12482984318953,1.6404567506803927,-0.3745889717496027,4.645668305489372,3.5260692165303453,-0.001259331011043141,0.009677543794401814,-0.0026376486020820433,-0.0002510035553040524,0.004224252618048929,0.00850744324203112,2,0.010304800264389069,0.006045258627642269,-0.007895912527558058,15.479999542236328,-0.03128911228554565,0
2025-07-31,634.0816044685715,634.4682782312485,625.4646925404661,626.763671875,103385200,64.83329108617988,0.6432747334406128,-0.7246220173628668,4.956948118724589,3.3946361420759454,-0.0037512265266995692,0.014365200305639389,-0.001259331011043141,-0.0026376486020820433,-0.0002510035553040524,0.00033114960935609616,3,0.001852041080084188,6.573623352323921e-05,-0.00048805855550226873,16.719999313354492,0.0801033467562382,0
2025-08-01,621.0322789916852,621.0719812920488,614.0812292944926,616.4907836914062,140103600,47.892156547301646,-0.9337483282312264,-1.6359659911353264,5.508769151709077,3.498151990321853,-0.016390369519761472,0.011339588818663602,-0.0037512265266995692,-0.001259331011043141,-0.0026376486020820433,0.004224252618048929,4,-0.008109315400574912,-0.0004487939850703615,0.010210900627166453,20.3799991607666,0.21889952139464608,1
2025-08-04,620.4075271113948,625.9108344398344,620.3183179857707,625.8612670898438,73218000,58.53543949680774,0.3816890666297541,-1.5940318419653563,5.788146408617581,3.334000372873616,0.01519971367995021,0.008935712670106595,-0.016390369519761472,-0.0037512265266995692,-0.001259331011043141,-0.0002510035553040524,0,-0.026573342690403234,-0.007029629104488677,-0.006579496767794679,17.520000457763672,-0.14033360258957683,0
2025-08-05,626.476110377079,627.2892207726588,621.7660617410078,622.688232421875,68051400,54.47765987273372,-0.14152481313957904,-1.7536645888390776,5.769218738834257,3.1010633866591197,-0.005069869050569054,0.00886986254769801,0.01519971367995021,-0.016390369519761472,-0.0037512265266995692,-0.0026376486020820433,1,0.01416029902042637,0.006583176883317554,-0.012473218469313374,17.850000381469727,0.0188356115915409,1
2025-08-06,623.7591559441935,628.1122469303318,622.8469108529321,627.4578247070312,64357500,59.07065030195043,-0.22546707429514243,-1.5203904957300143,5.744561293807297,3.0438813814068113,0.007659679494191662,0.008391537837396816,-0.005069869050569054,0.01519971367995021,-0.016390369519761472,-0.001259331011043141,2,0.0037200949001956474,0.00157755452089825,0.006424307564003362,16.770000457763672,-0.06050419611347535,0
2025-08-07,630.8886820702932,631.62244837055,623.8186464662513,626.9322509765625,74205800,58.371757118124066,-0.3420423110239032,-1.3875384677788265,5.891649908842402,3.011307836903341,-0.0008376239960258269,0.01244760002718463,0.007659679494191662,-0.005069869050569054,0.01519971367995021,-0.0037512265266995692,3,0.003283101218525042,0.0023624978303535826,0.006049891519651629,16.56999969482422,-0.01192610360644697,1
2025-08-08,628.727047311219,632.2868791777582,628.4097315038053,631.82080078125,64051600,62.78255071779108,0.012569500594708386,-0.9759141711305821,5.85329121543907,3.020831788163059,0.007797572699558275,0.006136467284962407,-0.0008376239960258269,0.007659679494191662,-0.005069869050569054,-0.016390369519761472,4,0.011207849739968134,-0.006929061832691263,0.006478489362362172,15.149999618530273,-0.08569704903117736,0
2025-08-12,632.9214074238032,637.4430514601922,631.4340237207567,637.284423828125,64730800,66.49681850772595,1.1695974995152878,-0.27268670678367,5.819956451343897,3.0769784834457026,0.010646017662282237,0.009429114402859057,-0.001977539647394999,0.007797572699558275,-0.0008376239960258269,-0.005069869050569054,1,-0.0033737534943544256,0.0037380299778924098,0.01854232394539057,14.729999542236328,-0.09353848970853362,1
2025-08-13,639.4857330110176,640.7549961752953,637.2745085703324,639.4659423828125,60092800,68.0708857867895,1.6439192895468395,0.1600433280925495,5.652851533745257,3.3119188509242505,0.003423147456803166,0.0054428037121003895,0.010646017662282237,-0.001977539647394999,0.007797572699558275,0.007659679494191662,2,-0.0023487292335887533,0.0019824976710947073,0.021465353725928393,14.489999771118164,-0.01629326399026665,1
2025-08-14,637.3835851461316,640.1897994624859,636.9374184340268,639.5254516601562,59327500,68.11489418405093,2.036139035783399,0.3746263045640097,5.481389354796248,3.5864739919017703,9.306090191762983e-05,0.0050856162487610285,0.003423147456803166,0.010646017662282237,-0.001977539647394999,-0.0008376239960258269,3,0.006693528580964614,0.0019021394211189424,0.013027242870514266,14.829999923706055,0.023464469148273492,0
2025-08-15,640.5566774831647,640.6558727131268,637.11589211782,638.0281372070312,68592500,65.66256073871779,3.4935402256403956,0.34102343424829584,5.342717300547002,3.673416491790106,-0.002341289856780615,0.0055483142339193435,9.306090191762983e-05,0.003423147456803166,0.010646017662282237,0.007797572699558275,4,0.007934896667388669,0.0013093003692530303,-0.014452106258749042,15.09000015258789,0.017532045193487944,0
2025-08-18,637.4530415771111,638.5834678311134,636.778768159409,637.8893432617188,43804900,65.42741377447666,1.9218438341461295,0.2395443449817174,5.090001755629672,3.7328758179241666,-0.00021753577502092725,0.0028291735718242532,-0.002341289856780615,9.306090191762983e-05,0.003423147456803166,-0.001977539647394999,0,-0.000746558045328638,-0.004173364846836725,0.017094009265803622,14.989999771118164,-0.006626930447881874,0
2025-08-19,637.7108075589789,638.6924711313014,633.1098193903536,634.4286499023438,69750700,59.68777895749781,1.8854407180308725,-0.11170037185656234,5.125191040295258,3.6404727494286195,-0.0054252252305696524,0.008799495013043952,-0.00021753577502092725,-0.002341289856780615,9.306090191762983e-05,0.010646017662282237,1,-0.001828100502551222,0.002057118896578114,0.00774580685352988,15.569999694824219,0.038692457142231795,0
2025-08-20,634.0221086228163,634.2798709561484,627.6263466835007,632.742919921875,88890300,57.061867586740995,0.8423028619192746,-0.48755191288569666,5.244984767334382,3.637990630118062,-0.0026570836306466505,0.010515367399874208,-0.0054252252305696524,-0.00021753577502092725,-0.002341289856780615,0.003423147456803166,2,0.004454115064130404,0.003439728242700557,-0.003843582036523907,15.6899995803833,0.007707121895382807,0
2025-08-21,630.9283690027011,632.604096553562,628.4791123479844,630.2044677734375,54805800,53.26192399861069,0.5219410537227778,-0.9124312829723786,5.1749006820884,3.6292802598264453,-0.004011822287558586,0.0065454696317079,-0.0026570836306466505,-0.0054252252305696524,-0.00021753577502092725,9.306090191762983e-05,3,-0.005982032869152554,0.010762570404435179,-0.01510434747507372,16.600000381469727,0.05799877791100583,1
2025-08-22,632.3958993542917,641.0623787509013,631.8901792096084,639.8823852539062,84083200,63.29717569384722,1.275928944201909,-0.5640676823161481,5.580829988900929,3.82775775912536,0.0153567897013831,0.014334196022060163,-0.004011822287558586,-0.0026570836306466505,-0.0054252252305696524,-0.002341289856780615,4,0.0006742661934708849,0.0022717872142759,-0.006490751055447164,14.220000267028809,-0.1433734975751969,0
2025-08-26,636.7985773675441,640.0807351008626,636.1738713484165,639.733642578125,51581600,61.76546102470091,0.3843211380073761,-0.3830870597784175,5.285782061945314,4.04349208374285,0.004187036349890816,0.006107016252422657,-0.004401062092461827,0.0153567897013831,-0.004011822287558586,-0.0054252252305696524,1,-0.0036929102056437735,0.0013105524703016513,0.004093778684167271,14.619999885559082,-0.011494258061691465,1
2025-08-27,639.148612992103,641.9250504526357,638.9998504138363,641.1912841796875,48341100,63.07830993802527,0.26980980260589615,-0.215647942084626,5.117169060292035,4.195253390868785,0.0022785132820093423,0.004562133190163023,0.004187036349890816,-0.004401062092461827,0.0153567897013831,-0.0026570836306466505,2,-0.004954039870333049,-0.0059648318500963304,-0.009657624984920843,14.850000381469727,0.015731908188168164,1
2025-08-28,641.7961735668325,644.0173236548059,639.9121904309055,643.4620361328125,61519500,65.08934881304008,0.6155477412880435,-0.001371852020301212,5.0448807862640574,4.337524455271428,0.003541457922389135,0.006379759789049974,0.0022785132820093423,0.004187036349890816,-0.004401062092461827,-0.004011822287558586,3,-0.004415964103643533,-0.0011115936999080978,0.0029690501195709373,14.430000305175781,-0.028282832693932725,0
2025-08-29,642.0242015644989,642.3911452321481,637.7306640961879,639.6245727539062,74522200,59.21905796630584,0.25021397235918125,-0.15878086762980015,5.093915875575527,3.618020853130989,-0.00596377589262187,0.007286275941361247,0.003541457922389135,0.0022785132820093423,0.004187036349890816,0.0153567897013831,4,-0.0002616219096368555,-0.004181318709145954,0.007255822567711068,15.359999656677246,0.06444901814505788,0
2025-09-02,632.13804448044,635.1028861742022,629.5797276837342,634.884765625,81983500,52.87586025972154,-0.47101862861596766,-0.5981268424044739,5.447553675189566,3.3777778572599124,-0.007410295555874247,0.008699466091347927,-0.00596377589262187,0.003541457922389135,0.0022785132820093423,-0.004401062092461827,1,0.005652997581617525,0.0009796131824726384,-0.012399313528765,17.170000076293945,0.11783857161935951,1
2025-09-03,637.2645539172183,638.7916398746721,635.0731807265284,638.3255615234375,70820900,56.517091532327115,0.6142395400481351,-0.6677239732874387,5.337505144795462,2.865233808404365,0.0054195597134076845,0.0058253332974307565,-0.007410295555874247,-0.00596377589262187,0.003541457922389135,0.004187036349890816,2,-0.02288107698369224,-0.008655612699188686,0.0028846340806252257,16.350000381469727,-0.047757698962177964,1
2025-09-04,638.9999188744573,643.6901771181875,638.0975992987862,643.660400390625,65219200,61.486096641102854,1.725421197932643,-0.37952602000228985,5.355724621553022,2.7624734115681364,0.008357551677008246,0.008688708853313444,0.0054195597134076845,-0.007410295555874247,-0.00596377589262187,0.0022785132820093423,3,0.004575688371880604,0.006723902659321768,-0.00878263691451353,15.300000190734863,-0.06422019365362708,0
2025-09-05,646.0004093954814,646.7243105506017,637.918995020256,641.7960815429688,85178900,58.95082604288749,1.8393417314995153,-0.34074526278523276,5.602123972181066,2.4392288298885125,-0.002896432414554062,0.01371980257214474,0.008357551677008246,0.0054195597134076845,-0.007410295555874247,0.003541457922389135,4,0.007439320997127741,0.004238438725757243,0.015293177685240744,15.180000305175781,-0.007843129677328364,1
2025-09-08,643.1646082412059,644.3743785857845,641.7862846718712,643.3728637695312,63133100,60.436680689982595,0.5454875139655505,-0.2399476645285743,5.386836110876227,2.411617146667741,0.0024568274439626947,0.004022696727912404,-0.002896432414554062,0.008357551677008246,0.0054195597134076845,-0.00596377589262187,0,-0.007292688355830967,-0.0009439393878389879,0.010297738214836594,15.109999656677246,-0.0046113733261696765,1
2025-09-09,643.5115612591451,645.3856792185645,641.7762803015634,644.8601684570312,66133900,61.839802678597074,1.2234121084036482,-0.11072644667810039,5.259876311313723,2.3142256202848235,0.002311730524016564,0.005597180743288011,0.0024568274439626947,-0.002896432414554062,0.008357551677008246,-0.007410295555874247,1,0.008905817034654318,0.0014335260998366017,0.014529910649426103,15.039999961853027,-0.004632673488730754,1
2025-09-10,648.122479271532,649.0446498954948,645.1576374702139,646.724365234375,78034500,63.58314102615574,1.092755201692599,0.053840896163898755,5.183062391824423,2.533410121483338,0.0028908542790047065,0.006010307689385138,0.002311730524016564,0.0024568274439626947,-0.002896432414554062,0.0054195597134076845,2,-0.00372500328363079,0.002288113353851484,-0.00422785126219305,15.350000381469727,0.02061173007998507,1
2025-09-11,648.6777603299006,652.7928793680376,648.0927566439484,652.0987548828125,69934400,68.10681269040849,1.7011258531187845,0.45582520762533907,5.246308944812863,3.0703881410113048,0.008310170355944058,0.007207685475390641,0.0028908542790047065,0.002311730524016564,0.0024568274439626947,0.008357551677008246,3,-0.0036047887959053115,-0.001850106505274507,0.008706603827684178,14.710000038146973,-0.04169383240506963,0
2025-09-12,652.0689585463732,653.5662677492645,651.3748946038203,651.8805541992188,72780100,67.73890538974788,1.3083162010615716,0.6276002261004354,5.028099244857961,3.466930303254824,-0.0003346129431468503,0.00336161760207152,0.008310170355944058,0.0028908542790047065,0.002311730524016564,-0.002896432414554062,4,0.0029916355855792442,0.007826133901285282,0.01220019453872978,14.760000228881836,0.003399061224010902,1
2025-09-16,655.9064595692537,656.213910313041,653.6655188822047,654.4488525390625,61169000,68.83880290986764,3.081517776663457,0.888784399446263,4.756226776956554,4.303578091339821,-0.0013768857905647192,0.003893950491240583,0.00532404605028769,-0.0003346129431468503,0.008310170355944058,0.002311730524016564,1,0.002139786588368553,-0.0006786169594910074,0.00891590723421043,16.360000610351562,0.04270242497685861,0
2025-09-17,654.4587781451693,656.1543568928759,648.7967821934204,653.6357421875,101952200,67.32537458017626,2.398490924838258,0.7479458684513336,4.94203734284933,4.405120724111837,-0.0012424352925486382,0.011256383677600137,-0.0013768857905647192,0.00532404605028769,-0.0003346129431468503,0.0028908542790047065,2,-0.01766902292017969,-0.008763587871887468,0.002996517035393831,15.720000267028809,-0.03911982392701152,1
2025-09-18,656.3229362038169,659.2977035594738,654.7165666735059,656.6898193359375,90459200,69.9937981779675,2.0242691545736227,0.765839016245998,4.993460487786792,4.487316502772009,0.004672445142330339,0.006976104625164552,-0.0012424352925486382,-0.0013768857905647192,0.00532404605028769,0.008310170355944058,3,0.001283344542051701,0.0013811014977385128,-0.00249187014750174,15.699999809265137,-0.0012722937292578562,1
2025-09-19,658.5800832029405,660.7874850308027,656.6311583459587,659.9423217773438,97945600,72.56356731773877,2.8274152423537497,0.8932016533960505,4.93366521614802,4.462349712928732,0.004952874775332017,0.006298015065392741,0.004672445142330339,-0.0012424352925486382,-0.0013768857905647192,-0.0003346129431468503,4,0.013500029264458702,0.0021392660955594778,0.011454486293225097,15.449999809265137,-0.01592356707243181,1
2025-09-22,658.4507703315647,663.5119177999496,658.4209110544651,663.0645141601562,69452200,74.79505998263483,3.0606902310506734,1.0721492150458873,4.944903896814911,4.923107373835327,0.004731007968096224,0.007677996087504108,0.004952874775332017,0.004672445142330339,-0.0012424352925486382,0.00532404605028769,0,-0.0014834145247244468,-0.0012352937814974485,-0.005686569328791524,16.100000381469727,0.04207123496628107,0
2025-09-24,660.7477220570149,660.8471316064555,655.9350982101993,657.3569946289062,68082200,64.22129315006632,1.644074348533003,0.46205645271783613,4.968078162607672,4.953397883310114,-0.003181633452613686,0.007472398462922237,-0.0054434748398075605,0.004731007968096224,0.004952874775332017,-0.0012424352925486382,2,0.003582229564538908,-0.0003685381071260041,0.00994213616052475,16.18000030517578,-0.02764417676354103,0
2025-09-25,654.2149171420698,655.6765652531099,650.7048739536411,654.3242797851562,89622100,59.205261984051646,0.3412864824046007,-0.05257948955081382,5.088366913511775,4.864096324247899,-0.0046134974884720625,0.007598206964138857,-0.003181633452613686,-0.0054434748398075605,0.004731007968096224,0.004672445142330339,3,0.002349739238171944,0.002938274425789311,0.0030036808871978238,16.739999771118164,0.03461059674784095,1
2025-09-26,655.7760789419195,658.619871988132,654.1553026157394,658.072998046875,69179200,63.04731287559406,0.9499353536113919,-0.1917574129223958,5.043809946288976,4.895693744677819,0.005729144366994232,0.006784307190301363,-0.0046134974884720625,-0.003181633452613686,-0.0054434748398075605,0.004952874775332017,4,-0.00557660562197837,-0.003935007036224181,0.002731103461506512,15.289999961853027,-0.08661886673181729,1
2025-09-29,660.5985670660314,661.5134019828115,658.112721358766,659.9224243164062,73499000,64.80823023991984,0.6975234123670496,-0.2090809110726104,4.929280945549514,4.792232449718477,0.0028103664411398555,0.005153152095972813,0.005729144366994232,-0.0046134974884720625,-0.003181633452613686,0.004731007968096224,0,0.008695224240867105,0.007683937995170309,-0.00874094680030213,16.1200008392334,0.05428390316881204,1
2025-09-30,659.1766647693167,662.8756347075731,657.8641309647478,662.4082641601562,86288000,67.07906688307071,1.2162007145728277,-0.10802932459034142,4.935154002497785,4.383670603061686,0.0037668667591119753,0.007565581551400507,0.0028103664411398555,0.005729144366994232,-0.0046134974884720625,-0.0054434748398075605,1,0.0002354662334262958,0.0016155437182854282,-0.006862272333089003,16.280000686645508,0.00992554833016479,1
2025-10-01,659.4153308150761,665.5802405756418,659.3059681646932,664.6654663085938,72545400,69.03306864477403,1.6874420123019829,0.04757527759721114,5.030805317387127,4.139770284635669,0.0034075694259330103,0.009439744847576505,0.0037668667591119753,0.0028103664411398555,0.005729144366994232,-0.003181633452613686,2,0.005713194791910237,0.005441040344975612,-0.002466959206327224,16.290000915527344,0.0006142646474234237,1
2025-10-02,666.6540464714482,666.7733621981591,663.004842335434,665.4309692382812,56896000,69.69011822539169,1.3310926475429508,0.13391040984983515,4.940642070625557,4.114683174222758,0.001151711603039951,0.005663276939212764,0.0034075694259330103,0.0037668667591119753,0.0028103664411398555,-0.0046134974884720625,3,0.009752571557420486,0.010266940022830795,-0.008496661625264856,16.6299991607666,0.020871591536571144,0
2025-10-03,666.1966948783695,668.8714672806448,664.377038831869,665.421142578125,70494400,69.66968261726365,0.8301969156979956,0.12251801800140516,4.908769669064861,3.8587419987361966,-1.4767362221612679e-05,0.006754261566385577,0.001151711603039951,0.0034075694259330103,0.0037668667591119753,0.005729144366994232,4,0.012811905357230868,-0.001979610702406709,0.008661538280781311,16.649999618530273,0.001202673407877164,1
2025-10-06,667.8174482099862,668.7024238148077,665.669704301124,667.8074951171875,54623300,71.82999538579963,0.7153121386745834,0.2031084305854991,4.79252049532328,3.674180324432308,0.003586228910336109,0.00454130799048832,-1.4767362221612679e-05,0.001151711603039951,0.0034075694259330103,0.0028103664411398555,0,-0.0017917763184990276,0.006746036473096906,0.018532045446188583,16.3700008392334,-0.016816743886603813,0
2025-10-07,668.7322238208072,669.1796881705657,663.8898014056139,665.3316040039062,72020100,66.53493365863916,0.8911091133862304,0.02636724438522986,4.828046657439602,3.3349710049168855,-0.003707492250961897,0.007950752276184891,0.003586228910336109,-1.4767362221612679e-05,0.001151711603039951,0.0037668667591119753,1,-2.099031673430396e-05,-0.0012854082753211982,0.04752644706081566,17.239999771118164,0.05314593080531016,1
2025-10-08,666.4552183740389,669.398481470165,665.6299006256374,669.2990112304688,60702200,70.31162535167923,1.8166714128148975,0.10873681348546338,4.7736774294981155,3.1691336674653243,0.005963052412792269,0.005630638595445226,-0.003707492250961897,0.003586228910336109,-1.4767362221612679e-05,0.0034075694259330103,2,0.00030725020758426425,0.00047472863303910096,0.0001275882344746737,16.299999237060547,-0.0545243936506532,0
2025-10-09,669.7166839203261,670.1243359074817,665.4211353124821,667.3600463867188,66501900,66.36945033163134,1.9922486455557973,-0.027984665081329574,4.768643369891082,3.122535620295378,-0.0028970083792374535,0.007047471032262348,0.005963052412792269,-0.003707492250961897,0.003586228910336109,0.001151711603039951,3,0.00866700054679348,0.006885653542927583,-0.0045023288399382855,16.43000030517578,0.007975526024544655,0
2025-10-10,668.324542434099,670.1342452495495,649.14378031214,649.32275390625,159422600,42.49854388709869,-1.3296768240902226,-1.322154880433092,5.927344910428109,3.2688554003646604,-0.02702782789908964,0.03232670472601378,-0.0028970083792374535,0.005963052412792269,-0.003707492250961897,-1.4767362221612679e-05,4,0.0005740157543463464,-0.0041366019524908815,0.017711392742335574,21.65999984741211,0.3183201123002275,1
2025-10-14,653.4492417720955,662.0602448848334,649.4718888267987,658.4805908203125,88779600,51.837463345866524,-0.5929384568931226,-1.611506124455957,6.8086588311771665,3.093515806775862,-0.0012216548034567065,0.019117277310106557,0.015344074693208754,-0.02702782789908964,-0.0028970083792374535,-0.003707492250961897,1,0.006042076027415577,0.0016335603951207478,-0.010120134991954743,20.809999465942383,0.09353645376092956,1
2025-10-15,663.0446741742268,666.4353410824248,655.1993304017814,661.4039916992188,81702600,54.523690403201435,-0.4906941573914641,-1.4691545874870373,7.124898248996184,2.924524411637458,0.004439615866679292,0.016988120455361737,-0.0012216548034567065,0.015344074693208754,-0.02702782789908964,0.005963052412792269,2,-0.006191187046614699,0.0010483446454998546,-0.025816415643162727,20.639999389648438,-0.008169153323245748,0
2025-10-16,663.0446615126489,664.9239754340409,653.3896149312258,656.899658203125,110563300,49.90514189442973,-1.2820730368053115,-1.6357996506099521,7.439859838554682,2.918613625726075,-0.006810260525524803,0.017558785971005228,0.004439615866679292,-0.0012216548034567065,0.015344074693208754,-0.0028970083792374535,3,-0.0022927941296991827,-0.0029620853692591265,0.017617903371941024,25.309999465942383,0.22625970030968534,1
2025-10-17,655.7660892614911,661.9906565438909,654.4138037793879,660.62841796875,96500900,53.42248797934585,-0.7202543325879222,-1.4582368905867487,7.449645047550988,2.914181864949304,0.005676300358907982,0.011469159603820412,-0.006810260525524803,0.004439615866679292,-0.0012216548034567065,-0.02702782789908964,4,0.0037557969514399048,0.001198943735853053,0.012692101836383696,20.780000686645508,-0.1789805956097521,1
2025-10-20,663.5418206897375,668.4041493887289,663.4921159142255,667.499267578125,60493400,59.118598988563875,-0.04615514820006803,-0.8703950185403659,7.47293693129584,3.019090048067778,0.010400475399621634,0.007358859721787708,0.005676300358907982,-0.006810260525524803,0.004439615866679292,0.015344074693208754,0,-0.018177149597569442,-0.008637043203637673,-0.014408086801782738,18.229999542236328,-0.12271419923715232,0
2025-10-21,667.6384328159621,669.1796448635298,666.1866772188026,667.4892578125,56249000,59.10725825566265,0.3242975075299568,-0.49335035386070736,7.152939125112364,3.1012929286931645,-1.4995920012528252e-05,0.004483918819211781,0.010400475399621634,0.005676300358907982,-0.006810260525524803,-0.0012216548034567065,1,0.017951857756120626,0.005238064914172558,0.03369649364626803,17.8700008392334,-0.01974759802757342,0
2025-10-22,668.1953369980629,668.1953369980629,659.5445816579371,664.0191040039062,80564000,55.156986121206856,-0.7888712127118919,-0.48788846334118885,7.259925997613323,3.044391403215175,-0.005198815962920711,0.01302787116810858,-1.4995920012528252e-05,0.010400475399621634,0.005676300358907982,0.004439615866679292,2,0.0029361927766871077,0.0024884503378548306,0.002654412250561622,18.600000381469727,0.04085056004214738,1
2025-10-23,664.3372592841532,668.9012985038863,664.019063764971,667.9566650390625,65604500,58.54270157530994,0.08939981582266077,-0.2417587261836358,7.090090907706326,2.920214571972651,0.005929891190499692,0.007309208807175921,-0.005198815962920711,-1.4995920012528252e-05,0.010400475399621634,-0.006810260525524803,3,-0.007352988988096998,0.009334889148191472,-0.00016768435040848129,17.299999237060547,-0.06989253321222011,1
2025-10-24,672.6300829996666,674.628651928334,671.8246714345047,673.4155883789062,74356500,62.742546114856474,3.710455906206361,0.2399552323486409,7.060226334960979,3.140002132657883,0.008172571104630766,0.004163818809985098,0.005929891190499692,-0.005198815962920711,-1.4995920012528252e-05,0.005676300358907982,4,0.002345985513262372,0.006684141815554323,-0.013510637977614093,16.3700008392334,-0.05375713519309755,1
2025-10-27,678.8645527756448,681.658640907831,678.2580209918731,681.3603515625,63339800,67.84763983646238,3.348219203902482,1.002170160053645,7.144713920244106,3.846774311919955,0.011797712023148943,0.004990927206374123,0.008172571104630766,0.005929891190499692,-0.005198815962920711,0.010400475399621634,0,0.0013260840309339272,0.006994759435859921,0.013528316002599405,15.789999961853027,-0.03543071763260408,1
2025-10-28,683.1600908523567,685.0095454543999,680.9526890414517,683.1700439453125,61738100,68.89321244087964,3.74945798998308,1.5064310606437123,6.924152669722974,4.51314892768305,0.002655998956591077,0.005938282055694195,0.011797712023148943,0.008172571104630766,0.005929891190499692,-1.4995920012528252e-05,1,0.00284195473241744,0.0008501488393246603,0.024597982205438518,16.420000076293945,0.03989867738840602,1
2025-10-29,684.8205950917289,685.795087823854,679.0037407351697,683.4981689453125,85657100,69.08948825092985,3.340496507940844,1.724593554511153,6.914666556791643,5.05934087096325,0.0004802976988058649,0.009936159886373785,0.002655998956591077,0.011797712023148943,0.008172571104630766,-0.005198815962920711,2,-0.00124022836078308,0.00444388649992189,-0.005803349028246085,16.920000076293945,0.03045066977325206,0
2025-10-30,680.0279207971732,682.0563488815194,675.98095703125,675.98095703125,76335800,59.78289537194199,2.9047509143663954,1.2473968999890026,6.957705510882419,5.191789217646923,-0.010998144919191377,0.008987519229759216,0.0004802976988058649,0.002655998956591077,0.011797712023148943,0.005929891190499692,3,-0.006360322489740944,0.006125734823813067,0.021674363396081642,16.90999984741211,-0.0005910300730935791,1
2025-10-31,681.1614729090464,681.2012852815519,675.3943230278239,678.1983642578125,87164100,61.433205745530174,2.659580758436828,0.97777562161356,6.875509563942816,5.3695294464668235,0.0032802806107155025,0.008562335976853686,-0.010998144919191377,0.0004802976988058649,0.002655998956591077,0.008172571104630766,4,-0.00022053830128510032,0.00040999991391599266,0.0003500635489439574,17.440000534057617,0.03134244183488977,1
2025-11-04,672.2820616639051,676.1103005794487,670.7607556049009,671.4169921875,78427000,53.38701557315355,0.5884340952350299,0.06603469836002596,6.937014602054616,5.56403276233042,-0.011853539942447533,0.007967544814614865,0.0018766870879645126,0.0032802806107155025,-0.010998144919191377,0.002655998956591077,1,0.007267183786934472,-0.001636196719466243,0.021153776486457998,19.0,0.10658124144289749,1
2025-11-05,671.1583975728993,677.0051112074705,670.3529860359731,673.7437133789062,74402400,55.38922064764806,1.4645074691921505,-0.2934549155281063,6.9166653570148116,5.599229613180837,0.003465389196996238,0.009873376239959455,-0.011853539942447533,0.0018766870879645126,0.0032802806107155025,0.0004802976988058649,2,-0.007595626796626731,0.0014018192041782562,-0.017441657239163466,18.010000228881836,-0.05210525111148234,0
2025-11-06,672.6399897028363,673.5448715272548,664.9338680034818,666.514892578125,85035300,48.42911295693836,-0.21584820339403069,-1.014872413759842,7.051892501186925,5.6051691911551185,-0.010729333212666003,0.012919446541494416,0.003465389196996238,-0.011853539942447533,0.0018766870879645126,-0.010998144919191377,3,0.0042018622821959895,0.006392136837364948,-0.024951447981508057,19.5,0.08273180189796547,1
2025-11-07,664.1284090392404,667.2805048704689,657.4663915648358,667.1710815429688,100592400,49.05491808381731,-0.9272887268573214,-1.4198053989064041,7.249193987218795,4.920865730727195,0.0009845075813768034,0.014710040013928614,-0.010729333212666003,0.003465389196996238,-0.011853539942447533,0.0032802806107155025,4,-0.013127821758080027,-0.00422413663944865,0.013371436155303451,19.079999923706055,-0.0215384654509716,1
2025-11-10,673.4056760856186,678.317709828293,671.2082272333661,677.5819091796875,75842900,57.80373858997083,-0.5545439170547203,-0.9793904912479654,7.527582151369185,4.786487319149687,0.015604434791510524,0.010492432720841093,0.0009845075813768034,-0.010729333212666003,0.003465389196996238,0.0018766870879645126,0,-0.006912381340800189,-0.005464388789802932,-0.011935233408428059,17.600000381469727,-0.07756811049026757,1
2025-11-11,676.1002762110339,679.6997756663966,674.8871520395073,679.1329956054688,58953400,58.935232026638104,-0.5909287703146003,-0.5953909357714195,7.333656542477763,4.583285464911626,0.0022891497024457585,0.0070864229216232606,0.015604434791510524,0.0009845075813768034,-0.010729333212666003,-0.011853539942447533,1,0.01654772775861746,0.010802944473323306,0.012637957179033377,17.280000686645508,-0.018181800448205276,1
2025-11-12,680.9128544582501,681.081935653801,677.0946296424269,679.5108642578125,62312500,59.2221068263717,-0.5833672815324,-0.34039632239499706,7.0946315045417885,4.447820006284874,0.0005563986064420767,0.005867906197098433,0.0022891497024457585,0.015604434791510524,0.0009845075813768034,0.003465389196996238,2,0.0053451738188214915,0.011484327674867956,-0.0013519868283138337,17.510000228881836,0.013310158165333874,0
2025-11-13,676.6471697129602,677.0051169124795,666.723693536663,668.2350463867188,103457800,48.36434709939111,-1.1458770493401877,-0.9225619631930293,7.5012414485851995,3.9458135132160774,-0.016594021470737852,0.015385938572677763,0.0005563986064420767,0.0022891497024457585,0.015604434791510524,-0.010729333212666003,3,0.012180324358370243,0.0011920463165828732,0.004334504474949208,20.0,0.1422044396670561,0
2025-11-14,661.6128286383953,671.8345948923219,659.5147893727298,668.125732421875,96846700,48.27194890508171,-1.4852043836703295,-1.2842024503077227,7.845424596514266,3.6254884658432416,-0.00016358609958400105,0.018439351938944682,-0.016594021470737852,0.0005563986064420767,0.0022891497024457585,0.0009845075813768034,4,-0.01393853295937264,-0.010462718811217409,0.004279384498730776,19.829999923706055,-0.008500003814697288,0
2025-11-17,665.9083353081996,669.8956413839408,658.4209391867944,661.901123046875,90456100,43.20973077947812,-2.5858357388374804,-1.8760011609381015,8.104658710845131,3.8600690182059174,-0.009316523930962162,0.01733597632275621,-0.00016358609958400105,-0.016594021470737852,0.0005563986064420767,0.015604434791510524,0,-0.006865941865623837,-0.011144284848729202,-0.01765336588222499,22.3799991607666,0.12859300286794828,0
2025-11-18,658.351356546523,661.3542775984923,652.1466953365565,656.3428344726562,114467500,39.251377139694775,-2.2451260379531974,-2.534236697869323,8.222499353664658,4.397386159692733,-0.00839746055820656,0.014028617025024344,-0.009316523930962162,-0.00016358609958400105,-0.016594021470737852,0.0022891497024457585,1,-0.011979588367705851,-0.002371525104514438,-0.0010445557175992048,24.690000534057617,0.10321722340993555,1
2025-11-19,657.0389163187169,663.561773390439,655.020380360944,658.87841796875,94703000,41.86758880037151,-2.2063724106017992,-2.677299711077994,8.245277473366825,4.625921648657379,0.003863199783587179,0.01296353438898056,-0.00839746055820656,-0.009316523930962162,-0.00016358609958400105,0.0005563986064420767,2,-0.017379449139807712,-0.012723048242714419,-0.03220993127257399,23.65999984741211,-0.041717321359500015,0
2025-11-20,669.1001291109939,671.7351497651099,648.1991802397498,648.8355712890625,165293500,35.370216437306354,-2.6525020649842768,-3.2865868881231686,9.337469762794914,5.545821413748322,-0.015242336682765423,0.03627416647117608,0.003863199783587179,-0.00839746055820656,-0.009316523930962162,-0.016594021470737852,3,-0.0007596623344736653,-0.00470037739398288,-0.003393657809218742,26.420000076293945,0.11665258861714323,1
2025-11-21,651.3412595795126,660.7874729698119,647.1650267848305,655.2987670898438,123956200,41.646491172920015,-1.7795007579866713,-3.09528663187316,9.643539507236808,5.9354854095568905,0.009961222976632822,0.0207881456049096,-0.015242336682765423,0.003863199783587179,-0.00839746055820656,-0.00016358609958400105,4,0.005004968626192818,0.002135158282333016,0.02649985904159058,23.43000030517578,-0.11317183052550484,1
2025-11-25,664.8443455838128,672.3814460202411,660.7178178396566,671.1981811523438,81077100,53.87271245539694,-1.1683741630092437,-1.127196946188066,9.87564568419838,5.51980472612527,0.00940589965210692,0.01737732387855977,0.014718507062180475,0.009961222976632822,-0.015242336682765423,-0.00839746055820656,1,0.006379325379765044,-0.0005031399927912794,-0.024045919816566563,18.559999465942383,-0.09551661540434953,1
2025-11-26,673.7934667684052,677.8404309302599,672.8885849296569,675.8318481445312,71879600,56.83944734778422,-0.5414212350084513,-0.09558432095245856,9.644688833749651,5.254422585831738,0.006903575013019525,0.0073270385439782575,0.00940589965210692,0.014718507062180475,0.009961222976632822,0.003863199783587179,2,0.009701339501078321,0.007823847792720384,0.0006918255413923546,17.190000534057617,-0.07381459974709137,1
2025-11-28,677.0051081523229,679.7991961322198,676.6471609574353,679.5208129882812,49212000,59.09504248079052,1.6888917548678284,0.7947383815672392,9.239164487602428,5.3573234926742135,0.005458406338614941,0.004638614615677483,0.006903575013019525,0.00940589965210692,0.014718507062180475,-0.015242336682765423,4,0.001759244967720619,0.00023739953596257912,0.012268818728156106,16.350000381469727,-0.04886562690464402,0
2025-12-01,674.9667623359846,679.1230890446475,674.8971513739515,676.4185180664062,61201200,56.42446694851823,1.2412013550908905,1.1146174083629805,8.909485710940094,5.308763747539114,-0.004565415602551193,0.006247519187937318,0.005458406338614941,0.006903575013019525,0.00940589965210692,0.009961222976632822,0,0.0028958363395577003,0.0027439532389588184,0.0017303888613506846,17.239999771118164,0.05443421216412436,1
2025-12-02,678.0591325179204,679.9483994968172,675.4838303983408,677.67138671875,62953800,57.264411561756425,2.382570919245618,1.3355807296986475,8.591991667192682,5.250897935971906,0.0018522092741120044,0.006588103298995006,-0.004565415602551193,0.005458406338614941,0.006903575013019525,0.014718507062180475,1,-0.010376800697713517,-0.0018517565968828587,-0.018916516213251744,16.59000015258789,-0.03770299461483784,1
2025-12-03,676.7167950740063,681.0321891246488,675.8417725523884,680.0180053710938,57238500,58.86379935498995,3.6071348165870507,1.5497188518958631,8.349022017554658,5.43694228085824,0.0034627677932603795,0.0076327634434148195,0.0018522092741120044,-0.004565415602551193,0.005458406338614941,0.00940589965210692,2,0.005147215223840984,-7.216648415353522e-05,3.4068472876125355e-06,16.079999923706055,-0.03074142400187263,1
2025-12-04,681.4199577792665,681.4895687361658,677.4824173401821,680.51513671875,61970300,59.21206379660098,3.2838712211432926,1.6267915155023178,8.038888401728158,5.600930828582887,0.0007310561539983773,0.005888408912261689,0.0034627677932603795,0.0018522092741120044,-0.004565415602551193,0.006903575013019525,3,-0.0007232313780276556,-0.0009998346191202323,0.011383188755413887,15.779999732971191,-0.01865672836805088,1
2025-12-05,681.5890143183475,684.4925257185774,680.7040993957534,681.8078002929688,79241000,60.156646282879585,5.081754216773175,1.6609751499414518,7.748781301592393,5.790419048978683,0.0018995368427094927,0.0055564432105297355,0.0007310561539983773,0.0034627677932603795,0.0018522092741120044,0.005458406338614941,4,0.007948031436348257,0.0019398047902658977,0.023338005874962597,15.40999984741211,-0.023447394918898135,0
2025-12-08,682.7027235077143,682.7524282821314,677.7111260885928,679.7594604492188,55231500,57.86967664711728,3.7327543691260074,1.4494840779048799,7.55538993673141,5.888569130136913,-0.0030042775146746914,0.007416303099639223,0.0018995368427094927,0.0007310561539983773,0.0034627677932603795,-0.004565415602551193,0,0.006118044924436905,-0.0045207332851835424,-0.010514743774838742,16.65999984741211,0.08111615914194314,0
2025-12-09,679.2821528162136,681.5094606319436,678.7253258622812,679.1727294921875,58310100,57.19888748453904,2.139871543637997,1.1850683679794844,7.21458599622648,5.922611375877698,-0.0008631449669616043,0.0040993029442511104,-0.0030042775146746914,0.0018995368427094927,0.0007310561539983773,0.0018522092741120044,1,0.0007436755470962009,-0.0022654795308783005,0.0017838576893449698,16.93000030517578,0.016206510218282677,1
2025-12-10,678.6955405173951,685.0692222502689,677.4526176554032,683.6771850585938,85671300,60.94200069595883,1.8592130099079642,1.2235482482468583,7.243301610414998,6.05709946154533,0.00663226800901473,0.01114064468044663,-0.0008631449669616043,-0.0030042775146746914,0.0018995368427094927,0.0034627677932603795,2,0.004850726841454822,-0.00032136623783407536,0.001446369083828003,15.770000457763672,-0.06851741444195236,1
2025-12-11,681.2609148661827,685.3476304583654,678.3076987410943,685.26806640625,86173700,62.19935390365268,1.3962375830061133,1.2611338235196863,7.228775189476147,6.234975437131064,0.002326948130527251,0.010273252267817744,0.00663226800901473,-0.0008631449669616043,-0.0030042775146746914,0.0007310561539983773,3,-0.0013454552832339317,0.001400124455507079,-0.0010324879357999084,14.850000381469727,-0.05833862077290075,0
2025-12-12,684.2737056052856,684.9797075791527,675.3246617594549,677.9000244140625,113160300,53.5941071750596,-0.23851934234230757,0.7215766308291682,7.422677293570358,6.262135204266965,-0.010752057995096265,0.014242580722788768,0.002326948130527251,0.00663226800901473,-0.0008631449669616043,0.0018995368427094927,4,0.006815905160105107,0.004940209757392067,-0.008971449440367985,15.739999771118164,0.059932617291983625,0
2025-12-15,681.8574988128718,681.8774049984522,675.4042533093998,676.8758544921875,90811000,52.506688736881856,0.0676114585225403,0.25176848789340545,7.354854036104792,6.2612203450775725,-0.0015107978831542246,0.009563277587895023,-0.010752057995096265,0.002326948130527251,0.00663226800901473,-0.0030042775146746914,0,-0.004450334597116745,-0.0055858061486440125,0.013713791560089339,16.5,0.04828464040237068,0
2025-12-16,675.3843754405706,677.2239376857725,671.1584377196804,675.0264282226562,122030600,50.51355131704083,-0.3903010438290014,-0.20293394621548577,7.262757316818174,6.0878471551948445,-0.00273229759527871,0.008985574064207533,-0.0015107978831542246,-0.010752057995096265,0.002326948130527251,-0.0008631449669616043,1,0.0017952138344277113,0.010602114694527875,-0.013148834765094652,16.479999542236328,-0.0012121489553740261,0
2025-12-17,676.0406154817738,676.5874893555698,667.3998140691156,667.5986938476562,110625200,43.38972200461085,-1.8263209834657446,-0.9798642255552448,7.400251457506465,5.693425120603119,-0.011003620102041367,0.013762272711322639,-0.00273229759527871,-0.0015107978831542246,-0.010752057995096265,0.00663226800901473,2,-0.006316202356430267,-0.006819603676633257,-0.01564380883149441,17.6200008392334,0.06917483790429602,1
2025-12-18,673.7635606688432,676.8857972779194,671.0788959983324,672.6399536132812,108650100,48.67979186264479,-1.1572384919225511,-1.1200573216484133,7.535026598417659,5.318427611401737,0.0075513325776148665,0.008633000832605243,-0.011003620102041367,-0.00273229759527871,-0.0015107978831542246,0.002326948130527251,3,-0.00482950238238411,0.009241285499436147,0.002612061487778705,16.8700008392334,-0.04256526471497213,1
2025-12-19,674.747283458469,679.2350273728672,674.6275542880097,678.7363891601562,103599500,54.247798103018575,-0.4504804919352247,-0.7839150426998085,7.467887109929679,4.020250314710216,0.009063445479451815,0.0067883100986505145,0.0075513325776148665,-0.011003620102041367,-0.00273229759527871,-0.010752057995096265,4,0.00997096306092482,0.006496629044419944,-0.010316253606270642,14.90999984741211,-0.11618262562637516,1
2025-12-22,682.0772531068674,683.4933686131409,678.7364013691785,682.96484375,69556700,57.67762135547705,0.47154669957266554,-0.2842595923176008,7.274250848719319,2.9680099705895397,0.006229892278320159,0.006965171468919311,0.009063445479451815,0.0075513325776148665,-0.011003620102041367,-0.0015107978831542246,0,0.003673645762309219,0.006058324739348864,0.010320315449527051,14.079999923706055,-0.05566733281020897,1
2025-12-23,682.0572680421344,686.325640311278,682.0074163952171,686.0863037109375,64840000,60.05802215636786,1.017940491208949,0.2216920558272668,7.063106067815147,2.650385014642645,0.004570454818432879,0.006293995219995325,0.006229892278320159,0.009063445479451815,0.0075513325776148665,-0.00273229759527871,1,-0.000182378725184007,-0.0031725897089849298,0.018081804055375184,14.0,-0.005681812794001595,1
2025-12-29,685.6674092439482,687.322922191004,684.2014421207446,685.9765625,62559500,58.66881720428367,1.1914054868073491,0.7766438112012821,6.301342257429427,3.0436763722039823,-0.003563628207054803,0.004550417960175418,-0.00010141503224314619,0.0035176203055324873,0.004570454818432879,0.009063445479451815,0,0.002309747628824965,-0.0018707276255535144,0.006796599669848913,14.199999809265137,0.044117603747491074,0
2025-12-30,685.5777200962995,686.6846823672308,684.7100944386586,685.138916015625,47160700,57.60898047529784,1.2207647042804763,0.5960231374288583,5.992288376796767,3.056962527676696,-0.0012211007345822589,0.0028820256482513973,-0.003563628207054803,-0.00010141503224314619,0.0035176203055324873,0.006229892278320159,1,0.0004543371504233118,-0.00042552151614272393,-0.004403291230824835,14.329999923706055,0.009154937759653814,0
2026-01-05,684.6701449336617,687.5522884526621,684.5106074856512,685.846923828125,71927200,57.381719233349195,1.9634531288096502,-0.06311942659696834,6.057042493953136,3.093492320608059,0.006660113816063129,0.004434926893064408,0.0018330397334518356,-0.007408967373390696,-0.0012211007345822589,-0.00010141503224314619,0,0.0019979121291895385,0.001983528805121537,-0.0037097333321376436,14.899999618530273,0.02687797267378067,1
2026-01-06,686.0563439630641,690.4344019511112,685.9067890249802,689.92578125,69273800,61.01041273262677,1.648562279633938,0.23718098890473227,5.952073610312643,3.2899238264655377,0.005947183373089304,0.0065624637449088535,0.006660113816063129,0.0018330397334518356,-0.007408967373390696,-0.003563628207054803,1,0.013421290526643315,0.005376290269428763,0.029664992538551038,14.75,-0.010067088749702191,0
2026-01-07,690.3047811958188,692.0699799720542,687.4426026835383,687.701904296875,75588300,58.10552913859714,0.6936023999222141,0.24235328414973134,5.857452444470014,3.3695785136312355,-0.0032233567922274053,0.006728754507735442,0.005947183373089304,0.006660113816063129,0.0018330397334518356,-0.0012211007345822589,2,0.0009453560337111533,0.011804628925562666,0.013220920602806663,15.380000114440918,0.042711872165486,0
2026-01-08,686.9439569075789,688.7390423054183,685.6175622141362,687.632080078125,64019200,58.01213413831652,0.22530348715994308,0.19918809202641974,5.662025847813729,3.420973207247154,-0.00010153268198576093,0.004539462572670226,-0.0032233567922274053,0.005947183373089304,0.006660113816063129,-0.007408967373390696,3,0.009242274852987231,-0.007359696381653014,-0.010588690144494928,15.449999809265137,0.004551345533378326,1
2026-01-09,688.7489932725086,693.4162394407576,687.3029303433501,692.1796264648438,80125500,62.26609645307519,0.5344855877626098,0.42220450503960016,5.694260365641858,3.6400433794729925,0.006613342394092614,0.00883196913585844,-0.00010153268198576093,-0.0032233567922274053,0.005947183373089304,0.0018330397334518356,4,0.00020703439593106054,-0.0003483210855644847,-0.016256477185430107,14.489999771118164,-0.062135925566243366,1
2026-01-13,693.595779418591,694.194181802135,689.467040360938,691.8804931640625,78309700,61.092726666597024,0.860660696999032,0.5257935399944187,5.6086579004162305,3.9460232265271067,-0.0019994751058702853,0.0068323091746366835,0.0015704538117717881,0.006613342394092614,-0.00010153268198576093,0.005947183373089304,1,0.005688435714970463,0.001590244212975156,0.016092976786905133,15.979999542236328,0.056878284602278395,0
2026-01-14,689.1180078469732,689.8360176539858,684.1714948792828,688.479736328125,94676700,56.094031891379096,0.4876121082025664,0.21494716701908567,5.758682213585049,3.8664941836030287,-0.0049152373416185835,0.008227580966890337,-0.0019994751058702853,0.0015704538117717881,0.006613342394092614,-0.0032233567922274053,2,0.0006030351333312645,-0.0003254020554739334,0.030983306123394394,16.75,0.04818526156577807,1
2026-01-15,692.678285342935,693.5558934557131,689.3673203481677,690.3546142578125,77862000,58.12812853358457,1.5133706714360642,0.09482737718089584,5.7099304217281235,3.713112193406782,0.0027232143965294497,0.006067277629553383,-0.0049152373416185835,-0.0019994751058702853,0.0015704538117717881,-0.00010153268198576093,3,-0.005287821836599704,0.004636297096784814,0.014791460971354864,15.84000015258789,-0.054328349099230455,0
2026-01-16,691.7707369284135,692.359156800422,688.22043529661,689.7761840820312,79289200,57.246951802836755,1.2427333055500112,-0.05623233015320128,5.597701213305544,2.8969946891006897,-0.0008378739908954103,0.006000093362631686,0.0027232143965294497,-0.0049152373416185835,-0.0019994751058702853,0.006613342394092614,4,0.002616062728656443,0.005351321423907152,-0.004245955911555743,15.859999656677246,0.0012625949429734273,0
2026-01-20,679.6338820353151,682.9049778344743,674.7272992054969,675.7345581054688,111623300,40.998933980364505,-1.4744348004381274,-1.0778273175657045,6.272785760679027,2.6652226651816364,-0.020356785723545046,0.012101909737907706,-0.0008378739908954103,0.0027232143965294497,-0.0049152373416185835,0.0015704538117717881,1,-0.01336397848354065,-0.003898216449334191,-0.006537385769927684,20.09000015258789,0.2667087381764075,1
2026-01-21,677.7989248999835,686.8641332264262,676.2830453044572,683.5332641601562,127844500,49.56143398718852,-0.9265514151771306,-1.1952477023992163,6.619699286413203,2.4911727849835876,0.011541079202094462,0.015479989748516172,-0.020356785723545046,-0.0008378739908954103,0.0027232143965294497,-0.0019994751058702853,2,-0.010254448710892872,-0.006728581841727421,-0.011056910663935104,16.899999618530273,-0.1587854907829206,1
2026-01-22,687.9711412752974,689.2476843606095,685.0491285530771,687.103515625,77112200,52.92928202341386,-0.08701279844307087,-1.0069194747036718,6.555036494558919,2.438945365064698,0.005223230019727687,0.006110514226831249,0.011541079202094462,-0.020356785723545046,-0.0008378739908954103,-0.0049152373416185835,3,-0.005753875495068561,0.0011158317440294052,-0.004084854458907494,15.640000343322754,-0.07455617181351726,1
2026-01-23,686.2757685331861,689.0781127396581,685.2884137823622,687.352783203125,63059600,53.16441706600401,-0.040617196767240384,-0.8464688769681121,6.357512384754414,2.436447983462449,0.0003627802397405677,0.0055134700111862806,0.005223230019727687,0.011541079202094462,-0.020356785723545046,0.0027232143965294497,4,0.012030881045280939,0.0011836537874321262,0.01732366131105234,16.09000015258789,0.02877236568970143,1
2026-01-26,688.609372319757,692.2394730275811,688.0409174669724,690.84326171875,60473800,56.44540317230978,-0.19306617747750554,-0.5031267393121612,6.25245363044739,2.478110477697394,0.005078147060609828,0.006077435785018923,0.0003627802397405677,0.005223230019727687,0.011541079202094462,-0.0008378739908954103,0,0.0017798276715703665,-0.0006600150745134092,0.0029425169138517226,16.149999618530273,0.0037289910113973423,1
2026-01-27,692.2893344912051,694.6329705879123,691.6810104865692,693.5957641601562,55506100,58.89104219303033,0.047471136325358994,-0.10909947123290875,6.076543290355596,2.6064672449987665,0.003984264729684606,0.004256023830995339,0.005078147060609828,0.0003627802397405677,0.005223230019727687,-0.020356785723545046,1,0.0012999283717740617,0.0005422244797792519,-0.017858439575361262,16.350000381469727,0.012383948462139527,0
2026-01-28,695.1515053497095,695.9393926651097,692.0499903412962,693.5259399414062,61172200,58.80084252033859,0.2378223975962815,0.1161750599516953,5.920318935602593,2.709674657409041,-0.00010066990364987483,0.005608156955372367,0.003984264729684606,0.005078147060609828,0.0003627802397405677,0.011541079202094462,2,-0.0015497734286707976,0.005803526667471193,0.008476636916720626,16.350000381469727,0.0,0
2026-01-29,694.4933553961189,695.1615135683285,682.9648421722587,692.1497192382812,97486200,56.94939452547324,0.5330560532876976,0.14023342364732372,6.368629825635961,2.739034599948539,-0.0019843824489698125,0.01762143515638831,-0.00010066990364987483,0.003984264729684606,0.005078147060609828,0.005223230019727687,3,-0.002878168466492803,-0.005231236415704221,0.00047197083565930775,16.8799991607666,0.032415826723621866,0
2026-01-30,689.9058246991844,692.3192774332931,685.2485609149509,690.0853271484375,101835100,54.192887864537326,-0.039007070252511544,-0.007324897959045895,6.418778875114981,2.5256738227376676,-0.0029825802604032114,0.010246148179326996,-0.0019843824489698125,-0.00010066990364987483,0.003984264729684606,0.0003627802397405677,4,-0.02067971184493078,0.0017134851289264397,0.0003165485954070846,17.440000534057617,0.03317543845574367,1
2026-02-02,687.7019133171445,695.0318708971434,687.5423149981101,693.5159912109375,79286500,57.84457914710721,0.5421768995813134,0.09598435901589708,6.495262948252007,2.3975806696872928,0.004971362130935519,0.010799398995769299,-0.0029825802604032114,-0.0019843824489698125,-0.00010066990364987483,0.005078147060609828,0,0.009434582279083115,0.005082698864037338,-0.0009882792597332157,16.34000015258789,-0.06307341443720693,0
2026-02-03,694.3138377504575,695.0617950648859,682.1670182684101,687.6520385742188,107904600,50.44248567202633,1.763633415784237,-0.24226257942283702,6.952371080267997,2.3651048201489133,-0.00845539643070059,0.01875189205170098,0.004971362130935519,-0.0029825802604032114,-0.0019843824489698125,0.003984264729684606,1,0.010542849413210265,0.011551778683914549,-0.01252130850911859,18.0,0.10159117698350828,0
2026-02-04,688.4697490630058,689.5667896413613,679.9031787408285,684.3211059570312,105204600,46.78049847626814,0.11526019846934671,-0.6773333378692161,7.14603106742977,2.446558525482043,-0.004843921678897134,0.014121456749486274,-0.00845539643070059,0.004971362130935519,-0.0029825802604032114,-0.00010066990364987483,2,-0.0006746831564712341,-0.002610814672763362,0.03922653917446106,18.639999389648438,0.03555552164713549,0
2026-02-05,679.0854402743204,681.8279505601881,673.9494421186707,675.7744750976562,113610800,38.964218684926095,-1.6488113173222056,-1.4815941601360705,7.376433408210538,2.968799679696572,-0.012489211256201727,0.011658487752706068,-0.004843921678897134,-0.00845539643070059,0.004971362130935519,-0.0019843824489698125,3,-0.007172895082222519,0.008502530261357721,-0.007808765099505011,21.770000457763672,0.1679185177362963,1
2026-02-06,679.6039887472712,690.4244132010324,678.995603890688,688.739013671875,89127600,52.05168087431539,0.20167670847130972,-1.098926048699742,7.895969457865225,2.9667985293457004,0.019184711840951385,0.016593817227535803,-0.012489211256201727,-0.004843921678897134,-0.00845539643070059,-0.0029825802604032114,4,-0.004551409902676551,-0.0089499063786882,-0.008754667568403707,20.3700008392334,-0.06430866279706493,1
2026-02-09,687.5423060693106,693.9747512796714,686.4652913399738,692.0599975585938,73885200,54.72949634009307,0.17612328400173305,-0.605298427282688,7.868361635138969,2.964353251287231,0.004821832103010459,0.010850879932648983,0.019184711840951385,-0.012489211256201727,-0.004843921678897134,0.004971362130935519,0,0.009407530155095545,0.005878206672381259,0.008094695246961381,17.360000610351562,-0.1477663281723809,0
2026-02-10,693.0572335194393,694.64286887948,689.7761552680904,690.2349243164062,65185700,52.97842236874742,-0.48455310966604426,-0.3950300565322076,7.653958204871159,2.906781714877629,-0.002637160432080843,0.007050807543836637,0.004821832103010459,0.019184711840951385,-0.012489211256201727,-0.00845539643070059,1,0.011868562455381815,0.001581553254054846,0.03889619526094923,17.790000915527344,0.02476960196184419,0
2026-02-12,692.3491972008484,693.4561594586687,678.5169776231163,679.41455078125,118829000,43.433332051995365,-1.839944177257841,-0.864720486203433,8.193193545974053,3.0898301912562536,-0.0154488742279012,0.021988315997021307,-0.00023105881441631837,-0.002637160432080843,0.004821832103010459,-0.012489211256201727,3,-0.005270530310082733,0.011425738078685077,0.022826609072220228,20.81999969482422,0.17960340763780214,1
2026-02-13,679.833354327075,684.410879804094,675.6747287653898,679.8931884765625,96267500,43.915205450557615,-1.4769389046410877,-1.174898383493503,8.231976224026203,3.227142160933208,0.0007044854938154099,0.012849299252841881,-0.0154488742279012,-0.00023105881441631837,-0.002637160432080843,0.019184711840951385,4,-0.0001392386771728038,-0.006655706243244963,-0.00018558748840835637,20.600000381469727,-0.010566729902939609,1
2026-02-17,678.287593220413,683.074507822494,673.9394826742099,680.9901733398438,81354700,45.07014493097855,-1.8061325232346284,-1.2459456792843104,8.29647971861605,3.305193553840015,0.0016134664707250224,0.013414327410162616,0.0007044854938154099,-0.0154488742279012,-0.00023105881441631837,0.004821832103010459,1,-0.004574402894730878,0.0026133216865782405,-0.00238064465851473,20.290000915527344,-0.015048517485525714,1
2026-02-18,682.157061237011,687.2730943282486,680.9702998190471,684.4208374023438,73570300,48.632711415421,-0.4698889831802999,-1.0116164133133616,8.154073632229295,2.9765514363493666,0.005037758541617032,0.009208945965355398,0.0016134664707250224,0.0007044854938154099,-0.0154488742279012,-0.002637160432080843,2,0.007963023660453539,0.007876872400541135,-0.004223500030015592,19.6200008392334,-0.03302119497595557,0
2026-02-19,681.9775120282383,684.311104689823,679.6937101433548,682.61572265625,58649400,46.908780065060974,-0.2492080524677448,-0.9299964552858677,7.909291748426414,2.9984267336128254,-0.0026374339404172664,0.0067642663261557965,0.005037758541617032,0.0016134664707250224,0.0007044854938154099,-0.00023105881441631837,3,0.01119313806094313,0.012315037380375538,0.010206600763855045,20.229999542236328,0.031090656315525544,1
2026-02-20,680.4616860592505,688.1805961724377,679.8732661615737,687.5523071289062,100034000,51.92751751104717,1.7428642935275092,-0.5160112417342312,7.937723052886242,2.99857855922136,0.007231864589122949,0.01208246983499177,-0.0026374339404172664,0.005037758541617032,0.0016134664707250224,-0.0154488742279012,4,-0.009282327201879381,-0.00553987331609862,0.005669697418582587,19.09000015258789,-0.056351923650237334,0
2026-02-24,680.0427976196477,686.4751816677359,678.1479481229125,685.4779052734375,73798700,50.14421087471961,-0.9510869445389339,-0.42550409131102107,8.07604881714903,3.078555908734982,0.00726845293039502,0.012148069953475334,-0.010211314710874664,0.007231864589122949,-0.0026374339404172664,0.0016134664707250224,1,-0.010637823266805402,-0.00020587777859615297,-0.011173711051917334,19.549999237060547,-0.06949076515545527,1
2026-02-25,688.3002642742074,691.7907319065998,688.2204651135966,691.26220703125,56369500,55.095548071892196,0.14883088042250955,0.12650232741436157,7.950104375435694,3.0028002625359913,0.008438348943581309,0.005164851711388105,0.00726845293039502,-0.010211314710874664,0.007231864589122949,0.005037758541617032,2,-0.00022890164176947447,-0.0003837810947001641,0.008717721590947747,17.93000030517578,-0.082864398726613,0
2026-02-26,691.391808867856,691.4117130049051,682.486077089091,687.422607421875,71671000,51.443338149582004,-0.3844263800132246,0.22325902401967485,8.019785199748432,2.858674796739476,-0.005554476391621099,0.012984204795488098,0.008438348943581309,0.00726845293039502,-0.010211314710874664,-0.0026374339404172664,3,0.007591753589474282,0.011778438088773324,0.02201687465189761,18.6299991607666,0.03904064939635021,0
2026-02-27,681.2295779636313,684.9892686841309,679.7835149777827,684.1216430664062,83308900,48.46866107519782,0.6928159368597016,0.06346745961176842,7.992592860058707,2.7569402125657434,-0.004801943258527341,0.007609397771739414,-0.005554476391621099,0.008438348943581309,0.00726845293039502,0.007231864589122949,4,0.004491593187040399,0.0037292533342057066,0.002906460565279767,19.860000610351562,0.06602262506673928,1
2026-03-02,676.8515442239554,686.744509644098,676.1734035367807,684.5106201171875,87477200,48.84404417454647,0.6791407413525181,-0.01340826179190624,8.176772377720035,2.7014192473727032,0.0005685787823312971,0.015443304744501304,-0.004801943258527341,-0.005554476391621099,0.008438348943581309,-0.010211314710874664,0,-0.00018821471584207217,0.00589113858702528,0.001648907496561991,21.440000534057617,0.07955689200142912,0
2026-03-03,673.221445388408,680.7508704958498,667.8361281509542,678.4771118164062,105003100,43.545275607404164,-0.3690305120134785,-0.444121437699207,8.783752348328123,2.6231689614039677,-0.00881433848279567,0.019034897596354357,0.0005685787823312971,-0.004801943258527341,-0.005554476391621099,0.00726845293039502,1,-0.025559766100157533,-0.011960845844610324,-0.013475405572762833,23.56999969482422,0.09934697330735043,1
2026-03-04,679.7735096903759,685.2186606854194,677.7689744100875,683.2639770507812,79182200,48.334144332270284,-0.16902763451113748,-0.38249117547675077,8.688461914542682,2.6013491308593975,0.007055308353084655,0.010903086545682577,-0.00881433848279567,0.0005685787823312971,-0.004801943258527341,0.008438348943581309,2,-0.03439198024900558,-0.02745800231220319,-0.03062817923556449,21.149999618530273,-0.10267289383229639,0
2026-03-05,680.2223290726917,683.6629449535216,673.7699188745959,679.4544067382812,106606500,45.05834455960124,-0.46311794660503564,-0.5632330036986953,8.77450221199861,2.682462471177067,-0.005575546846393831,0.014560250078319643,0.007055308353084655,-0.00881433848279567,0.0005685787823312971,-0.005554476391621099,3,0.01743159508318537,0.007974035830672799,-0.03613265843189184,23.75,0.12293146233401209,0
2026-03-06,671.5758690877306,674.2685275228549,667.9358467743081,670.5487060546875,100687000,38.49087740900887,-2.473062907056876,-1.2103535902341123,8.970506337139652,3.0283080239706344,-0.013107135070836495,0.009444027989862967,-0.005575546846393831,0.007055308353084655,-0.00881433848279567,-0.004801943258527341,4,-0.016095996302471716,-0.014553763055818014,0.019034183254412085,29.489999771118164,0.24168420088918596,1
2026-03-09,664.5750801817165,678.0681991431876,660.5859743093405,676.4227294921875,102667700,44.26159086901389,-0.6037581925030592,-1.1699021108207195,9.578486229761612,3.111029426510423,0.008760025013039074,0.025845117367613572,-0.013107135070836495,-0.005575546846393831,0.007055308353084655,0.0005685787823312971,0,-0.009435802069008958,-0.012396948414613362,0.006201036337386112,25.5,-0.1353000950181722,0
2026-03-10,675.87413967305,681.4987932365287,672.9222404542279,675.3356323242188,81505300,43.44915574103561,-1.4795915187336333,-1.1421903253855399,9.506919554942986,3.051660490776467,-0.0016071269053671289,0.012699689416333594,0.008760025013039074,-0.013107135070836495,-0.005575546846393831,-0.00881433848279567,1,-0.007700391278563812,-0.0034322306080679654,-0.051997077028583916,24.93000030517578,-0.022352929208792838,0
2026-03-11,675.7345715953234,678.2277626375325,671.5061293267642,674.4879760742188,68441700,42.78962320739068,-2.4266090039944763,-1.106032388111019,9.307970537501935,3.041510737552507,-0.0012551629285171284,0.009965534671041611,-0.0016071269053671289,0.008760025013039074,-0.013107135070836495,0.007055308353084655,2,0.02389050791545877,0.015873964126298823,0.02882057275476657,24.229999542236328,-0.028078650395929716,0
2026-03-12,669.3319958917509,669.8207124533001,664.0564256954588,664.2459106445312,108882200,35.73191587811357,-3.371535432078114,-1.6634844005679392,9.38822624044894,3.5863913103614817,-0.015184948869363502,0.008677940903314127,-0.0012551629285171284,-0.0016071269053671289,0.008760025013039074,-0.005575546846393831,3,-0.01370965093617238,-0.005608842466483854,0.014322645516269716,27.290000915527344,0.12628978254650813,0
2026-03-13,667.4472371497842,670.5088831921612,659.5587462493693,660.4862060546875,97200200,33.54466073401669,-3.4548588326746605,-2.146296531482813,9.499791290616296,4.418221642884893,-0.005660109501006372,0.016578903302463907,-0.015184948869363502,-0.0012551629285171284,-0.0016071269053671289,-0.013107135070836495,4,-0.002131084763784985,-0.004693891159938901,-0.010402658716735402,27.190000534057617,-0.0036643597696923713,1
2026-03-16,666.5596317087426,670.239584206393,665.3030536555561,667.2078857421875,82023100,40.55107660319726,-2.52775250909004,-1.883226718848546,9.517904637836955,4.69793788559836,0.010176866111483163,0.007398789277416293,-0.005660109501006372,-0.015184948869363502,-0.0012551629285171284,0.008760025013039074,0,-0.006034906230809489,-0.004269689008081001,-0.01163116847267398,23.510000228881836,-0.13534388499059757,1
2026-03-17,670.5586914524959,672.60309589337,667.8760155087483,668.9630126953125,87128000,42.262813665310425,-1.402272671457226,-1.4791046465178042,9.223426460218779,4.862333722187411,0.00263055486997521,0.007066280638709512,0.010176866111483163,-0.005660109501006372,-0.015184948869363502,-0.0016071269053671289,1,0.00497800418691785,0.005506178509781856,-0.0012720444888959515,22.3700008392334,-0.048489977820074914,0
2026-03-18,666.5396583763402,667.8959397089973,659.3892034355257,659.6285400390625,82062600,36.2797540555624,-3.459195538704966,-1.712099658319465,9.248453803045066,5.353244274183735,-0.013953645387120184,0.012896252598421249,0.00263055486997521,0.010176866111483163,-0.005660109501006372,-0.0012551629285171284,2,0.007083266299332758,0.008325441952803159,-0.0009443112189317926,25.09000015258789,0.12159138181989015,0
2026-03-19,655.1806813207687,661.1743225351036,653.3855958813168,658.0029907226562,111272500,35.34144844567332,-3.1571531221060813,-1.8363456323798841,9.144187578098043,5.838329166103186,-0.0024643404851918405,0.011836916797646644,-0.013953645387120184,0.00263055486997521,0.010176866111483163,-0.015184948869363502,3,-0.009635948485259282,-0.009448633970776665,0.028659154888596383,24.059999465942383,-0.041052239154301895,0
2026-03-23,658.0700073242188,662.6199951171875,653.9400024414062,655.3800048828125,134802700,37.2158163615317,-3.1108837257985784,-2.1159759635355533,9.769116275785908,6.969868831031924,0.01050001924493782,0.013244213450383348,-0.01433577587250423,-0.0024643404851918405,-0.013953645387120184,0.010176866111483163,0,-0.02011295676233371,-0.014428399196353192,-0.0337959362394622,26.149999618530273,-0.023525057952272554,0
2026-03-24,651.3200073242188,657.030029296875,649.8800048828125,653.1799926757812,96457500,35.99343420657216,-3.280685719512117,-1.9297668203204852,9.582038285662808,7.191192359917903,-0.0033568497522664664,0.010946484115001905,0.01050001924493782,-0.01433577587250423,-0.0024643404851918405,0.00263055486997521,1,0.012228221858809452,-0.0024298125535194837,-0.0347939834453701,26.950000762939453,0.03059277843515873,1
2026-03-25,658.6699829101562,660.8900146484375,654.239990234375,656.8200073242188,90653800,39.53231179425525,-2.6194638565441033,-1.4249863551216126,9.44832283473377,6.873099769823668,0.0055727589473859585,0.010124576504838292,-0.0033568497522664664,0.01050001924493782,-0.01433577587250423,-0.013953645387120184,2,-0.0007481823944182064,0.00717592110513765,0.014302358248600155,25.329999923706055,-0.06011134669284157,0
2026-03-26,652.0599975585938,654.8499755859375,644.8200073242188,645.0900268554688,96494400,33.168151329352284,-2.8838542295992697,-1.7246223322706848,9.630585489395644,7.113419517433201,-0.017858744158138706,0.015548168231045907,0.0055727589473859585,-0.0033568497522664664,0.01050001924493782,-0.0024643404851918405,3,0.014143711295624861,0.014209409404700724,0.028655970762042182,27.440000534057617,0.08330045861456314,0
